source,pui,pmid,doi,title,year,journal,authors,pubtype,issn,volume,issue,pages
embase,2042914298,,10.1038/s41541-025-01356-x,Multi-antigen DNA vaccine targeting non-structural proteins confers robust T Cell-mediated protection against Zika virus,2026,npj Vaccines,"Santos, R.; Mekonnen, Z.A.; Yeow, A.E.L.; Whelan, D.M.; Al-Delfi, Z.; Eyre, N.S.; Beard, M.R.; Barouch, D.H.; O’Connor, D.H.; Masavuli, M.G.; Grubor-Bauk, B.",Article,20590105,11,1,35
embase,2044039755,41652392,10.1186/s12879-026-12791-z,"The emergence of autochthonous dengue fever in Iran: a comprehensive analysis of the first major outbreak in Sistan and Baluchestan Province, 2024",2026,BMC Infectious Diseases,"Abbasi, M.; Noori, E.S.; Mobaraki, F.; Dehghan, O.; Nikpour, F.; Raeisi, A.; Mirolyaie, A.; Alizadeh, M.; Koosha, A.; Yousefi, S.",Article,14712334,26,1,525
embase,2044913278,41827002,10.1186/s13071-025-07241-9,"Control and mitigation of dengue and Zika virus transmission in a hospital in Recife, Brazil: a successful experience with an integrated control program against Aedes aegypti",2026,Parasites and Vectors ,"Candida-Silva, H.E.; Ferreira, H.R.P.; Mendonça, J.D.A.; da Silva, R.A.; Krokovsky, L.; Martins, L.D.O.; Barbosa, K.E.D.S.; Ribeiro, F.J.; de Oliveira, C.M.F.; Ayres, C.F.J.; Paiva, M.H.S.; de Melo-Santos, M.A.V.",Article,17563305,19,1,174
embase,2045354598,42104518,10.1186/s40249-026-01450-9,"A rapid multiplex platform for simultaneous detection of chikungunya virus, dengue virus, and dengue serotyping based on isothermal amplification and lateral flow dipsticks",2026,Infectious Diseases of Poverty,"Liu, G.; Wu, X.; Chang, Y.; Zheng, M.; Liu, L.; Xia, X.; Feng, Y.",Article,20499957,15,1,52
embase,2046383183,,10.1186/s12982-026-02269-3,Assessing the readiness of rapid diagnostic tests for integration into the national dengue control strategy of India,2026,Discover public health,"Pise, K.H.; Chavan, S.; Gurav, Y.",Review,30050774,23,1,906
embase,2046217922,42251926,10.1016/j.cca.2026.121146,Biomarker-driven biosensing strategies for early risk stratification in severe dengue,2026,Clinica Chimica Acta,"Lim, W.Y.; Augustin, Y.; Krishna, S.; Khor, S.M.; Chung, I.",Article,18733492,591,,121146
embase,2047845416,42509367,10.1007/s00284-026-05001-1,Molecular and Serological Surveillance of Dengue Virus and Vector Dynamics in the Highlands of Southwestern Saudi Arabia,2026,Current Microbiology,"Ghzwani, A.H.; Alzubaidi, M.A.; Al-Mekhlafi, H.M.; Taha, M.M.E.; Eisa, Z.M.; Khawaji, T.K.; Zalah, A.A.; Abushushah, Q.M.A.; Ghazwani, K.M.; Mashlawi, A.M.; Atroosh, W.M.; Abdulhaq, A.A.; Otaen, A.A.; Abdelwahab, S.I.; Algaissi, A.",Article,14320991,83,9,495
embase,2047724992,42480195,10.1016/j.vaccine.2026.128929,Beyond neutralization: A comprehensive framework for evaluating humoral immunity induced by a live-attenuated tetravalent dengue vaccine,2026,Vaccine,"Gottardo, R.; Dean, H.; Nascimento, E.J.M.; Tricou, V.; Sharma, M.",Article,18732518,88,,128929
embase,2043820194,41833174,10.1016/j.talanta.2026.129666,Chopped optical biosensing enables temporal background subtraction for high-sensitivity fluorescence immunoassays,2026,Talanta,"Burg, S.; Teboul, Y.Y.; Cohen, M.; Ashkenazy, R.; Golani-Zaidie, L.; Terenteva, S.; Lustig, Y.; Indenbaum, V.; Koren, R.; Hoa, T.M.; Kim Tuyen, T.T.; Huyen, M.T.; Hoan, N.M.; Hoi, L.T.; Trung, N.V.; Schwartz, E.; Noam, Y.; Danielli, A.",Article,18733573,305,,129666
embase,2045115984,42061084,10.1016/j.phymed.2026.158184,Deciphering the core antiviral mechanism of Yinqiao powder: Inhibition of dengue virus adsorption mediated by wogonin via host receptor HSP90AA1 blockade,2026,Phytomedicine,"Guo, Z.; He, X.; Chen, B.; Zhang, Z.; Yu, J.; Zhao, W.; Chen, X.; Hu, Y.; Zuo, J.; Yu, L.; Fan, C.; Liu, J.",Article,1618095X,156,,158184
embase,2047332295,41206443,10.1093/inthealth/ihaf116,Combining non-structural protein 1 and IgM tests for acute dengue diagnosis in Saudi Arabia,2026,International Health,"Bin Suaydan, R.A.; Alsalem, W.S.; Zaki, E.A.; Stead, Z.S.; Alhejaili, A.Y.; Rajeh, A.A.; Alabbad, S.S.; Bukhari, D.; Aljurayyan, A.N.; Alshuwaier, A.; Alsalamah, R.; Alzaidi, A.A.; Molyneux, D.; Alsubki, R.A.",Article,18763405,18,4,
embase,2047615343,,10.1093/ofid/ofag422,"Accuracy and Usability of a New Rapid Diagnostic Test for the Diagnosis of Dengue in Vientiane, Laos",2026,Open Forum Infectious Diseases,"Phimolsannousith, V.; Sibounheuang, B.; Chanthongthip, A.; Vongsouvath, M.; Mayxay, M.; Mukaka, M.; Luangraj, M.; Newton, P.N.; Ashley, E.A.; Hopkins, H.; Dubot-Pérès, A.",Article,23288957,13,7,ofag422
embase,2046140427,42248681,10.1002/cmdc.70337,Synthesis and Evaluation of Aromatic Sulfonamide and Disulfonamide Derivatives as Dengue Virus NS3–NS5 Interaction Inhibitors,2026,ChemMedChem,"Janáč, J.; Drahorád, J.; Harvalík, J.; Horáčková, T.; Brinker, M.; Loregian, A.; Brancale, A.; Mercorelli, B.; Cuřínová, P.",Article,18607187,21,11,e70337
embase,2047768335,,10.64898/2026.06.13.731912,Serotype-Specific Detection of Non-Structural Protein 1 from Dengue Viruses by Surface-Enhanced Raman Spectroscopy: An Enhanced Precision Diagnosis,2026,bioRxiv,"Ghalawat, M.; Meena, V.K.; Basu, A.; Poddar, P.",Preprint,26928205,,,
embase,2045265279,42013869,10.1055/a-2828-3673,Characterization of imported dengue fever cases in Germany Results of a pilot project,2026,Deutsche Medizinische Wochenschrift,"Wintel, M.; Bernhard, J.; Beck, J.S.; Fuchs, A.; Tobian, F.; Lindner, A.K.; Mockenhaupt, F.P.; Denkinger, C.M.",Article,14394413,151,13,
embase,2046471221,42060779,10.1128/jcm.00013-26,Identification of multiple arbovirus infections/exposure in Northeastern Brazil using a multiplex microsphere immunoassay,2026,Journal of Clinical Microbiology,"Wang, W.-K.; Netto, E.M.; Hsieh, S.-C.; Chen, G.-H.; Falcão, M.B.; Pedroso, C.; Mayoral, R.; Costa, R.; Dai, Y.-C.; Salomon, R.C.; Tsai, J.-J.; de Moraes, L.; Boaventura, V.S.; Khouri, R.; Brites, C.",Article,1098660X,64,6,e00013-26
embase,2046657313,,10.3390/diagnostics16121799,"Analytical and Clinical Evaluation of the STANDARD M10 Arbovirus Panel for Dengue Detection, Serotyping, and Multiplex Arboviral Screening in the Americas",2026,Diagnostics,"Young Yusty, S.; Chen-Germán, M.; Arauz, D.; Vega, M.; Saenz, L.; Martínez-Montero, M.; Yanguez, C.; Moreno, B.; Eskildsen, G.A.",Article,20754418,16,12,1799
embase,651631466,,10.1111/vox.70275,Cost-effectiveness analysis on implementation of routine blood donor screening of dengue virus among blood donors in Kerala: A economic modelling study,2026,Vox Sanguinis,"Nair, A.R.; Gaitonde, R.",Conference Abstract,00429007,121,,
embase,2038090721,,10.21276/SSR-IIJLS.2026.12.3.6,Clinico-Demographic Profile and Economic Impact of Diagnostic Stewardship in Acute Febrile Illness: A Cross-Sectional Analysis,2026,SSR Institute of International Journal of Life Sciences,"Siddiqui, A.H.; Dubey, S.; Rajan, P.; Siddiqui, S.N.",Article,25818740,12,3,
embase,651418761,,10.1186/s12919-026-00375-3,"Dengue outbreak in a rural hill district of Senapati, Manipur, India, July-December 2023",2026,BMC Proceedings,"Apao, D.; Paul, A.; Dzeyie, K.; Loli, M.",Conference Abstract,17536561,20,17,24
embase,2038101912,,10.70034/ijmedph.2026.2.156,A CROSS SECTIONAL STUDY ON THE ASSOCIATION BETWEEN SERUM IONIZED CALCIUM LEVEL AND SEVERITY OF DENGUE FEVER,2026,International Journal of Medicine and Public Health,"Baranwal, D.; Tripathi, P.; Rasool, M.",Article,22308598,16,2,
embase,2038235532,,10.70034/ijmedph.2026.2.351,"STUDY OF THE EPIDEMIOLOGY OF DENGUE VIRAL INFECTION AND COMPARISON OF THE EFFICACY OF RAPID TEST VERSUS ENZYME LINKED IMMUNOSORBENT ASSAY METHOD FOR DETECTION OF NS1, IGM AND IGG ANTIBODIES",2026,International Journal of Medicine and Public Health,"Mymoona, S.K.; Chaitanya, D.",Article,22308598,16,2,
embase,2042866350,41601210,10.1111/tmi.70088,Evaluating Three Rapid Tests for Dengue in Febrile Patients in a Dengue-Endemic Area,2026,Tropical Medicine and International Health,"Zapata-de la Cruz, M.; Martínez-Vega, R.A.; Guzmán-Priego, C.G.; Chihu-Amparán, L.; Pedroza-Saavedra, A.; Ríos-Blancas, M.J.; Falcon-Lezama, J.A.; Tapia-Conyer, R.; Ramos-Castañeda, J.",Article,13653156,31,4,
embase,2045234665,42030262,10.1371/journal.pone.0344532,Profiles of stress hormones in relation to DENV serotypes among dengue-positive patients,2026,PLOS ONE,"Anwar, M.; Waheed, A.; Fatima, T.; Khan, S.; Shahzad, M.; Roome, T.; Ahmed, I.; Kim, S.; Hassan, Z.U.; Aurongzeb, M.; Quraishy, M.S.; Khan, S.A.",Article,19326203,21,4 April,e0344532
embase,2046293419,40882150,10.4103/jvbd.jvbd_136_25,Diagnostic accuracy of three dengue NS1 antigen ELISA kits in comparison to chemiluminescence immunoassay,2026,Journal of Vector Borne Diseases,"Vinitha, K.; Sulochana, S.; Banu, N.F.; Ramanathan, S.; Wadhwa, V.",Article,09729062,63,2,
embase,651046439,42044185,10.1371/journal.pntd.0014295,Improved and customized dengue serodiagnostics through combined NS1/IgM testing and novel dual-cut-off IgG ELISA,2026,PLoS neglected tropical diseases,"Saschenbrecker, S.; Muigg, N.; Klemens, O.; Klemens, J.M.",Article,19352735,20,4,
embase,2035077677,40571886,10.1007/s12033-025-01469-7,"Uncovering the Unique Epitopes: Validation of In-Silico Synthesized Tetravalent Dengue Vaccine (dvac) Through Cloning, Expression, and Immunogenic Analysis",2026,Molecular Biotechnology,"Nasar, S.; Iftikhar, S.; Nadeem, M.S.",Article,15590305,68,3,
embase,2043324035,,10.1016/j.btre.2026.e00951,Development of anti-dengue virus D8 neutralizing monoclonal antibody production in Nicotiana benthamiana,2026,Biotechnology Reports,"Niyompun, G.; Rattanapisit, K.; Jaratsittisin, J.; Suwanchaikasem, P.; Sootichote, R.; Sittikul, P.; Pitaksajjakul, P.; Ramasoota, P.; Phoolcharoen, W.",Article,2215017X,49,,e00951
embase,2043393668,41720296,10.1016/j.jim.2026.114041,"Two technologies, one goal: Developing and evaluating anti-Zika virus NS1 antibodies using phage display and hybridoma technologies for diagnostic applications",2026,Journal of Immunological Methods,"Pantigny, R.; Combe, M.; Roesch, C.; Gadea, G.; Miltcheff, A.; Daniel, S.; Martineau, P.",Article,18727905,547,,114041
embase,2044202853,,10.69605/ijlbpr_15.3.2026.81,A Comparative Study of Hematological Parameters in Dengue NS1 Antigen and IgM Positive Cases,2026,International Journal of Life Sciences Biotechnology and Pharma Research,"Jain, S.; Goyal, S.; Goyal, R.",Article,22503137,15,3,
embase,650293785,41708567,10.1007/s00604-026-07917-8,"Plasmonic sensors for dengue virus detection: technological advances, challenges, future directions",2026,Mikrochimica acta,"Ashrafi, T.M.S.; Mohanty, G.",Review,14365073,193,3,
embase,2042592162,,10.1016/j.eimc.2025.503074,Dengue serotypes and their severity correlation: A hospital-based observational study,2026,Enfermedades Infecciosas y Microbiologia Clinica,"Dinkar, A.; Singh, J.",Article,15781852,44,2,503074
embase,2042695791,41578914,10.1002/jmv.70820,Utility of Recombinant Envelope Domain III as a Diagnostic Antigen for the Specific Detection of Kyasanur Forest Disease,2026,Journal of Medical Virology,"Hafeez, S.; Achur, R.; Vijay, V.; Sreekumar, E.; Srinivasan, A.; Kumari, S.; Thippeswamy, N.B.",Article,10969071,98,2,e70820
embase,2043166187,,10.3390/diagnostics16030395,Combined Analytical and Clinical Performance Evaluation of a Novel Dengue NS1 Rapid Test in a Real-World Endemic Setting,2026,Diagnostics,"Szekely, J.; Duereh, H.; Mongkolprasert, J.; Senorit, C.; Pattoom, W.; Suebsaiorn, R.; Woraphan, S.; Swangphon, P.",Article,20754418,16,3,395
embase,2043667270,,10.4103/jpbs.jpbs_1653_25,Clinical and Epidemiological Profile of Liver Dysfunction in Dengue Fever-A Cross-Sectional Study,2026,Journal of Pharmacy and Bioallied Sciences,"Davis, M.; Varghese, S.; Thankachan, M.P.",Article,09757406,18,,
embase,2044157648,41662405,10.1371/journal.pntd.0013984,"Assessing the diagnostic performance of clinical, serological and molecular approaches to improve dengue case detection in the Peruvian Amazon",2026,PLOS Neglected Tropical Diseases,"Hauner, A.; Aroni-Sierra, J.; Merino, X.; Villa, C.; Torres, F.; Lagatie, O.; Talledo, M.; Ariën, K.K.; Falconi-Agapito, F.",Article,19352735,20,2,e0013984
embase,2042963894,,10.2139/ssrn.6073293,Low-cost automation of sequential reagent delivery in gravity-driven microfluidic siphons,2026,SSRN,"Gill, K.K.; Gough, D.; Needs, S.H.; Jégouic, S.; Edwards, A.D.; Reis, N.M.",Preprint,15565068,,,
embase,649952397,41545441,10.1038/s41598-026-35952-1,Evaluation of polyclonal antibodies raised in rabbits against dengue NS1 antigen,2026,Scientific reports,"Abraham, P.R.; Devaraju, P.; L, B.; Prasad, E.; S, V.S.; Dhotre, A.; Ramachandrappa, N.K.; Venkata, S.M.; Kumar, A.",Article,20452322,16,1,
embase,2037739919,,10.32598/jpr.14.1.369.7,"An Outline of Dengue Fever in Iran, Focusing on Pediatric Manifestations and Case Management: A Narrative Review",2026,Journal of Pediatrics Review,"Hajialibeig, A.; Enayati, A.A.; Hosseinzadeh, F.; Taji, M.; Rezai, M.S.",Review,23224401,14,1,
embase,2037755857,,10.5455/rmj.20251022040439,Diagnostic performance of dengue rapid diagnostic tests in Indonesia: A comparative study,2026,Rawal Medical Journal,"Siregar, J.; Wijaya, H.; Pradigo, R.; Santoso, M.; Sasmono, T.; Lubis, I.N.D.",Article,03035212,51,1,
embase,2038266380,,10.5281/zenodo.20696076,Study of High Fluorescent Lymphocyte Count (HFLC) in the Sysmex XN-350 Hematology Analyzer in Dengue Infection,2026,International journal of advanced biotechnology and research,"Subiksha, R.; Ganesamoorthy, V.K.; Edwin, D.; Priya Banthavi, S.",Article,2278599X,17,2,
embase,2042298804,40495084,10.1007/82_2025_307,Diagnostic Techniques for Dengue Virus,2026,Current Topics in Microbiology and Immunology,"Gularte, J.S.; Strottmann, D.M.; Spilki, F.R.; Zanluca, C.",Chapter,21969965,447,,
embase,2042637231,41583452,10.3389/fimmu.2025.1696179,Pilot proteomic analysis of immune dysregulation in dengue with prior SARS-CoV-2 infection,2026,Frontiers in Immunology,"Cruz-Altamirano, E.; Mayoral-Chávez, M.A.; Ramírez-Palacios, L.R.; Quirino-Vela, L.M.; Cruz-Hernández, D.S.; Aguilar-Ruíz, S.R.; Alpuche, J.",Article,16643224,16,,1696179
embase,2042907535,41624861,10.3389/fimmu.2025.1731011,Aberrant systemic acute-phase complement responses in conjunction with soluble CR1 attribute to varying grades of dengue disease severity,2026,Frontiers in Immunology,"Anshad, A.R.; Saravanan, S.; Murugesan, A.; Vighnesh, R.; Raju, S.; Kannan, R.; Yong, Y.K.; Larsson, M.; Shankar, E.M.",Article,16643224,16,,1731011
embase,2043543540,41557724,10.1371/journal.pntd.0013883,"Tracking the clinico-microbiological profile and molecular characterization of dengue cases during the monsoon-season in Belagavi, Karnataka",2026,PLOS Neglected Tropical Diseases,"Patil, R.; Kavathekar, A.; Prabhu, M.; Patil, M.; Kejriwal, A.; Zaman, K.; Bhat, J.; Roy, S.",Article,19352735,20,1,e0013883
embase,2043995798,,10.18231/j.ijmmtd.14789.1769853200,Alteration of hematological and biochemical parameters in dengue: Implication for patient management,2026,IP International Journal of Medical Microbiology and Tropical Diseases,"Gupta, P.K.; Bisht, D.; Aggarwal, V.; Dhandayuthapani, S.",Article,25814761,12,1,
embase,2043996067,,10.18231/j.ijmmtd.13488.1767776891,Comparison of ELFA and ELISA in diagnosis of early dengue infection among suspected cases of acute febrile illness attending a tertiary care hospital,2026,IP International Journal of Medical Microbiology and Tropical Diseases,"Urs, T.A.; Sri Vidya, M.S.; Chinchana, E.S.; Badveti, S.; Vasimalli, V.K.",Article,25814761,12,1,
embase,2045337717,,10.25258/ijcpr.18.2.98,Original Research article: Study of Evaluation of a Novel Commercial Rapid Test for Early Detection of Acute Dengue Infection,2026,International Journal of Current Pharmaceutical Review and Research,"Bhalsod, A.; Tilwani, K.; Shah, S.N.",Article,0976822X,18,2,
embase,2045879524,,10.18231/j.ijmmtd.15541.1775291899,"Early diagnosis of dengue fever in a tertiary care hospital, India-A cross-sectional study",2026,IP International Journal of Medical Microbiology and Tropical Diseases,"Gogoi, R.; Choudhury, G.; Nath, A.",Article,25814761,12,2,
embase,2047556428,42148577,10.1128/spectrum.03669-25,"Multicenter evaluation of a single-device dengue antibody/antigen rapid test for simultaneous detection of NS1, IgM, and IgG",2026,Microbiology Spectrum ,"Zhao, Z.; Shincy, M.R.; Teoh, L.S.; Ravikumar, K.L.; Ong, H.; Mak, M.; Du, Y.; Alam, M.S.; Xu, N.",Article,21650497,14,7,
embase,2047871450,,10.21276/amit.2026.v13.i1.596,"Assessment of Molecular Prevalence of Dengue Serotypes Among the Viremia Cases of YSR Kadapa District of Andhra Pradesh, India by TaqMan Assay",2026,Acta Medica International,"Kumar, B.G.R.; Srilatha, B.N.; Geetanjali, T.; Mohiddin, S.K.",Article,23490896,13,1,
embase,2047954521,,10.25258/ijpqa.17.7.18,Study of Correlation of Platelet Indices for Prognostication In Viral Hemorrhagic Fever In Pediatric Age Group,2026,International Journal of Pharmaceutical Quality Assurance,"Farheen, G.; Sushmitha, J.; Biradar, S.P.",Article,09759506,17,7,
embase,2047960754,,10.25258/ijddt.16.73s.34,Association of Severity of Dengue Fever with Gallbladder Wall Thickness: A Cross-Sectional Observational Study at a Tertiary Care Hospital,2026,International Journal of Drug Delivery Technology,"Jayanandini, R.; Revathy, E.; Subbulakshmi, S.; Suresh, K.",Article,09754415,16,73,
embase,649893858,41516578,10.3390/s26010145,"Next-Generation Diagnostic Technologies for Dengue Virus Detection: Microfluidics, Biosensing, CRISPR, and AI Approaches",2025,"Sensors (Basel, Switzerland)","El Kabbani, S.; Saleh, G.",Review,14248220,26,1,
embase,2040935313,41241478,10.1016/j.aca.2025.344756,Biowaste-derived gold nanoparticles on reduced graphene oxide: An innovative nanoplatform for the label-free immunosensing of dengue NS1,2025,Analytica Chimica Acta,"Parkhe, V.; Ghatage, M.; Rokade, K.; Dongale, T.; Song, L.; Bulakhe, R.N.; Kim, J.M.; Tiwari, A.P.",Article,18734324,1380,,344756
embase,2032604345,39674822,10.1007/s00430-024-00810-2,Significance of diagnostic and therapeutic potential of serum endothelial and inflammatory biomarkers in defining disease severity of dengue infected patients,2025,Medical Microbiology and Immunology,"Ghosh, P.; Saha, B.; Kaveri, K.; Tripathi, A.",Article,14321831,214,1,3
embase,2032809916,39747846,10.1038/s41467-024-53916-9,Dengue virus IgG and neutralizing antibody titers measured with standard and mature viruses are protective,2025,Nature Communications ,"Odio, C.D.; Daag, J.V.; Crisostomo, M.V.; Voirin, C.J.; Coello Escoto, A.; Adams, C.; Dahora Hein, L.; Aogo, R.A.; Mpingabo, P.I.; Raimundi Rodriguez, G.; Firdous, S.; Abad Fernandez, M.; White, L.J.; Agrupis, K.A.; Deen, J.; de Silva, A.M.; Ylade, M.; Katzelnick, L.C.",Article,20411723,16,1,191
embase,2033131771,39891046,10.1186/s12879-025-10544-y,Risk factors for dengue mortality: a 7-year retrospective cohort in Honduras,2025,BMC Infectious Diseases,"Sauceda-Acosta, D.; Almendares, S.P.P.; Cárcamo, E.; Zúniga-Gutiérrez, M.; Beltrán, B.; Rivera, M.F.; Rodríguez, M.M.; Enamorado, J.",Article,14712334,25,1,147
embase,2033370512,39972499,10.1186/s12929-025-01122-0,The zinc finger protein ZFP36L2 inhibits flavivirus infection via the 5′-3′ XRN1-mediated RNA decay pathway in the replication complexes,2025,Journal of Biomedical Science,"Lin, R.-J.; Lin, L.-H.; Chen, Z.-P.; Liu, B.-C.; Ko, P.-C.; Liao, C.-L.",Article,14230127,32,1,27
embase,2033370513,39972477,10.1186/s12929-024-01116-4,A non-structural protein 1 substitution of dengue virus enhances viral replication by interfering with the antiviral signaling pathway,2025,Journal of Biomedical Science,"Hee, J.-R.; Cheng, D.; Chen, Y.-H.; Wang, S.-H.; Chao, C.-H.; Huang, S.-W.; Ling, P.; Wan, S.-W.; Chang, C.-P.; Chu, J.J.H.; Yeh, T.-M.; Wang, J.-R.",Article,14230127,32,1,25
embase,2036394584,41023869,10.1186/s12879-025-11617-8,Detection of probable hantavirus infections in clinically suspected dengue patients in a tertiary care hospital in Sri Lanka,2025,BMC Infectious Diseases,"Ekanayake, E.; Govinna, M.; Wakkumbura, S.; Samarajeewa, Y.; Arachchige, N.; Weerathunga, A.; Rajamanthri, L.; Ranawaka, G.; Pattiyakumbura, T.; Dasanayake, D.; Muthugala, R.",Article,14712334,25,1,1193
embase,2041056163,41183705,10.1016/j.jim.2025.114000,Development of a sensitive sandwich ELISA for the envelope domain III protein of dengue virus type 2,2025,Journal of Immunological Methods,"Ma, Z.; Su, J.; Han, Z.; Ren, X.; Guo, J.; Jiang, L.; Zhao, S.",Article,18727905,545,,114000
embase,2042113991,41440283,10.3390/bios15120802,An Improved Dengue Virus Serotype-Specific Non-Structural Protein 1 Capture Immunochromatography Method with Reduced Sample Volume,2025,Biosensors,"Sretapunya, W.; Buranachat, T.; Prasomthong, M.; Tantikorn, R.; Sa-ngarsang, A.; Naemkhunthot, S.; Meephaendee, L.; Wongjaroen, P.; Tanaka, C.; Shimadzu, Y.; Ogata, K.; Kaihatsu, K.; Morita, R.; Shirano, M.; Phadungsombat, J.; Sasaki, T.; Kubota-Koketsu, R.; Samune, Y.; Nakayama, E.E.; Shioda, T.",Article,20796374,15,12,802
embase,2042576459,,10.24171/j.phrp.2025.0254,Early detection of dengue through rapid diagnostic testing at airport quarantine: a case study from the Republic of Korea (2022–2024),2025,Osong Public Health and Research Perspectives,"Do, K.H.; Oh, J.W.",Article,22336052,16,6,
embase,2039987775,40803240,10.1016/j.jiph.2025.102919,Performance comparison of two dengue NS1 rapid diagnostic tests against RT-PCR: Sensitivity and specificity across infections and timeframes,2025,Journal of Infection and Public Health,"Liu, L.-T.; Chen, P.-C.; Lin, C.-H.; Huang, S.-Y.; Chen, C.-H.; Tsai, C.-Y.; Lin, P.-C.; Yang, C.-Y.; Tsai, J.-J.",Article,1876035X,18,11,102919
embase,2041492799,,10.3390/vaccines13111103,CD4@sup_begin+@sup_end T Cells Are Key to Shaping a Protective Humoral Immunity in Primary Dengue 2 Virus Infection: Implications for Rational Vaccine Design,2025,Vaccines,"Miranda-Santiago, A.E.; Serrano-Collazo, C.; Cruz, L.A.; Henein, S.; Alvarez, L.; Arana, T.; Sánchez-Bibiloni, J.L.; Martinez, M.I.; Roman, C.; Burgos, A.G.; Ramos-Benitez, M.J.; Caro-Rivera, L.M.; Brien, J.D.; Pinto, A.K.; de Silva, A.M.; Sariol, C.A.",Article,2076393X,13,11,1103
embase,2037264035,,10.70034/ijmedph.2025.4.34,"EVALUATING CLINICAL, LABORATORY, AND IMAGING MARKERS IN DENGUE: ASSOCIATIONS WITH DISEASE SEVERITY AND NS1 ANTIGEN LEVELS",2025,International Journal of Medicine and Public Health,"Rai, A.; Sheoran, S.; Tiwari, D.; Vohra, G.S.; Kaur, G.; Aggarwal, R.; Ajay, G.; Mittal, P.",Article,22308598,15,4,
embase,2037407890,41171893,10.1371/journal.pntd.0013168,Engineered Nanobodies for early and accurate diagnosis of dengue virus infection,2025,PLOS Neglected Tropical Diseases,"Pavan, M.F.; Malnero, C.M.; Alvarado, M.E.M.; Carzoglio, M.C.; Rojas, Y.P.; Bruno, A.; Vidakovics, L.P.; Hanke, L.; Castello, A.; McInerney, G.; García, C.C.; Parreño, V.; Ibañez, L.I.",Article,19352735,19,10,e0013168
embase,2037449994,,10.70034/ijmedph.2025.4.254,A PROSPECTIVE STUDY ON CLINICAL AND LABORATORY PREDICTIVE MARKERS OF DENGUE FEVER IN CHILDREN IN TERTIARY CARE HOSPITAL,2025,International Journal of Medicine and Public Health,"Sura, B.; Nareddy, V.A.; Naveen, S.R.",Article,22308598,15,4,
embase,2037450022,,10.70034/ijmedph.2025.4.249,MEAN PLATELET VOLUME AS A PREDICTOR OF CLINICAL OUTCOMES IN DENGUE FEVER: A PROGNOSTIC STUDY,2025,International Journal of Medicine and Public Health,"Sathiyanarayanan, S.; Krithiga, M.; Kumar, V.L.; Jeyaprakash, P.; Vijayabaskar, P.",Article,22308598,15,4,
embase,2037450069,,10.70034/ijmedph.2025.4.217,EARLY PREDICTION OF SEVERE DENGUE IN PATIENTS WITH MILD TO MODERATE ILLNESS WITH SPECIFIC AND NON-SPECIFIC LABORATORY MARKERS,2025,International Journal of Medicine and Public Health,"Sharmila, S.; Gayathiri, R.; Debbarma, D.",Article,22308598,15,4,
embase,2037728612,,10.70034/ijmedph.2025.4.445,"A COMPARATIVE STUDY OF RAPID IMMUNOCHROMATOGRAPHY TEST WITH ELISA FOR DETECTION OF DENGUE NS1 ANTIGEN, IgM AND IgG ANTIBODY",2025,International Journal of Medicine and Public Health,"Kumari, S.; Shailendra, K.",Article,22308598,15,4,
embase,2040195403,40835166,10.1016/j.jiac.2025.102797,"Dengue virus serotype 4 infection diagnosed not by rapid antigen test, but by real-time reverse transcription-PCR and enzyme-linked immunosorbent assay: A case report",2025,Journal of Infection and Chemotherapy,"Oshiro, R.; Hayakawa, K.; Maeki, T.; Tajima, S.; Taniguchi, S.; Lim, C.-K.; Akiyama, Y.; Yamamoto, K.; Ide, S.; Furumoto, A.; Ohmagari, N.",Article,14377780,31,10,102797
embase,648896075,,10.1093/clinchem/hvaf086.275,Development and basic performance of a dengue virus NS1 detection reagent based on Chemiluminescent Enzyme Immunoassay,2025,Clinical Chemistry,"Kuroda, N.; Takahashi, R.; Tanaka, C.; Ando, T.; Takahashi, K.; Nambara, D.; Kojima, S.; Aoyagi, K.",Conference Abstract,00099147,71,,
embase,2040927962,,10.1101/2025.09.07.674709,Utility of recombinant envelope domain III as a diagnostic antigen for the specific detection of Kyasanur Forest Disease,2025,bioRxiv,"Hafeez, S.; Achur, R.; Sreekumar, E.; Srinivasan, A.; Kumari, S.; Thippeswamy, N.B.",Preprint,26928205,,,
embase,2038633594,40344737,10.1016/j.ejmech.2025.117717,"Design, synthesis and biological evaluation of dapsone derivatives with broad-spectrum antiviral activity",2025,European Journal of Medicinal Chemistry,"Lin, R.; Han, J.; He, Y.; Xie, L.; Gao, T.; Chen, Y.; Zhong, Y.; Ding, Q.; Cheng, K.; Yao, X.; Chen, Z.",Article,17683254,293,,117717
embase,2035241613,,10.1007/s13337-025-00930-0,"Correlation of clinical, biochemical and molecular profile of dengue with disease severity",2025,VirusDisease,"Thakur, P.; Ratho, R.K.; Sharma, N.; Bora, I.; Singh, M.P.; Thakur, V.",Article,23473517,36,3,
embase,2039571008,40651102,10.1016/j.ejcb.2025.151505,Vimentin intermediate filaments facilitate transportation of hepatitis C virus components,2025,European Journal of Cell Biology,"Xing, Y.; Cui, S.; Huang, X.; Zhao, W.; Li, H.; Zhao, J.; Chang, W.; Zhao, S.; Zhong, J.; Chen, Y.; Jiu, Y.",Article,16181298,104,3,151505
embase,2040935811,40838750,10.1128/jvi.00962-25,Coatomer protein complex I is required for efficient secretion of dengue virus non-structural protein 1,2025,Journal of Virology,"Johnson, S.M.; Centofanti, S.M.; Bracho, G.; Beard, M.R.; Carr, J.M.; Eyre, N.S.",Article,10985514,99,9,
embase,2043893655,,10.46347/jmsh.v11.i3.25.92,Clinical and Laboratory Profile of Dengue Infection: A Study from a Tertiary Care Hospital in Coastal Karnataka,2025,Journal of medical Sciences and health,"D’souza, T.J.; Prabhu, K.; Bhat, P.N.; Ganesh Nayak, S.",Article,23949481,11,3,
embase,646864390,40097175,10.3343/alm.2024.0558,Sensitivity and Specificity of an All-in-One Cartridge-based Dengue Real-time Reverse Transcription-PCR for Point-of-Care Detection and Serotyping of Dengue Virus in Samples from Indonesian Patients,2025,Annals of laboratory medicine,"Santoso, M.S.; Arguni, E.; Rana, B.; Adiniko, M.E.; Denis, D.; Supriyati, E.; Indriani, C.; Trianty, L.; Ahmad, R.A.; Noviyanti, R.; Sasmono, R.T.",Article,22343814,45,5,
embase,2035582762,40751696,10.1002/jmv.70541,Prospective Evaluation of the FUJIFILM SILVAMP Dengue NS1 Ag for Early Dengue Detection: A Multicenter Study in Thailand,2025,Journal of Medical Virology,"Limothai, U.; Tachaboon, S.; Dinhuzen, J.; Wanpaisitkul, M.; Chulapornsiri, C.; Tiawilai, A.; Tiawilai, T.; Sukmark, T.; Dokpong, C.; Tantawichien, T.; Thisyakorn, U.; Srisawat, N.",Article,10969071,97,8,e70541
embase,2035824242,40838976,10.1002/jmv.70569,Dominance of DENV-1 and Flavivirus Serological Cross-Reactivity During the 2016 Dengue Outbreak in Vietnam,2025,Journal of Medical Virology,"Anh, D.D.; Loc, D.H.; Tong, H.V.; Dieu, D.T.H.; Hang, N.T.; Lanh, N.H.; Nhung, N.T.H.; Kremsner, P.G.; Song, L.H.; Toan, N.L.; Velavan, T.P.",Article,10969071,97,8,e70569
embase,2040188180,,10.53555/7nhf5c62,"A COMPARATIVE STUDY OF DENGUE RAPID IMMUNO CHROMATOGRAPHIC CARD TEST WITH DENGUE ELISA AT TERTIARY CARE CENTRE, SOUTHERN RAJASTHAN.",2025,Journal of Population Therapeutics and Clinical Pharmacology,"Soni, R.; Bhatnagar, R.",Article,25618741,32,7,
embase,2039913493,,10.1101/2025.07.23.25332048,Diagnostic Performance and Regulatory Readiness of Dengue Rapid Diagnostic Tests Commercially Available in the United States,2025,medRxiv,"Desale, H.; Jones, F.K.; Vila-Hereter, F.; Carrion, J.; Beltran, M.; Colon-Sanchez, C.; Diaz, C.; Leon, G.C.-D.; Avilés, C.R.; Burgos-Garay, M.; DeByle, C.; Rodríguez Stewart, R.M.; Rivera, A.J.; Rovira-Diaz, E.; Adams, L.; Paz-Bailey, G.; Santiago, G.A.; Medina, F.A.",Preprint,,,,
embase,2039656837,40587809,10.1073/pnas.2502793122,Genetic ancestry shapes dengue virus infection in human skin explants,2025,Proceedings of the National Academy of Sciences of the United States of America,"Castanha, P.M.S.; Martí, M.M.; Duangkhae, P.; Taddonio, J.M.; Cooper, K.L.; Wallace, M.; Kettenburg, G.; Erdos, G.; Chavva, H.; Alex, A.; Rubin, J.P.; Watkins, S.C.; Falo, L.D.; Marques, E.T.A.; Martinson, J.J.; Barratt-Boyes, S.M.",Article,10916490,122,28,e2502793122
embase,2035479307,40710103,10.3390/bios15070453,Sensitivity and Cross-Reactivity Analysis of Serotype-Specific Anti-NS1 Serological Assays for Dengue Virus Using Optical Modulation Biosensing,2025,Biosensors,"Terenteva, S.; Golani-Zaidie, L.; Avivi, S.; Lustig, Y.; Indenbaum, V.; Koren, R.; Hoa, T.M.; Tuyen, T.T.K.; Huyen, M.T.; Hoan, N.M.; Hoi, L.T.; Trung, N.V.; Schwartz, E.; Danielli, A.",Article,20796374,15,7,453
embase,2035486602,,10.3390/vaccines13070748,"A Prospective Cohort Study of Primary Dengue Virus Infection in Medellín, Colombia",2025,Vaccines,"Trujillo, A.; Van Wesenbeeck, L.; Salazar, L.; López, L.; Tambuyzer, L.; Buelens, A.; Clerck, K.D.; Lenz, O.; Vijgen, L.; Van Loock, M.; Herrera-Taracena, G.; Vélez, I.D.; Rasschaert, F.",Article,2076393X,13,7,748
embase,2037209895,,10.70034/ijmedph.2025.3.610,EVALUATION OF DIAGNOSTIC STRATEGIES FOR DENGUE FEVER: A RETROSPECTIVE STUDY FROM A HOSPITAL IN SOUTH INDIA,2025,International Journal of Medicine and Public Health,"Venkatesan, S.; Laksham, K.B.; Swarna, S.R.; Duraipandian, J.; Thayanithi, B.",Article,22308598,15,3,
embase,2038881360,40216346,10.1016/j.tmaid.2025.102854,"Viral shedding in saliva, axillary, rectal and vaginal swabs of an imported case of Dengue - Oropouche virus Co-infection",2025,Travel Medicine and Infectious Disease,"Vita, S.; Colavita, F.; Maffongelli, G.; Carletti, F.; Scorzolini, L.; Matusali, G.; Tomassi, M.V.; Meschi, S.; D'Abramo, A.; Girardi, E.; Vairo, F.; Maggi, F.; Nicastri, E.",Letter,18730442,66,,102854
embase,2039139862,40503688,10.1021/acs.bioconjchem.5c00153,Multilayer Fluorescent Immunoassay for Early and Sensitive Dengue Virus Detection Using Host and Viral Biomarkers,2025,Bioconjugate Chemistry,"Browne, A.S.; Fang, J.; Elsharkawy, A.; Jia, T.; Reboli, E.; Luo, Y.; Sheng, X.; Kumar, M.; Iyer, S.S.",Article,15204812,36,7,
embase,2040423501,39636259,10.4103/jvbd.jvbd_151_24,"Prevalence and seasonal patterns of vector-borne diseases in patients presenting with acute febrile illness in a tertiary care hospital in Puducherry, India: A prospective observational study",2025,Journal of Vector Borne Diseases,"Chowdhury, S.S.; Vinod, R.; Sabaritha, B.; Anand, K.",Article,09729062,62,3,
embase,2039596885,40166903,10.1093/infdis/jiaf166,Transcriptome Analysis of Monocytes Treated With Dengue Virus Nonstructural Protein 1 Revealed a Shift in Transcripts Involved in Self-Propagated Proinflammation and Antiviral Responses,2025,Journal of Infectious Diseases,"Saisingha, K.; Jearanaiwitayakul, T.; Watterson, D.; Modhiran, N.; Ponpuak, M.; Ubol, S.",Article,15376613,231,6,
embase,2035052403,40573451,10.3390/v17060859,Dengue Infections Among Household Contacts of Symptomatic Index Cases: Implications for Community-Based Intervention Studies,2025,Viruses,"Koehne, E.; Van Wesenbeeck, L.; Hibberd, M.L.; Buelens, A.; Toizumi, M.; Clerck, K.D.; Vijgen, L.; Lagatie, O.; Masdin, L.; Nguyen, H.A.T.; Le, H.H.; Dang, D.A.; Huynh, M.K.; Le, L.T.; Nguyên, T.B.; Hue, S.; Do, H.T.; Herrera-Taracena, G.; Rasschaert, F.; Yoshida, L.-M.",Article,19994915,17,6,859
embase,2036934423,40587449,10.1371/journal.pntd.0013196,Dengue diagnosis and impact on clinical management: A literature review,2025,PLOS Neglected Tropical Diseases,"Robert, S.; Diagbouga, P.S.; Djibougou, A.D.; Guy, D.; Bagnall, R.; Ravel, F.",Article,19352735,19,6,e0013196
embase,2038338595,,10.1016/j.jcvp.2025.100213,Elevated levels of platelet-activating factor and syndecan-1 in severe dengue infections,2025,Journal of Clinical Virology Plus,"Masyeni, S.; Wardhana, I.M.W.; Permatananda, P.A.N.; Prebawa, A.G.; Dewi, S.L.; Nelwan, E.J.",Article,26670380,5,2,100213
embase,2039036753,,10.22207/JPAM.19.2.43,Differentiating Secondary Dengue Cases using Capture IgG and IgM-based Approaches,2025,Journal of Pure and Applied Microbiology,"Asish, P.R.; Rachel, G.; Sindhuja, V.; Pradhan, J.; Dasgupta, S.; Purushothaman, G.K.C.",Article,2581690X,19,2,
embase,2039157036,40447137,10.1016/j.virs.2025.05.009,"Eltrombopag, an FDA-approved drug, inhibits dengue virus type 2 by targeting NS2B-NS3 protease",2025,Virologica Sinica,"Zhu, X.; Gao, X.; Wu, Y.; Lu, J.; Chen, X.; Zhao, C.; Li, H.; Zhang, Z.; Liu, S.; Xiao, G.; Pan, X.",Article,1995820X,40,3,
embase,647905177,,,COMPARATIVE ANALYSIS OF NS1/IGM RAPID DIAGNOSTIC TESTS WITH NS1 AND IGM ELISA FOR DENGUE CASES AND ITS POSSIBLE CORRELATION WITH UNDERREPORTING OF DENGUE CASES IN INDIA,2025,American Journal of Tropical Medicine and Hygiene,"Tiwari, V.D.; Pandey, S.; Gangwar, M.; Mishra, S.P.; Nath, G.; Chakravarty, J.",Conference Abstract,00029637,112,6,
embase,647906040,,,"CHARACTERIZATION OF ANTIGEN-SPECIFIC HUMORAL IMMUNE RESPONSES IN ACUTE AND PAST DENGUE, ZIKA, AND WEST NILE VIRUS INFECTIONS",2025,American Journal of Tropical Medicine and Hygiene,"Deschermeier, C.; Ehmen, C.; Ferraz, R.; Von Possel, R.; Blessmann, J.; Keoviengkhone, L.; Sopraseuth, V.; Kann, S.; Amaya, L.M.; Salcedo, G.R.; Demchyshyna, I.; Emmerich, P.",Conference Abstract,00029637,112,6,
embase,647906072,,,CHARACTERIZING DENGUE SEROPREVALENCE AND HETEROGENEITIES IN TRANSMISSION INTENSITY IN GHANA,2025,American Journal of Tropical Medicine and Hygiene,"Awuah, A.A.-A.; Vicco, A.; Asamoah, E.A.; Boham, E.E.; Alani, H.; Wiredu, A.P.; Adu-Amoah, L.; Pedrique, B.; Guillerm, M.; Obirikorang, C.; Shrivastava, S.; Struck, N.S.; Ribeiro, I.; Amuasi, J.H.; Dorigatti, I.",Conference Abstract,00029637,112,6,
embase,2039031420,,10.1101/2025.05.22.25328127,Engineered Nanobodies for early and accurate diagnosis of dengue virus infection,2025,medRxiv,"Pavan, M.F.; Malnero, C.M.; Carzoglio, M.C.; Rojas, Y.P.; Bruno, A.; Vidakovics, L.P.; Hanke, L.; Castello, A.; McInerney, G.; García, C.C.; Parreño, V.; Ibañez, L.I.",Preprint,,,,
embase,2039456725,,10.69605/ijlbpr_14.5.2025.254,Clinical profile of acute undifferentiated febrile illness: A cross sectional study,2025,International Journal of Life Sciences Biotechnology and Pharma Research,"Salgotra, S.; Samim, S.; Manotra, V.; Tangotra, V.",Article,22503137,14,5,
embase,2038642287,40101929,10.1136/bmj-2024-082639,Assessment and management of dengue,2025,BMJ,"Adhikari, S.; Bhusal, S.; Hossain, M.S.; Basnyat, B.",Article,17561833,388,,e082639
embase,2037668090,,10.1016/j.ijid.2024.107519,Characterizing dengue seroprevalence and heterogeneities in transmission intensity in Ghana,2025,International Journal of Infectious Diseases,"Awuah, D.A.; Vico, A.; Adu, E.A.; Boham, E.E.; Alani, H.; Wiredu, A.P.; Adu-Amoah, L.; Pedrique, D.B.; Guillerm, M.; Obirikorang, C.; Struck, N.S.; Ribeiro, D.I.; Amuasi, P.J.; Dorigatti, D.I.",Conference Abstract,18783511,152,,107519
embase,2037668421,,10.1016/j.ijid.2024.107498,Are Point-of-Care devices suitable for the management of Dengue Virus infections? A comparison with mainframe analysers using External Quality Assurance (EQA) data,2025,International Journal of Infectious Diseases,"Prasad, M.A.; Graham, M.P.",Conference Abstract,18783511,152,,107498
embase,2037668453,,10.1016/j.ijid.2024.107423,Innovative methodological approach to assess dengue transmission: findings from the SERODEN study in Africa,2025,International Journal of Infectious Diseases,"Vicco, M.A.; Gaye, A.; McCormack, C.; Pedrique, B.; Awuah, A.A.-A.; Obirikorang, C.; Nkuba-Ndaye, A.; Tshiminyi-Munkamba, P.; Dia, M.; Ndiaye, O.; Guillerm, M.; Struck, N.S.; Shrivastava, S.; Loucoubar, C.; Talla, C.; Ribeiro, I.; Ahuka-Mundeke, S.; Amuasi, J.H.; Faye, O.; Donnelly, C.A.; Dorigatti, I.",Conference Abstract,18783511,152,,107423
embase,2037781043,,10.5083/ejcm/25-03-24,Utility of Complete Blood Count and Peripheral Blood Picture in Assessing Dengue Severity and Outcomes,2025,European Journal of Cardiovascular Medicine,"Srivastava,; Kumar, P.",Article,20424892,15,3,
embase,2038045509,40131913,10.1371/journal.pone.0319207,The interaction of Orthoflavivirus nonstructural proteins 3 and 5 with human fatty acid synthase,2025,PLoS ONE,"Sornprasert, S.; Sornjai, W.; Smith, D.R.",Article,19326203,20,3 March,e0319207
embase,2035766892,,10.3329/jom.v26i1.78995,"Evaluation of Hematological Changes in Dengue Fever: Experience of 2023 outbreak from Jashore, Bangladesh",2025,Journal of Medicine (Bangladesh),"Khan, T.R.; Acherjya, G.K.; Hossain, J.; Reza, S.; Nasrin, T.",Article,20755384,26,1,
embase,2031068026,39177883,10.1007/s15010-024-02370-2,Development and validation of a novel enzyme-linked immunosorbent assay for the differentiation of tick-borne encephalitis infections caused by different virus subtypes,2025,Infection,"Freimane, Z.; Dobler, G.; Chitimia-Dobler, L.; Karelis, G.; Girl, P.; Kuzmane, S.; Savicka, O.; Erber, W.; Zavadska, D.",Article,14390973,53,1,
embase,2035717474,39550979,10.1016/j.diagmicrobio.2024.116588,Exploring potential application of anti-dengue NS1 human polyclonal antibodies for detection of dengue virus infection,2025,Diagnostic Microbiology and Infectious Disease,"Abraham, P.R.; Veeraiyan, E.; Dhotre, A.; Kumar, A.",Article,18790070,111,2,116588
embase,2037488104,39591643,10.4269/ajtmh.24-0490,"Malaria, Dengue Fever, and Leptospirosis in the Urabá Antioqueño Region, Colombia: Etiological and Molecular Characterization among Patients with Acute Undifferentiated Febrile Illness",2025,American Journal of Tropical Medicine and Hygiene,"Restrepo-López, N.; Silva-Ramos, C.R.; Rodas, J.D.; Arboleda, M.; Fernández, D.; Uribe-Restrepo, P.; Agudelo-Flórez, P.; Tobón-Castaño, A.; Hidalgo, M.; Melby, P.C.; Aguilar, P.V.; Cabada, M.M.; Díaz, F.J.; Mozo, K.; Gonzalez-Diaz, E.S.; Jimenez-Coello, M.; Dacso, M.M.; Ortega-Pacheco, A.; Walker, D.H.; Weaver, S.C.; Paulino-Ramirez, R.",Article,14761645,112,2,
embase,2037542068,39965014,10.1371/journal.pone.0317854,"Investigation of severe dengue outbreak in Maumere, East Nusa Tenggara, Indonesia: Clinical, serological, and virological features",2025,PLoS ONE,"Santoso, M.S.; Nara, M.B.R.; Nugroho, D.K.; Yohan, B.; Purnama, A.; Boro, A.M.B.; Hayati, R.F.; Gae, E.P.; Denis, D.; Rana, B.; Hibberd, M.L.; Sasmono, R.T.",Article,19326203,20,2 February,e0317854
embase,NCT06815835,,,"A Prospective, Randomized, Parallel, Three-arm, Open-label, Clinical Trial to Evaluate the Immunological Non-interference of Measles and Rubella Vaccine (Live) I.P. (Freeze Dried) of M/s. Zydus Lifesciences Ltd. With Yellow Fever Vaccine Administered to Bangladeshi Healthy Infants Aged 9-12 Months",2025,clinicaltrials.gov,,Clinical Trial,,,,
embase,2032929730,,10.1002/hsr2.70356,Clinical and Hematological Manifestation of Dengue Patients in 2022 Outbreak: A Tertiary Care Hospital-Based Cross-Sectional Study,2025,Health Science Reports,"Hossain, M.J.; Das, M.; Shahjahan, M.; Islam, M.W.; Towhid, S.T.",Article,23988835,8,1,e70356
embase,2035198569,40619342,10.1080/21505594.2025.2530176,Identification of compounds targeting porcine reproductive and respiratory syndrome virus nsp3 and evaluation of their antiviral efficacy,2025,Virulence,"He, Z.; Nie, Z.; Liao, J.; Liu, M.; Li, F.; Chen, B.; Guo, C.",Article,21505608,16,1,2530176
embase,2035699134,39761322,10.1371/journal.pntd.0012193,A low pre-existing anti-NS1 humoral immunity to DENV is associated with microcephaly development after gestational ZIKV exposure,2025,PLoS Neglected Tropical Diseases,"Castro-Trujillo, S.; Mejía, W.R.; Segura, K.; Castro-Meneses, J.; Vega, R.; Salgado, D.; Fonseca, C.E.; Ortiz, Á.M.; Perdomo-Celis, F.; Bosch, I.; Narváez, C.F.",Article,19352735,19,1,e0012193
embase,2035954924,39612524,10.1016/j.bjid.2024.104484,Presence of dengue virus RNA in urine and oral fluid of laboratory-confirmed dengue patients: Implications for wastewater surveillance,2025,Brazilian Journal of Infectious Diseases,"Stauber, C.; Jacob-Nascimento, L.C.; Grosch, C.; Sousa, M.D.S.; Portilho, M.M.; Anjos, R.O.; Brinton, M.A.; Kitron, U.; Reis, M.G.; Ribeiro, G.S.",Article,16784391,29,1,104484
embase,2036367013,,10.52711/0974-360X.2025.00217,The Combined Antigen and Antibody Testing Approach Improved the Sensitivity of Early Detection of Dengue Virus Infection,2025,Research Journal of Pharmacy and Technology,"Agravat, D.; Patel, L.; Jadav, P.N.; Singh, N.K.; Zala, R.; Patel, H.",Article,0974360X,18,4,
embase,2036599682,39662875,10.3201/eid3101.240888,"Cocirculation of 4 Dengue Virus Serotypes, Putumayo Amazon Basin, 2023–2024",2025,Emerging Infectious Diseases,"van der Ende, J.; Nipaz, V.; Carrazco-Montalvo, A.; Trueba, G.; Grobusch, M.P.; Coloma, J.",Article,10806059,31,1,
embase,2037097824,,10.1093/ofid/ofae720,Dengue Virus Structural Proteins Are Expressed on the Surface of DENV-Infected Cells and Are a Target for Antibody-Dependent Cellular Phagocytosis,2025,Open Forum Infectious Diseases,"Waldran, M.J.; Kurtz, E.A.; Gebo, C.J.; Rooney, T.J.; Middleton, F.A.; Roy, N.H.; Currier, J.R.; Waickman, A.T.",Article,23288957,12,1,ofae720
embase,2037123630,40788955,10.1371/journal.pntd.0013250,"Development of an affordable multiplex quantitative RT-PCR assay for early detection and surveillance of Dengue, Chikungunya, and co-infections from clinical samples in resource-limited settings",2025,PLOS Neglected Tropical Diseases,"Malik, M.R.; Walaskar, S.; Majji, R.; Deepanraj, S.P.; Uppoor, S.; Thrilok Chandra, K.V.; Madhusudhan, H.N.; Balasundar, A.S.; Mishra, R.K.; Ishtiaq, F.",Article,19352735,August-2025,,e0013250
embase,2037803939,39113381,10.4103/JVBD.JVBD_45_23,A study on evaluation and correlation of serological methods and platelet count for diagnosis of dengue virus infection,2025,Journal of Vector Borne Diseases,"Gohel, V.K.; Gadhavi, H.M.; Shingala, H.K.; Jethva, S.D.",Article,09729062,62,1,
embase,2038472617,,10.18311/ti/2025/v32i1/43838,"Anti-Viral Activity of Polyherbal Siddha Formulation ""Notchi kudineer"" Using Immuno-Fluorescence Assay and In-Silico Binding Studies of its Phytocompounds Against Various NSPs of SARS-CoV-2",2025,Toxicology International,"Natarajan, K.; Adaikalam, S.J.M.; Seshayyan, S.; Narayanasamy, K.; Rathinasamy, S.; Thiraviam, P.P.; Gunalan, S.",Article,09765131,32,1,
embase,2039682447,40668623,10.1099/jgv.0.002132,Kinesin light chain 1 interacts with NS1 and is a susceptibility factor for dengue virus infection in mosquito cells,2025,Journal of General Virology,"Castillo, J.M.; Cruz-Pérez, R.; Talamás-Lara, D.; Ludert, J.E.",Article,14652099,106,7,002132
embase,2041333242,,10.62347/MGYE2505,Early diagnostic value of dengue virus NS1 antigen and nucleic acid testing,2025,American Journal of Translational Research,"Wu, F.; Zhao, L.; Pan, K.; Lou, W.",Article,19438141,17,10,
embase,2041659806,41319272,10.1080/21505594.2025.2597663,Fluorescence-based biosensors for West Nile virus detection,2025,Virulence,"Blázquez, A.B.; Saiz, J.C.; Herrero, L.; Sánchez-Céspedes, J.; Vázquez, A.; Cisneros, J.M.; Martin-Acebes, M.A.; Jiménez de Oya, N.",Article,21505608,16,1,2597663
embase,2042853066,,,"Sero-epidemiology of NS-1 Positive Dengue Cases in Ahmedabad, Gujarat & Evaluation of NS1 ELISA in Early Diagnosis of Dengue Fever by Comparing it with rRT PCR",2025,International Journal of Current Pharmaceutical Review and Research,"Bhoya, J.; Patel, D.; Tanna, K.; Padaria, N.",Article,0976822X,17,11,
embase,2042853069,,,A Study on Clinico-Pathological and Biochemical Correlation in the Children of Less than 15 years with Dengue Fever in a Tertiary Care Hospital,2025,International Journal of Current Pharmaceutical Review and Research,"Mahesh, G.K.O.; Poojitha, S.; Mayigowda, J.; Prathiba, D.N.",Article,0976822X,17,11,
embase,2043640873,,10.25258/ijpqa.16.9.34,Neurological Manifestations of Dengue Fever in Pediatric Patients: An Observational Descriptive Study at a Tertiary Health Care Centre,2025,International Journal of Pharmaceutical Quality Assurance,"Basu, S.; Mandal, K.; Basu, A.",Article,09759506,16,9,
embase,2045090692,,,"Serological Evaluation of Dengue Infection Using IgM ELISA in Febrile Patients Attending in Patna Medical College & Hospital, Patna",2025,International Journal of Pharmaceutical Quality Assurance,"Kumari, K.; Kumari, S.; Kumar, V.; Nandan, P.",Article,09759506,16,12,
embase,2047629210,,10.25258/ijpqa.16.11.80,Comparative Evaluation of Rapid Diagnostic Tests and ELISA for Early Detection of Dengue in Febrile Patients,2025,International Journal of Pharmaceutical Quality Assurance,"Lal, D.; Ranjan, P.; Kumar, S.; Kumar, R.; Sagar, S.; Ahmad, W.",Article,09759506,16,11,
embase,NCT06751836,,,Advancing Pandemic Preparedness: Innovative Multidisciplinary Strategies for COMBATing Severe Dengue,2024,clinicaltrials.gov,,Clinical Trial,,,,
embase,2030744501,39061013,10.1186/s12879-024-09552-1,"Retrospective study on the dengue fever outbreak in Puntland State, Somalia",2024,BMC Infectious Diseases,"Jama, S.S.; Abshir, S.N.; Jama, J.S.; Abdi, M.M.",Article,14712334,24,1,735
embase,2030890568,39118006,10.1186/s12879-024-09527-2,New biomarkers for liver involvement by dengue infection in adult Vietnamese patients: a case-control study,2024,BMC Infectious Diseases,"Huong, N.T.C.; Hai, N.P.; Van Khanh, C.; Kamel, M.G.; Vinh Chau, N.V.; Truong, N.T.; Vinh, N.T.; Elsheikh, R.; Makram, A.M.; Elsheikh, A.; Canh, H.N.; Iqtadar, S.; Hirayama, K.; Le Hoa, P.T.; Huy, N.T.",Article,14712334,24,1,800
embase,2032463221,39620308,10.1002/jmv.70100,Serotype-Specific Dengue Virus IgG Assay Using EDIII-Based Recombinant Proteins and Its Application in an Endemic Population in Northeast Brazil,2024,Journal of Medical Virology,"Pereira, S.S.; Machado, R.R.G.; Farias, J.P.; Adreata-Santos, R.; Rodrigues-Jesus, M.J.; Fogaça, M.M.C.; Souza, M.S.; Martins, E.G.; Romano, C.M.; Durigon, E.L.; Amorim, J.H.; Ferreira, L.C.D.S.",Article,10969071,96,12,e70100
embase,2032561896,39660431,10.1002/jmv.70109,Tick-Borne Encephalitis Virus Surveillance—Vaccination- and Infection-Induced Seroprevalences in Western Austria 2024,2024,Journal of Medical Virology,"Siller, A.; Chitimia-Dobler, L.; Hitzl, W.; Astl, M.; Schennach, H.; Fraunberger, P.; Cadamuro, J.; Borde, J.P.; Willeit, P.; Dobler, G.; Mink, S.",Article,10969071,96,12,e70109
embase,2034061890,39134458,10.1089/vbz.2024.0009,Commercial Enzyme-Linked Immunosorbent Assay Kit Is Useful for Detection of Recombinant and Secretory Nonstructural-1 Protein Antigen of Dengue Virus,2024,Vector-Borne and Zoonotic Diseases,"Abraham, P.R.; Gopinath, T.; Dhotre, A.; Kumar, A.",Article,15577759,24,12,
embase,2036196153,,10.69605/ijlbpr_13.12.2024.20,"Determination of NS1, IgG and IgM profile during an outbreak of Dengue at Tertiary Care Teaching Hospital, Doda, Jammu & Kashmir",2024,International Journal of Life Sciences Biotechnology and Pharma Research,"Akhtar, S.; Singh, L.; Kamaljeet,; Kumawat, S.; Thalquotra, M.",Article,22503137,13,12,
embase,2036550413,39513713,10.1128/jvi.01418-24,"Dengue virus NS1 leads to downregulation of HNF4 alpha in liver cells resulting in a decrease in coagulation factors I, V, X, and XIII, contributing to coagulopathy",2024,Journal of Virology,"Das, S.; Mallik, Md.H.; Chattopadyay, P.; Mallick, S.; Karmakar, D.; Ghora, S.; Begum, F.; Chatterjee, B.; Thagriki, D.S.; Srivastava, A.K.; Ray, U.",Article,10985514,98,12,e0141824
embase,2040288867,,10.69605/ijlbpr_13.12.2024.199,A Clinico-microbiological study of dengue fever cases,2024,International Journal of Life Sciences Biotechnology and Pharma Research,"Kumar, M.; Ranweer,; Agarwal, S.; Meena, M.K.",Article,22503137,13,12,
embase,NCT06697041,,,Clinical and Laboratory Factors for the Progression of Severe Dengue Among Hospitalized Patients During an Upsurge,2024,clinicaltrials.gov,,Clinical Trial,,,,
embase,2035726381,39082780,10.1093/infdis/jiae384,The Impact of Zika Emergence in Remote Communities in Northwestern Ecuador,2024,Journal of Infectious Diseases,"Andrade, P.; Sosa-Moreno, A.; Vivero, S.; Nipaz, V.; Lee, G.O.; Cevallos, W.; Eisenberg, J.N.S.; Coloma, J.",Article,15376613,230,5,
embase,2032004584,,10.53555/evwnvn98,"DENGUE FEVER TRENDS AND CLINICAL VARIABILITY: A PROSPECTIVE OBSERVATIONAL STUDY FROM AYUB TEACHING HOSPITAL, ABBOTTABAD",2024,Journal of Population Therapeutics and Clinical Pharmacology,"Zeb, A.; Fazleamin,; Rahman, S.U.; Farooq, S.; Noor, A.; Ali, R.; Jamshed, M.; Irfan, A.; Umar, Z.; Hassan, T.",Article,25618741,31,11,
embase,2034684549,39306188,10.1016/j.tmaid.2024.102762,"Dengue fever as autochthonous infectious disease in Italy: Epidemiological, clinical and virological characteristics",2024,Travel Medicine and Infectious Disease,"Vita, S.; Lalle, E.; Caputi, P.; Faraglia, F.; D'Abramo, A.; Bordi, L.; De Carli, G.; Sberna, G.; Giancola, M.L.; Maffongelli, G.; Mija, C.; Antinori, A.; Cicalini, S.; Maggi, F.; Girardi, E.; Vairo, F.; Nicastri, E.",Article,18730442,62,,102762
embase,2035222845,39454515,10.1016/j.ebiom.2024.105409,Yellow fever disease severity and endothelial dysfunction are associated with elevated serum levels of viral NS1 protein and syndecan-1,2024,eBioMedicine,"de Sousa, F.T.G.; Warnes, C.M.; Manuli, E.R.; Tjang, L.V.; Carneiro, P.H.; Maria de Oliveira Pinto, L.; Ng, A.; Bhat, S.; Zambrana, J.V.; D'Elia Zanella, L.G.F.A.B.; Ho, Y.-L.; Romano, C.M.; Beatty, P.R.; Biering, S.B.; Kallas, E.G.; Sabino, E.C.; Harris, E.",Article,23523964,109,,105409
embase,2035281505,39461453,10.1016/j.tmaid.2024.102782,A case report on symptomatic disease caused by serotype 4 vaccine virus following tetravalent anti-dengue vaccination,2024,Travel Medicine and Infectious Disease,"Oliveira, R.D.D.; Santos, A.D.S.; Gonçalves, C.C.M.; Giovanetti, M.; Alcantara, L.C.J.; Demarchi, L.H.F.; Lichs, G.G.D.C.; Ilis, T.M.; Hiane, S.T.; Abbud, A.; Sacchi, C.T.; Naveca, F.G.; Santos, D.D.S.; Marques, E.M.M.; Lucena Junior, W.P.D.; Croda, J.",Letter,18730442,62,,102782
embase,2035377878,39194193,10.1128/jcm.00593-24,Comparison of the sensitivity and specificityof commercial anti-dengue virus IgG tests to identify persons eligible for dengue vaccination,2024,Journal of Clinical Microbiology,"Medina, F.A.; Vila, F.; Adams, L.E.; Cardona, J.; Carrion, J.; Lamirande, E.; Acosta, L.N.; De León-Rodríguez, C.M.; Beltran, M.; Grau, D.; Rivera-Amill, V.; Balmaseda, A.; Harris, E.; Madewell, Z.J.; Waterman, S.H.; Paz-Bailey, G.; Whitehead, S.; Muñoz-Jordán, J.L.",Article,1098660X,62,10,e0059324
embase,2034988556,,10.1101/2024.09.10.24313257,"Development of a cost-effective multiplex quantitative RT-PCR assay for early detection and surveillance of Dengue, Chikungunya, and co-infections from clinical samples in low-resource settings",2024,medRxiv,"Uppoor, S.; Walaskar, S.; Majji, R.; Deepanraj, S.P.; Thrilok Chandra, K.V.; Madhusudan, H.N.; Balasundar, A.S.; Mishra, R.K.; Ishtiaq, F.; Malik, M.R.",Preprint,,,,
embase,2030522735,38980575,10.1007/s40291-024-00728-8,Identification of Immunodominant Epitopes of Dengue Virus 2 Envelope and NS1 Proteins: Evaluating the Diagnostic Potential of a Synthetic Peptide,2024,Molecular Diagnosis and Therapy,"Singha, S.; Nath, N.; Sarma, V.; Barman, K.; Sharma, G.C.; Saikia, L.; Baruah, S.",Article,11792000,28,5,
embase,2031565870,,10.3390/pathogens13090818,Performance of Fujifilm Dengue NS1 Antigen Rapid Diagnosis Kit Compared to Quantitative Real-Time Polymerase Chain Reaction,2024,Pathogens,"Ngwe Tun, M.M.; Kapandji, M.; Wada, A.; Yamamoto, K.; Dumre, S.P.; Nwe, K.M.; Lin, H.; Takamatsu, Y.; Thant, K.Z.; Thu, H.M.; Urano, T.; Pandey, B.D.; Morita, K.",Article,20760817,13,9,818
embase,2033064404,38942174,10.1016/j.jviromet.2024.114991,Diagnostic accuracy of Dengue NS1 lateral flow immunoassay in comparison to reverse transcriptase polymerase chain reaction and enzyme linked Immunosorbent Assay,2024,Journal of Virological Methods,"Sukumaran, A.; Arun Krishnan, R.; Kulathil, D.M.; Haritha, P.R.; Varun, T.N.; Edwin, B.T.; Sarath, K.V.; Paul, J.K.; Satheesh Kumar, C.S.; Vasudevan, D.M.",Article,18790984,329,,114991
embase,2035020134,,10.22159/ijcpr.2024v16i5.5086,"A STUDY OF DIAGNOSTIC APPLICABILITY OF NS1 AND IGM ELISA IN DENGUE FEVER IN A TERTIARY CARE HOSPITAL, VISAKHAPATNAM",2024,International Journal of Current Pharmaceutical Research,"Kausar, S.T.; Vani, T.M.S.S.S.; Kumari, P.R.",Article,09757066,16,5,
embase,2034178802,39145933,10.1073/pnas.2403235121,Zika virus NS5 protein inhibits type I interferon signaling via CRL3 E3 ubiquitin ligase-mediated degradation of STAT2,2024,Proceedings of the National Academy of Sciences of the United States of America,"Ren, W.; Fu, C.; Zhang, Y.; Ju, X.; Jiang, X.; Song, J.; Gong, M.; Li, Z.; Fan, W.; Yao, J.; Ding, Q.",Article,10916490,121,34,e2403235121
embase,2030670578,,10.53555/jptcp.v31i8.7334,A COMPARATIVE STUDY BETWEEN PRIMARY & SECONDARY DENGUE CASES IN A TERTIARY CARE HOSPITAL IN WEST BENGAL.,2024,Journal of Population Therapeutics and Clinical Pharmacology,"Laloo, F.D.; Bhaduri, A.; Kharkrang, S.; Bose, S.",Article,25618741,31,8,
embase,2031127037,39205228,10.3390/v16081253,Aedes aegypti Mosquito Probing Enhances Dengue Virus Infection of Resident Myeloid Cells in Human Skin,2024,Viruses,"Castanha, P.M.S.; Azar, S.R.; Yeung, J.; Wallace, M.; Kettenburg, G.; Watkins, S.C.; Marques, E.T.A.; Vasilakis, N.; Barratt-Boyes, S.M.",Article,19994915,16,8,1253
embase,2033350762,38806045,10.4269/ajtmh.23-0549,"IgG, IgM, and Nonstructural Protein 1 Response Profiles after Receipt of Tetravalent Dengue Vaccine TAK-003 in a Phase 2 Randomized Controlled Trial",2024,American Journal of Tropical Medicine and Hygiene,"Low, J.G.; Oh, H.M.; Leo, Y.-S.; Kalimuddin, S.; Wijaya, L.; Pang, J.; Lee, T.H.; Moss, K.J.; Brose, M.; Tricou, V.",Article,14761645,111,1,
embase,2034296166,,10.5530/pj.2024.16.149,Positive NS1 Antigen in Non-Dengue Virus Infection Serum: Possible Reasons for the Discrepancy with DENV PCR Results,2024,Pharmacognosy Journal ,"Sunari, I.G.A.A.E.P.; Aryati, A.; Hakim, F.K.N.; Tanzilia, M.F.; Parwati, I.; Yaswir, R.; Mulyono, B.",Article,09753575,16,4,
embase,2031169158,38518559,10.1016/j.bios.2024.116218,Urinary dengue NS1 detection on Au-decorated ZnO nanowire platform,2024,Biosensors and Bioelectronics,"Sitthisuwannakul, K.; Sukthai, R.; Zhu, Z.; Nagashima, K.; Chattrairat, K.; Phanthanawiboon, S.; Klamchuen, A.; Rahong, S.; Baba, Y.; Yasui, T.",Article,18734235,254,,116218
embase,2030048468,38818789,10.1002/jmv.29689,Dengue virus transmission risk in blood donation: Evidence from Thailand,2024,Journal of Medical Virology,"Limothai, U.; Tachaboon, S.; Dinhuzen, J.; Singh, J.; Leewongworasingh, A.; Watanaboonyongcharoen, P.; Fernandez, S.; Hunsawong, T.; Farmer, A.R.; Tantawichien, T.; Thisyakorn, U.; Srisawat, N.",Article,10969071,96,6,e29689
embase,2031098346,38503028,10.1016/j.diagmicrobio.2024.116227,Systematic review and meta-analysis: assessing the accuracy of rapid immunochromatographic tests in dengue diagnosis,2024,Diagnostic Microbiology and Infectious Disease,"Macêdo, J.V.L.; Júnior, A.G.S.; Oliveira, M.D.L.; Andrade, C.A.S.",Review,18790070,109,2,116227
embase,2032645571,,10.1101/2024.05.07.24306978,A low pre-existing anti-NS1 humoral immunity to DENV is associated with microcephaly development after gestational ZIKV exposure,2024,medRxiv,"Castro-Trujillo, S.; Mejía, W.R.; Segura, K.; Vega, R.; Salgado, D.; Fonseca, C.E.; Ortiz, Á.M.; Perdomo-Celis, F.; Bosch, I.; Narváez, C.F.",Preprint,,,,
embase,2029949483,38793670,10.3390/v16050788,Comparison of Five Serological Methods for the Detection of West Nile Virus Antibodies,2024,Viruses,"Girl, P.; Euringer, K.; Coroian, M.; Mihalca, A.D.; Borde, J.P.; Dobler, G.",Article,19994915,16,5,788
embase,2032375574,38591880,10.1128/jvi.00116-24,Japanese encephalitis virus NS1 and NS1′ protein disrupts the blood-brain barrier through macrophage migration inhibitory factor-mediated autophagy,2024,Journal of Virology,"Zhang, L.; Nan, X.; Zhou, D.; Wang, X.; Zhu, S.; Li, Q.; Jia, F.; Zhu, B.; Si, Y.; Cao, S.; Ye, J.",Article,10985514,98,5,
embase,649858520,,10.1007/s13337-024-00867-w,Seroprevalence of dengue and chikungunya in tertiary care hospital in Maharashtra,2024,VirusDisease,"Patwardhan, M.; Kulkarni, V.A.; Joshi, P.A.; Kale, C.",Conference Abstract,23473584,35,,
embase,649858595,,10.1007/s13337-024-00867-w,Development of immunofluorescence-based nano diagnostic assay as point-of-care for the detection of dengue virus,2024,VirusDisease,"Athira, A.P.; Kini, S.; Krishna Kumar, B.; Shama Prakasha, K.; Rai, P.",Conference Abstract,23473584,35,,
embase,646638101,39977056,10.21149/15407,Evolution of Zika prevalence in a dengue hyperendemic municipality in Southern Mexico after the outbreak of 2015 to 2017,2024,Salud publica de Mexico,"Gaspar-Castillo, C.; Cortes-Escamilla, A.; Aparicio-Antonio, R.; Carnalla, M.; López, S.; Sánchez-Tacuba, L.; Oceguera-Cabrera, A.; Burrone, Ó.; González-Bonilla, C.; Ortiz Navarrete, V.; Martínez-Barnetche, J.; Rodríguez, M.H.; Alpuche-Aranda, C.M.",Article,16067916,66,3 mayjun,
embase,2032068796,,10.1101/2024.04.19.24306097,Comparison of the Sensitivity and Specificity of Commercial Anti-Dengue Virus IgG Tests to Identify Persons Eligible for Dengue Vaccination,2024,medRxiv,"Medina, F.A.; Vila, F.; Adams, L.E.; Cardona, J.; Carrion, J.; Lamirande, E.; Acosta, L.N.; De León-Rodríguez, C.M.; Beltran, M.; Grau, D.; Rivera-Amill, V.; Balmaseda, A.; Harris, E.; Madewell, Z.J.; Waterman, S.H.; Paz-Bailey, G.; Whitehead, S.; Muñoz-Jordán, J.L.",Preprint,,,,
embase,2031419716,38573991,10.1371/journal.pone.0301644,"Molecular identification and phylogenetic analysis of chikungunya virus among denguenegative patients in Kolkata, India",2024,PLoS ONE,"Chatterjee, R.P.; Chatterjee, A.; Ansari, S.; Chatterjee, S.; Chatterjee, S.; Chakraborty, N.",Article,19326203,19,4 April,e0301644
embase,643653507,38436801,10.1007/s00604-024-06259-7,Point-of-care dengue detection: polydopamine-modified electrode for rapid NS1 protein testing for clinical samples,2024,Mikrochimica acta,"Muttaqien, S.E.; Khoris, I.M.; Suryanggono, J.; Sadhukhan, P.C.; Pambudi, S.; Chowdhury, A.D.; Park, E.Y.",Article,14365073,191,4,
embase,2028980449,38483048,10.1002/jmv.29533,UMP-CMP kinase 2 inhibits ZIKV replication through activation of type I IFN signaling pathway,2024,Journal of Medical Virology,"Zhu, Y.; Tan, Q.; Shi, Y.; Li, Q.; Li, S.; Wen, W.; Xie, H.; Li, B.; Duan, X.; Chen, L.",Article,10969071,96,3,e29533
embase,2031199094,38411948,10.1128/jvi.01859-23,Japanese encephalitis virus inhibits superinfection of Zika virus in cells by the NS2B protein,2024,Journal of Virology,"Yuan, H.; Rao, J.; Zhang, J.; Ye, J.; Cao, S.; Chen, H.; Song, Y.",Article,10985514,98,3,
embase,2031227161,,10.7860/JCDR/2024/68904.19162,Navigating the Haematological Maze: Unraveling the Role of NLR and PLR as Predictors of Dengue Severity- A Cross-sectional Study from Southern India,2024,Journal of Clinical and Diagnostic Research,"Navya, P.T.; Begum, R.; Thajudeen, A.S.; Hussain, M.A.; Vijayashree, R.",Article,0973709X,18,3,
embase,2030001422,38272051,10.1016/S0140-6736(23)02803-9,Dengue epidemic in Burkina Faso: how can the response improve?,2024,The Lancet,"Manigart, O.; Ouedraogo, I.; Ouedraogo, H.S.; Sow, A.; Lokossou, V.K.",Letter,1474547X,403,10425,
embase,2028663416,38400061,10.3390/v16020286,Multiplex Serology for Sensitive and Specific Flavivirus IgG Detection: Addition of Envelope Protein Domain III to NS1 Increases Sensitivity for Tick-Borne Encephalitis Virus IgG Detection,2024,Viruses,"Valle, C.; Shrestha, S.; Godeke, G.-J.; Hoogerwerf, M.N.; Reimerink, J.; Eggink, D.; Reusken, C.",Article,19994915,16,2,286
embase,2029914073,37930223,10.1097/INF.0000000000004156,"Frequency, Markers and Costs of Secondary Bacterial Infection in Pediatric Dengue",2024,Pediatric Infectious Disease Journal,"Salgado, D.; Silva, J.M.; Salcedo, A.; Losada, P.X.; Niño, A.P.; Molano, M.; Bermeo, J.M.; Restrepo, R.; Perdomo-Celis, F.; Narváez, C.F.; Toro, J.F.",Article,15320987,43,2,
embase,2029914088,37963312,10.1097/INF.0000000000004163,NS1-Specific Antibody Response Facilitates the Identification of Children with Dengue and Zika in Hyperendemic Areas,2024,Pediatric Infectious Disease Journal,"Castro-Trujillo, S.; Segura, K.; Bolívar-Marín, S.; Salgado, D.M.; Bosch, I.; Vega, R.; Rojas, M.C.; Narváez, C.F.",Article,15320987,43,2,
embase,643377935,38291109,10.1038/s41598-024-52123-2,Development of a quantitative NS1 antigen enzyme-linked immunosorbent assay (ELISA) for Zika virus detection using a novel virus-specific mAb,2024,Scientific reports,"Morales, S.V.; Coelho, G.M.; Ricciardi-Jorge, T.; Dorl, G.G.; Zanluca, C.; Duarte Dos Santos, C.N.",Article,20452322,14,1,
embase,643490041,38345251,10.3791/66130,Portable Paper-Based Immunoassay Combined with Smartphone Application for Colorimetric and Quantitative Detection of Dengue NS1 Antigen,2024,Journal of visualized experiments : JoVE,"Prabowo, M.H.; Chalermwatanachai, T.; Surareungchai, W.; Rijiravanich, P.",Article,1940087X,,203,
embase,NCT06255509,,,"Dengue Virus Infection Amongst Patients With Acute Febrile Illness: Clinical Characteristics, Molecular and Serological Profiles for Vaccine Trial and Roll-out",2024,clinicaltrials.gov,,Clinical Trial,,,,
embase,2028017722,39492367,10.1016/j.ijmmb.2023.100487,Rebuttal to correspondence for “Prospective study to compare results of FIA (fluorescent immunoassay) test with gold standard ELISA test in Dengue NS1 patients admitted in a tertiary care hospital”,2024,Indian Journal of Medical Microbiology,"Kulkarni, P.; Taklikar, S.; Turbadkar, D.",Letter,19983646,47,,100487
embase,2028106780,38257751,10.3390/v16010050,Diagnosis of Imported Dengue and Zika Virus Infections in Italy from November 2015 to November 2022: Laboratory Surveillance Data from a National Reference Laboratory,2024,Viruses,"Merakou, C.; Amendola, A.; Fortuna, C.; Marsili, G.; Fiorentini, C.; Argentini, C.; Benedetti, E.; Rezza, G.; Maraglino, F.; Del Manso, M.; Bella, A.; Pezzotti, P.; Riccardo, F.; Palamara, A.T.; Venturi, G.",Article,19994915,16,1,50
embase,2028261522,,,Advances in Diagnostic Technologies for Early Detection of Dengue Virus,2024,International Journal of Pharmaceutical and Clinical Research,"Kumar, A.; Nandan, P.",Article,09751556,16,2,
embase,2028282080,38381897,10.1590/S1678-9946202466012,A spatial case-control study on symptomatic and inapparent primary dengue infections in an endemic city in Brazil,2024,Revista do Instituto de Medicina Tropical de Sao Paulo,"Figueiredo, G.; Chiaravalloti, F.; Campos, S.; Pellini, A.G.; Felix, A.C.; Luna, E.",Article,16789946,66,,e12
embase,2029395522,,10.5530/ijmedph.2024.1.56,"SEROPREVALENCE OF DENGUE IN PATIENTS ATTENDING TERTIARY CARE HOSPITAL, NIZAMABAD, A CROSS-SECTIONAL STUDY",2024,International Journal of Medicine and Public Health,"Kumar, R.S.; Moqueeth, S.A.; Darahasa, K.; Ramya, T.",Article,22308598,14,1,
embase,2029435499,,,Diagnosis of Dengue by NS1 Antigen Detection and Reverse Transcriptase PCR Assay,2024,International Journal of Pharmaceutical and Clinical Research,"Rana, S.K.; Jain, D.; Kumar, D.; Simar, H.",Article,09751556,16,5,
embase,2029494785,,10.2147/JMDH.S459929,Aspartate Aminotransferase-to-Platelet Ratio Index (APRI) as a Novel Score in Early Detection of Complicated Dengue Fever,2024,Journal of Multidisciplinary Healthcare,"Jamil, Z.; Khalid, S.; Khan, H.M.M.H.; Waheed, I.; Ehsan, A.; Alissa, M.; Muhammad, K.; Munawar, N.; Waheed, Y.",Article,11782390,17,,
embase,2029718942,,10.1177/20503121241229847,Neuroinvasion of emerging and re-emerging arboviruses: A scoping review,2024,SAGE Open Medicine,"Srichawla, B.S.; Manan, M.R.; Kipkorir, V.; Dhali, A.; Diebel, S.; Sawant, T.; Zia, S.; Carrion-Alvarez, D.; Suteja, R.C.; Nurani, K.; Găman, M.-A.",Review,20503121,12,,
embase,2030321521,37967518,10.3201/eid3001.231508,"Autochthonous Dengue Fever in 2 Patients, Rome, Italy",2024,Emerging Infectious Diseases,"Vita, S.; Bordi, L.; Sberna, G.; Caputi, P.; Lapa, D.; Corpolongo, A.; Mija, C.; D’Abramo, A.; Maggi, F.; Vairo, F.; Specchiarello, E.; Girardi, E.; Lalle, E.; Nicastri, E.",Article,10806059,30,1,
embase,2030724646,,,Prevalence of Dengue Fever and its Seasonal Trend in Tertiary Care Hospital in Western Maharashtra,2024,International Journal of Pharmaceutical and Clinical Research,"Pandey, D.K.; Khan, N.; Chatterjee, N.; Set, R.",Article,09751556,16,8,
embase,2030888086,,10.2147/IJGM.S475450,TaqMan qPCR and IgM Detection in Samples of Patients with Tick-Borne Encephalitis Virus Infection in Northeast China,2024,International Journal of General Medicine,"Yu, M.; Fu, X.; Zhu, Y.; Li, M.; Wu, M.; Zhou, E.; Dong, H.; Wang, L.; Wang, R.; Liu, F.; Jiang, C.; Kong, X.; Su, W.",Article,11787074,17,,
embase,2032177645,38722305,10.1099/jmm.0.001833,Dengue: A review of laboratory diagnostics in the vaccine age,2024,Journal of Medical Microbiology,"Frazer, J.L.; Norton, R.",Article,14735644,73,5,
embase,2032200104,,,Prognostic Significance of Aminotransferase Levels in Dengue: A Hospital-Based Study on AST and ALT as Markers of Disease Severity,2024,International Journal of Pharmaceutical and Clinical Research ,"Sharma, R.; Bajaj, V.; Maniram, R.S.; Dube, S.",Article,09751556,16,11,
embase,2033480375,,10.1016/j.idcr.2024.e02032,"Understanding dengue outbreaks in Rajshahi district, Bangladesh: A comprehensive case study",2024,IDCases,"Mehedi Hasan Sumon, M.; Jubair, M.; Tony, S.R.; Johorul Islam, M.; Paul, D.K.; Shaharia, M.A.; Faisal Alam, K.M.; Rahman, M.; Biswas, S.K.",Article,22142509,37,,e02032
embase,2034063216,,10.1155/2024/5588127,Support Vector Machine Outperforms Other Machine Learning Models in Early Diagnosis of Dengue Using Routine Clinical Data,2024,Advances in Virology,"Qaiser, A.; Manzoor, S.; Hashmi, A.H.; Javed, H.; Zafar, A.; Ashraf, J.",Article,16878647,2024,1,5588127
embase,2034435586,,10.48047/jcdr.2024.15.07.174,Correlation of IgM seropositivity in dengue NS1Ag positive samples of patient from rural population,2024,Journal of Cardiovascular Disease Research,"Singh, S.; Rajgopal, S.K.; Sharma, A.; Rawat, P.",Article,09762833,15,7,
embase,2035436148,,,Dengue Virus Infection: Clinico-Epidemiological Characteristics and the Role of Serum Ferritin as a Biomarker,2024,International Journal of Toxicological and Pharmacological Research,"Kumar, R.; Nirmal, A.K.; Chaudhary, R.K.",Article,09755160,14,11,
embase,2035529671,,10.36478/makrjms.2024.12.151.155,Early Detection of Dengue Fever on Day One Using Clinical Criteria and NS1 Antigen Microelisa: A Comparative Study with Immunochromatography,2024,Research Journal of Medical Sciences,"Sreelatha, P.; Shyam Sunder Rao, P.; Nageshwar Rao, B.",Article,19936095,18,12,
embase,2023065420,37138273,10.1186/s12906-023-03971-4,Investigation of the activity of baicalein towards Zika virus,2023,BMC Complementary Medicine and Therapies,"Sawadpongpan, S.; Jaratsittisin, J.; Hitakarun, A.; Roytrakul, S.; Wikan, N.; Smith, D.R.",Article,26627671,23,1,143
embase,2027244171,38113250,10.1371/journal.pntd.0011839,Comparison of clinical and laboratory characteristics between severe and non-severe dengue in paediatrics,2023,PLoS Neglected Tropical Diseases,"Idrus, N.L.; Jamalid, S.M.; Bakar, A.A.; Embong, H.; Ahmad, N.S.",Article,19352735,2023-December,,e0011839
embase,643426023,,,A STUDY ON CLINICAL CHARACTERISTICS AND SHORT TERM DIVERSE OUTCOMES OF ACUTE KIDNEY INJURY DUE TO TROPICAL INFECTIOUS DISEASES IN A TERTIARY CARE CENTRE FROM SOUTH INDIA,2023,Indian Journal of Nephrology,"Desai, R.J.; Shetty, B.C.; Prabhu, M.V.; Kumar, S.B.; Ashok Bhat, M.; Darshan, V.; Karina, B.; Sharma, R.",Conference Abstract,19983662,33,,
embase,2026017878,37506573,10.1016/j.phymed.2023.154977,Liang-Ge-San inhibits dengue virus serotype 2 infection by reducing caveolin1-induced cytoplasmic heat shock protein 70 translocation into the plasma membrane,2023,Phytomedicine,"Chen, X.; Yang, J.-B.; Cao, H.-H.; Fang, X.-C.; Liu, S.-H.; Zou, L.-F.; Yu, J.-H.; Zuo, J.-P.; Zhao, W.; Lu, Z.-B.; Liu, J.-S.; Yu, L.-Z.",Article,1618095X,119,,154977
embase,2028347458,37702492,10.1128/mbio.01441-23,Dengue virus NS1 secretion is regulated via importin-subunit β1 controlling expression of the chaperone GRp78 and targeted by the clinical drug ivermectin,2023,mBio,"Denolly, S.; Guo, H.; Martens, M.; Płaszczyca, A.; Scaturro, P.; Prasad, V.; Kongmanas, K.; Punyadee, N.; Songjaeng, A.; Mairiang, D.; Pichlmair, A.; Avirutnan, P.; Bartenschlager, R.",Article,21507511,14,5,
embase,2039491585,,,Comparison of Seroprevalence and Clinical Profile of Dengue Among Rural and Urban Populations: A Joint Study of Serology and Epidemiological Patterns,2023,International Journal of Life Sciences Biotechnology and Pharma Research,"Dhirubhai, P.C.; Goyal, R.; Prabhakar, M.C.; Dhaivat, M.M.",Article,22503137,12,4,
embase,641895413,37499611,10.1016/j.psj.2023.102926,Linear epitope identification of monoclonal antibodies against the duck Tembusu virus NS1,2023,Poultry science,"Tan, H.; Zhang, S.; Tan, W.; Hu, T.; He, Y.; Wu, Z.; Wang, M.; Jia, R.; Zhu, D.; Liu, M.; Zhao, X.; Yang, Q.; Wu, Y.; Zhang, S.; Huang, J.; Ou, X.; Gao, Q.; Sun, D.; Cheng, A.; Chen, S.",Article,15253171,102,10,
embase,643422206,38313186,10.25122/jml-2022-0300,Non-structural protein 1 and hematology parameters as predictors of dengue virus infection severity in Indonesia,2023,Journal of medicine and life,"Sunari, I.G.A.A.E.P.; Aryati, A.; Hakim, F.K.N.; Tanzilia, M.F.; Zuroidah, N.; Wrahatnala, B.J.; Rohman, A.; Wardhani, P.; Husada, D.; Miftahussurur, M.",Article,18443117,16,10,
embase,2024623409,,10.1007/s13337-023-00831-0,Utility of CDC DENV1–4 real time PCR assay and trioplex assay for the diagnosis of dengue in patients with acute febrile illness,2023,VirusDisease,"Sarkar, S.; Bora, I.; Gupta, P.; Sapkal, G.; Shethi, S.; Kaur, K.; Ratho, R.K.",Article,23473517,34,3,
embase,2025007339,37573050,10.1016/j.ijmmb.2023.100376,Prospective study to compare results of FIA (fluorescent immunoassay) test with gold standard ELISA test in Dengue NS1 patients admitted in a tertiary care hospital,2023,Indian Journal of Medical Microbiology,"Kulkarni, P.; Taklikar, S.; Turbadkar, D.",Article,19983646,45,,100376
embase,2025691658,37766300,10.3390/v15091894,Advanced Detection Method for Dengue NS1 Protein Using Ultrasensitive ELISA with Thio-NAD Cycling,2023,Viruses,"Chen, P.-K.; Chang, J.-H.; Ke, L.-Y.; Kao, J.-K.; Chen, C.-H.; Yang, R.-C.; Yoshimura, T.; Ito, E.; Tsai, J.-J.",Article,19994915,15,9,1894
embase,2025691801,37766342,10.3390/v15091936,Multi-epitope Antigen for Specific Serological Detection of Dengue Viruses,2023,Viruses,"Pereira, S.S.; Andreata-Santos, R.; de Castro-Amarante, M.F.; Venceslau-Carvalho, A.A.; Sales, N.S.; Silva, M.D.O.; Alves, R.P.D.S.; Jungmann, P.; Ferreira, L.C.D.S.",Article,19994915,15,9,1936
embase,641770555,37427537,10.1039/d3nr01858j,Development of a thermochromic lateral flow assay to improve sensitivity for dengue virus serotype 2 NS1 detection,2023,Nanoscale,"Trakoolwilaiwan, T.; Takeuchi, Y.; Leung, T.S.; Sebek, M.; Storozhuk, L.; Nguyen, L.; Tung, L.D.; Thanh, N.T.K.",Article,20403372,15,31,
embase,2027216581,,,Sero-epidemiological evaluation of dengue-chikungunya coinfections: A study from capital city of Uttarakhand,2023,Journal of Pharmaceutical Sciences and Research,"Kumar, M.; Singh, M.; Singhal, S.; Negi, N.; Rawat, Y.; Thaledi, S.; Pal, S.",Article,09751459,15,8,
embase,2034905137,,10.7860/JCDR/2023/63382.18343,Pulmonary Manifestations of Dengue Fever at a Tertiary Care Centre in Northern India: A Cross-sectional Study,2023,Journal of Clinical and Diagnostic Research,"Fotedar, S.; Singh, J.; Garg, A.; Chinu, M.; Chaudhary, V.; Gaur, V.",Article,0973709X,17,8,
embase,2024746411,37515249,10.3390/v15071563,"Antiviral Activity of an Indole-Type Compound Derived from Natural Products, Identified by Virtual Screening by Interaction on Dengue Virus NS5 Protein",2023,Viruses,"García-Ariza, L.L.; González-Rivillas, N.; Díaz-Aguirre, C.J.; Rocha-Roa, C.; Padilla-Sanabria, L.; Castaño-Osorio, J.C.",Article,19994915,15,7,1563
embase,2024746418,37515097,10.3390/v15071408,"Genomic Surveillance of Recent Dengue Outbreaks in Colombo, Sri Lanka",2023,Viruses,"Maduranga, S.; Valencia, B.M.; Sigera, C.; Adikari, T.; Weeratunga, P.; Fernando, D.; Rajapakse, S.; Lloyd, A.R.; Bull, R.A.; Rodrigo, C.",Article,19994915,15,7,1408
embase,2024746587,37515188,10.3390/v15071501,Investigating the Mechanism of Action of Anti-Dengue Compounds as Potential Binders of Zika Virus RNA-Dependent RNA Polymerase,2023,Viruses,"Alandijany, T.A.; El-Daly, M.M.; Tolah, A.M.; Bajrai, L.H.; Khateb, A.M.; Alsaady, I.M.; Altwaim, S.A.; Dubey, A.; Dwivedi, V.D.; Azhar, E.I.",Article,19994915,15,7,1501
embase,2024825269,37263391,10.1016/j.jim.2023.113503,Expression of recombinant dengue virus type 1 non-structural protein 1 in mammalian cells and preliminary assessment of its suitability to detect human IgG antibodies elicited by viral infection,2023,Journal of Immunological Methods,"Malnero, C.M.; Azevedo, R.C.; Bergmann, I.E.; de Meneses, M.D.F.; Cavalcanti, A.C.; Ibañez, L.I.; Malirat, V.",Article,18727905,518,,113503
embase,2026323106,,10.53555/jptcp.v30i17.2976,STUDY OF CORRELATION OF SEROLOGICAL MARKERS OF DENGUE VIRUS INFECTION WITH PLATELET COUNT AT A TERTIARY CARE HOSPITAL OF CENTRAL INDIA,2023,Journal of Population Therapeutics and Clinical Pharmacology,"Mishra, A.; Saraswat, A.; Gupta, P.; Gawali, D.; Rastogi, A.K.; Sharma, S.",Article,25618741,30,17,
embase,2022777424,,10.1016/j.jcvp.2023.100144,Performance evaluation of a rapid dengue NS1 antigen lateral flow immunoassay test with reference to dengue NS1 antigen-capture ELISA,2023,Journal of Clinical Virology Plus,"Rashiku, M.; Manoharan, K.; Rani, N.; Samal, J.; Gupta, E.; Bhattacharya, S.",Article,26670380,3,2,100144
embase,2024389397,,,Dengue vigilance in COVID-19 pandemic,2023,Kuwait Medical Journal,"How, K.N.; Than, L.T.L.; Leong, C.L.",Article,00235776,55,2,
embase,2023045756,37130982,10.1007/s11306-023-02011-z,Integrated clinical and metabolomic analysis of dengue infection shows molecular signatures associated with host-pathogen interaction in different phases of the disease,2023,Metabolomics,"Rathnakumar, S.; Kambhampati, N.S.V.; Saiswaroop, R.; Pradhan, S.S.; Ramkumar, G.; Beeraka, N.; Muddu, G.K.; Kumar, S.; Javvaji, S.K.; Parangoankar, A.; Sivaramakrishnan, V.; Ramamurthy, S.S.",Article,15733890,19,5,47
embase,2023391128,,10.3390/tropicalmed8050284,"Detection of Anti-ZIKV NS1 IgA, IgM, and Combined IgA/IgM and Identification of IL-4 and IL-10 as Potential Biomarkers for Early ZIKV and DENV Infections in Hyperendemic Regions, Thailand",2023,Tropical Medicine and Infectious Disease,"Petphong, V.; Kosoltanapiwat, N.; Limkittikul, K.; Maneekan, P.; Chatchen, S.; Jittmittraphap, A.; Sriburin, P.; Chattanadee, S.; Leaungwutiwong, P.",Article,24146366,8,5,284
embase,2023466957,37243188,10.3390/v15051102,Identification of Key Residues in Dengue Virus NS1 Protein That Are Essential for Its Secretion,2023,Viruses,"Tan, B.E.K.; Beard, M.R.; Eyre, N.S.",Article,19994915,15,5,1102
embase,2024676142,37200264,10.1371/journal.pone.0285878,A nonstructural protein 1 capture enzyme-linked immunosorbent assay specific for dengue viruses,2023,PLoS ONE,"Lim, P.-Y.; Ramapraba, A.; Loy, T.; Rouers, A.; Thein, T.-L.; Leo, Y.-S.; Burton, D.R.; Fink, K.; Wang, C.-I.",Article,19326203,18,5 May,e0285878
embase,2024723098,37230157,10.1016/j.tmaid.2023.102589,Heart failure after dengue infection– a population-based self-controlled case-series study,2023,Travel Medicine and Infectious Disease,"Wei, K.-C.; Wang, W.-H.; Wu, C.-L.; Chang, S.-H.; Huang, Y.-T.",Article,18730442,53,,102589
embase,2024974534,,10.1101/2023.04.27.23289241,Zika Virus looming epidemic in Pakistan: seroprevalence findings by plaque reduction neutralization test in the Sindh Region of Pakistan,2023,medRxiv,"Imtiaz, K.; Farooqi, J.; Barr, K.L.; Kanji, A.; Prakoso, D.; Azizullah, Z.; Long, M.T.; Khan, E.",Preprint,,,,
embase,2025204118,37129496,10.1128/jvi.01770-22,Intracellular Vimentin Regulates the Formation of Classical Swine Fever Virus Replication Complex through Interaction with NS5A Protein,2023,Journal of Virology,"Cheng, Y.; Lou, J.-X.; Liu, Y.-Y.; Liu, C.-C.; Chen, J.; Yang, M.-C.; Ye, Y.-B.; Go, Y.Y.; Zhou, B.",Article,10985514,97,5,
embase,2023008938,37112887,10.3390/v15040904,Laboratory Evaluation and Field Testing of Dengue NS1 and IgM/IgG Rapid Diagnostic Tests in an Epidemic Context in Senegal,2023,Viruses,"Ndiaye, O.; Woolston, K.; Gaye, A.; Loucoubar, C.; Cocozza, M.; Fall, C.; Dia, F.; Adams, E.R.; Samb, M.; Camara, D.; Sadio, B.D.; Diagne, C.T.; Weidmann, M.; Faye, O.; Fitchett, J.R.A.; Sall, A.A.; Diagne, C.T.",Article,19994915,15,4,904
embase,2024699262,37075076,10.1371/journal.ppat.1011286,CMPK2 restricts Zika virus replication by inhibiting viral translation,2023,PLoS Pathogens,"Pawlak, J.B.; Hsu, J.C.-C.; Xia, H.; Han, P.; Suh, H.-W.; Grove, T.L.; Morrison, J.; Shi, P.-Y.; Cresswell, P.; Laurent-Rolle, M.",Article,15537374,19,4,e1011286
embase,646802935,,,MONITORING LEVELS OF DENGUE VIRUS 1-4 NS1 IN ACUTE PRIMARY AND SECONDARY SAMPLES USING A NEW QUANTITATIVE NS1 CAPTURE ELISA,2023,American Journal of Tropical Medicine and Hygiene,"Warnes, C.M.; Duyen, H.T.L.; Marquez, S.; Calero, Y.V.V.; Nipaz, V.; Zambrana, J.V.; Vivero, S.; Puerta-Guardo, H.; Espinosa, D.A.; Beatty, P.R.; Balmaseda, A.; Biering, S.B.; Coloma, J.; Yacoub, S.; Harris, E.",Conference Abstract,00029637,108,4,
embase,646803118,,,LAB EVALUATION AND DEPLOYMENT OF DENGUE NS1 AND IGM/IGG RAPID DIAGNOSTIC TESTS IN AN EPIDEMIC CONTEXT IN SENEGAL,2023,American Journal of Tropical Medicine and Hygiene,"Ndiaye, O.; Diagne, C.T.",Conference Abstract,00029637,108,4,
embase,647428142,,,LONGITUDINAL ASSESSMENT OF DENGUE NS1-SPECIFIC HUMORAL IMMUNE MEMORY IN HUMAN COHORTS FOLLOWING PRIMARY DENGUE INFECTION,2023,American Journal of Tropical Medicine and Hygiene,"Lyski, Z.L.; Booty, B.; Micheletti, C.A.; Osman, S.R.; Rodríguez-Santiago, R.; Rivera-Amill, V.; Messer, W.B.",Conference Abstract,00029637,108,4,
embase,2022294092,,10.3390/diagnostics13061137,"Performance of VIDAS@sup_begin®@sup_end Diagnostic Tests for the Automated Detection of Dengue Virus NS1 Antigen and of Anti-Dengue Virus IgM and IgG Antibodies: A Multicentre, International Study",2023,Diagnostics,"Versiani, A.F.; Kaboré, A.; Brossault, L.; Dromenq, L.; dos Santos, T.M.I.L.; Milhim, B.H.G.A.; Estofolete, C.F.; Cissé, A.; Sorgho, P.A.; Senot, F.; Tessonneau, M.; Diagbouga, S.; Nogueira, M.L.",Article,20754418,13,6,1137
embase,2022315219,,10.3390/v15030654,Identification of Zika Virus NS1-Derived Peptides with Potential Applications in Serological Tests,2023,Viruses,"Prudencio, C.R.; Gomes da Costa, V.; Rocha, L.B.; da Costa, H.H.M.; Orts, D.J.B.; da Silva Santos, F.R.; Rahal, P.; Lino, N.A.B.; da Conceição, P.J.P.; Bittar, C.; Machado, R.R.G.; Durigon, E.L.; Araujo, J.P.; Polatto, J.M.; da Silva, M.A.; de Oliveira, J.A.; Mitsunari, T.; Pereira, L.R.; Andreata-Santos, R.; de Souza Ferreira, L.C.; Luz, D.; Piazza, R.M.F.",Article,19994915,15,3,654
embase,2023678990,36930690,10.1371/journal.ppat.1011241,Negative regulation of type I interferon signaling by integrin-linked kinase permits dengue virus replication,2023,PLoS Pathogens,"Kao, Y.-S.; Wang, L.-C.; Chang, P.-C.; Lin, H.-M.; Lin, Y.-S.; Yu, C.-Y.; Chen, C.-C.; Lin, C.-F.; Yeh, T.-M.; Wan, S.-W.; Wang, J.-R.; Ho, T.-S.; Chu, C.-C.; Zhang, B.-C.; Chang, C.-P.",Article,15537374,19,3 March,e1011241
embase,641182317,,10.1007/s13337-023-00811-4,"Spectrum of adverse maternal, fetal and neonatal outcomes following Dengue infection during pregnancy in a tertiary care hospital of north India: Evidence suggestive of Perinatal transmission",2023,VirusDisease,"Kang, M.; Kaur, A.; Sharma, V.; Katoch, T.; Dutta, S.; Chauhan, K.; Singh, B.; Bal, A.; Rohilla, M.; Bora, I.; Aggarwal, N.; Ratho, R.K.",Conference Abstract,23473517,34,1,
embase,2021753637,36826051,10.3390/cimb45020106,Stability of Dengue 2 Nonstructural Glycoprotein 1 (NS1) Is Affected by the Nature of Basic Residue at Position NS1-324,2023,Current Issues in Molecular Biology,"Ogire, E.; El-Kalamouni, C.; Desprès, P.; Roche, M.",Article,14673045,45,2,
embase,2021778731,,10.3390/ph16020263,N-Butanol Extract of Glycyrrhizae Radix et Rhizoma Inhibits Dengue Virus through Targeting Envelope Protein,2023,Pharmaceuticals,"Shi, L.-Z.; Chen, X.; Cao, H.-H.; Tian, C.-Y.; Zou, L.-F.; Yu, J.-H.; Lu, Z.-B.; Zhao, W.; Liu, J.-S.; Yu, L.-Z.",Article,14248247,16,2,263
embase,2021805654,,10.3390/tropicalmed8020117,Diagnostic Performance of Dengue NS1 and Antibodies by Serum Concentration Technique,2023,Tropical Medicine and Infectious Disease,"Luvira, V.; Thawornkuno, C.; Lawpoolsri, S.; Thippornchai, N.; Duangdee, C.; Ngamprasertchai, T.; Leaungwutiwong, P.",Article,24146366,8,2,117
embase,2021861803,36851721,10.3390/v15020507,"Co-Circulation of Dengue Virus Serotypes 1, 2, and 3 during the 2022 Dengue Outbreak in Nepal: A Cross-Sectional Study",2023,Viruses,"Rimal, S.; Shrestha, S.; Pandey, K.; Nguyen, T.V.; Bhandari, P.; Shah, Y.; Acharya, D.; Adhikari, N.; Rijal, K.R.; Ghimire, P.; Takamatsu, Y.; Pandey, B.D.; Fernandez, S.; Morita, K.; Ngwe Tun, M.M.; Dumre, S.P.",Article,19994915,15,2,507
embase,2022220729,36649670,10.1016/j.phymed.2023.154650,Quassinoids from Eurycoma longifolia with antiviral activities by inhibiting dengue virus replication,2023,Phytomedicine,"He, X.; Zheng, Y.; Tian, C.; Wen, T.; Yang, T.; Yu, J.; Fang, X.; Fan, C.; Liu, J.; Yu, L.",Article,1618095X,110,,154650
embase,2023376269,,10.4103/1995-7645.368021,Seroprevalence of dengue virus among adults presenting with acute febrile illness at a tertiary care hospital in South India,2023,Asian Pacific Journal of Tropical Medicine,"Mohanam, L.; Shanmugam, P.",Letter,19957645,16,2,
embase,2021190207,,10.3390/v15010234,Association between Anti-DENV IgM Serum Prevalence and CD11b Expression by Classical Monocytes in Obesity,2023,Viruses,"Costa, K.B.; Garcia, B.C.C.; Costa, M.L.B.; Pena, Y.G.; Figueiredo, E.A.B.; Ottoni, M.H.F.; Santos, J.D.; de Oliveira Ottone, V.; de Oliveira, D.B.; Rocha-Vieira, E.",Article,19994915,15,1,234
embase,2021909349,36463933,10.1016/j.jim.2022.113396,A peptide derived from the N-terminal of NS2A for the preparation of ZIKV NS2A recognition polyclonal antibody,2023,Journal of Immunological Methods,"Yu, Y.; Chen, Y.; Wang, J.; Fan, X.; He, Z.; Qiao, S.; Hou, S.; Zou, P.",Article,18727905,512,,113396
embase,2022167123,36968111,10.3389/fcimb.2023.1130749,Replication in the presence of dengue convalescent serum impacts Zika virus neutralization sensitivity and fitness,2023,Frontiers in Cellular and Infection Microbiology,"Marano, J.M.; Weger-Lucarelli, J.",Article,22352988,13,,1130749
embase,2022366484,,10.3389/fmicb.2023.1107496,Structural and immunological basis of cross-reactivity between dengue and Zika infections: Implications in serosurveillance in endemic regions,2023,Frontiers in Microbiology,"Gaspar-Castillo, C.; Rodríguez, M.H.; Ortiz-Navarrete, V.; Alpuche-Aranda, C.M.; Martinez-Barnetche, J.",Review,1664302X,14,,1107496
embase,2022438917,,10.1155/2023/2635383,Differential Infectivity of Human Neural Cell Lines by a Dengue Virus Serotype-3 Genotype-III with a Distinct Nonstructural Protein 2A (NS2A) Amino Acid Substitution Isolated from the Cerebrospinal Fluid of a Dengue Encephalitis Patient,2023,Canadian Journal of Infectious Diseases and Medical Microbiology,"Phu Ly, M.H.; Nguyen, C.T.; Nguyen, T.V.; Ngan Nguyen, T.T.; Nabeshima, T.; Adungo, F.; Takamatsu, Y.; Huy, N.T.; Mai Le, T.Q.; Morita, K.; Hasebe, F.; Moi, M.L.",Article,19181493,2023,,2635383
embase,2022468801,37036441,10.1080/08820139.2023.2195432,Production and Characterization of Two Specific ZIKV Antigens Based on Bioinformatic Analysis and Serological Screening,2023,Immunological Investigations,"Ribeiro Mota Souza, R.; Campos, G.S.; Hughes Carvalho, R.; Brandão Peixoto, I.; Santos Galante, R.; Santana Moreira, L.; Beutinger Marchioro, S.; José Meyer Nascimento, R.; Sardi, S.I.",Article,15324311,52,4,
embase,2023135448,37180434,10.3389/fcimb.2023.1132538,Drug repurposing approach against chikungunya virus: an in vitro and in silico study,2023,Frontiers in Cellular and Infection Microbiology,"Kasabe, B.; Ahire, G.; Patil, P.; Punekar, M.; Davuluri, K.S.; Kakade, M.; Alagarasu, K.; Parashar, D.; Cherian, S.",Article,22352988,13,,1132538
embase,2023822475,,,A Comparative Study on NS1 Antigen Detection in Acute Dengue Infection by Rapid Diagnostic Test and Elisa in a Tertiary Care Hospital,2023,International Journal of Pharmaceutical and Clinical Research,"Madhurina, P.; Lakshmi, P.M.",Article,09751556,15,4,
embase,2024163259,,,The Aspartate Aminotransferase Platelet Count Ratio Index (APRI) as an Ideal Predictor of Dengue Severity,2023,International Journal of Life Sciences Biotechnology and Pharma Research,"Talari, P.P.; Harika, R.L.; Faujdar, D.S.; Nagarjuna, P.",Article,22503137,12,1,
embase,2024843837,37554332,10.3389/fimmu.2023.1202055,Identification of prior dengue-naïve Dengvaxia recipients with an increased risk for symptomatic dengue during fever surveillance in the Philippines,2023,Frontiers in Immunology,"Dai, Y.-C.; Sy, A.K.; Jiz, M.; Tsai, J.-J.; Bato, J.; Quinoñes, M.A.; Reyes, M.A.J.; Wang, W.-K.",Article,16643224,14,,1202055
embase,2024965533,,10.1155/2023/3995366,Diagnosis of Acute Dengue Virus Infection Using Enzyme-Linked Immunosorbent Assay and Real-Time PCR,2023,Canadian Journal of Infectious Diseases and Medical Microbiology,"Iqbal, G.; Javed, H.; Raza, F.A.; Gohar, U.F.; Fatima, W.; Khurshid, M.",Article,19181493,2023,,3995366
embase,2025290451,,,Correlation of Liver Function Test and Severity in Dengue Patients,2023,International Journal of Pharmaceutical and Clinical Research,"Saradva, B.; Gupta, P.; Shrimali, L.; Shah, M.",Article,09751556,15,8,
embase,2025916676,,,Comparison of Rapid Immuno- Chromatographic Card Test with Elisa in Diagnosis of Dengue Fever at Tertiary Care Centre,2023,International Journal of Pharmaceutical and Clinical Research,"Raghu Prakash Reddy, N.; Reddy, S.K.G.; Tejaswani, B.V.V.V.",Article,09751556,15,7,
embase,2026208679,,,A Comparative Study on NS1 Antigen Detection in Acute Dengue Infection by Rapid Diagnostic Test and Elisa in a Tertiary Care Hospital,2023,International Journal of Pharmaceutical and Clinical Research,"Shashikala, A.; Namburi, P.R.",Article,09751556,15,9,
embase,2026375260,,,A Study on Seroprevalence of Dengue Virus in a Tertiary Care Hospital in North Karnataka,2023,International Journal of Pharmaceutical and Clinical Research,"Mali, M.H.A.; Baig, M.H.A.; Kauser, S.H.",Article,09751556,15,10,
embase,2026459390,,,A Study of Hematological Parameters in Dengue Positive Cases in a Tertiary Care Hospital,2023,International Journal of Pharmaceutical and Clinical Research,"Priyali,; Sharan, A.; Mahindrakar, P.",Article,09751556,15,10,
embase,2026731245,37927064,10.1080/21505594.2023.2279355,Lambda-free light chain: A serum marker of dengue disease via NS3 protease-mediated antibody cleavage,2023,Virulence,"Wang, S.-H.; Kuo, B.-J.; Ho, T.-C.; Wan, S.-W.; Yen, K.-L.; Huang, P.-H.; Perng, O.G.C.; Chen, P.-L.; Chien, Y.-W.; Lo, Y.-C.",Article,21505608,14,1,2279355
embase,2026932386,,10.59218/makijtm.2023.3.69.71,Co‐Infection of Dengue and Scrub Typhus with Concurrent Lower Urinary Tract Infection: A Complex Clinical Presentation,2023,International Journal of Tropical Medicine,"Roy, S.; Sarkar, S.; Haque, R.U.; Ahamed, F.; Ghosh, S.K.; Binyakia, B.K.",Article,1818779X,18,3,
embase,2027288688,,10.48047/jcdr.2023.14.08.39,Early detection of dengue by ELISA,2023,Journal of Cardiovascular Disease Research,"Somsubhra, L.; Narmadha, E.; Channa, R.S.",Article,09762833,14,8,
embase,2029029107,,10.48047/jcdr.2023.14.12.62,EVALUATION OF LIVER ENZYMES IN CHILDREN WITH DENGUE INFECTIONS,2023,Journal of Cardiovascular Disease Research,"Bhagwat, M.P.; Lalwani, M.; Kumar, R.",Article,09762833,14,12,
embase,2029350881,,10.48047/jcdr.2023.14.12.192,CLINICO-SEROLOGICAL ASSESSMENT OF CASES OF DENGUE INFECTION,2023,Journal of Cardiovascular Disease Research,"Ravichandran, L.; Sathyajith, R.; Vasanthi, S.; Krishnakumar, R.C.",Article,09762833,14,12,
embase,2033183581,,,Comparitive Analysis of Ns1 Antigen and Igm Antibody by Elisa in Clinically Suspected Dengue Fever Cases in Tertiary Care Hospital,2023,European Journal of Cardiovascular Medicine,"Sivamma, B.V.; Lavanya, D.; Parameswari, K.; Israel, G.",Article,20424892,13,2,
embase,2033550281,,,Laboratory profile in serologically proven dengue in children,2023,European Journal of Cardiovascular Medicine,"Kumari, M.; Gupta, S.; Husain, S.",Article,20424892,13,4,
embase,640064863,,,DEVELOPMENT of HIGHLY SPECIFIC CAPTURE IMMUNOASSAYS for the EARLY DETECTION of ZIKA VIRUS INFECTION,2023,Biocell,"Roldan, J.S.; Cassola, A.; Castillo, D.S.",Conference Abstract,16675746,47,,
embase,2016816781,,10.1186/s40794-022-00169-3,Dynamics of dengue and SARS-COV-2 co-infection in an endemic area of Colombia,2022,"Tropical Diseases, Travel Medicine and Vaccines","Acosta-Pérez, T.; Rodríguez-Yánez, T.; Almanza-Hurtado, A.; Martínez-Ávila, M.C.; Dueñas-Castell, C.",Article,20550936,8,1,12
embase,2016942442,,,Acute undifferentiated fever in children: Clinical and Etiological profile,2022,European Journal of Molecular and Clinical Medicine,"Nalavath, J.; Pydi, K.K.; Earenti, M.; Krishna Kishore, V.R.V.",Article,25158260,9,1,
embase,2020734688,,10.3390/tropicalmed7120420,"Analysis of a Dengue Virus Outbreak in Rosso, Senegal 2021",2022,Tropical Medicine and Infectious Disease,"Dieng, I.; Barry, M.A.; Talla, C.; Sow, B.; Faye, O.; Diagne, M.M.; Sene, O.; Ndiaye, O.; Diop, B.; Diagne, C.T.; Fall, G.; Sall, A.A.; Loucoubar, C.; Faye, O.",Article,24146366,7,12,420
embase,2021634197,,10.22207/JPAM.16.4.70,Recent Advances in Methods Detecting the Dengue virus,2022,Journal of Pure and Applied Microbiology,"Alghamdi, M.K.; Bahieldin, A.; Edris, S.",Review,2581690X,16,4,
embase,640005028,,10.1186/s12919-022-00237-8,Production of recombinant shark V@sub_beginNAR@sub_end single domain antibody specific against DENV Type 2 NS1,2022,BMC Proceedings,"Kok, B.H.; Lim, H.T.; Lim, C.P.; Leow, C.Y.; Leow, C.H.",Conference Abstract,17536561,16,,
embase,640020759,,10.1093/ofid/ofac492.1004,Changing spectrum of aetiology of Acute Fever with Jaundice (Tropical Jaundice) in Adults presenting to Emergency Care--- A study from a Tertiary Care Hospital in North India,2022,Open Forum Infectious Diseases,"Suri, V.; Singh, M.; Duseja, A.; Biswal, M.; Singh, M.P.; Goyal, K.; Mohindra, R.; Singh, H.; Bhalla, A.; Ratho, R.",Conference Abstract,23288957,9,,
embase,2021402168,36344111,10.4049/jimmunol.2200251,Generation of a Large Repertoire of Monoclonal Antibodies against Dengue Virus NS1 Antigen and the Development of a Novel NS1 Detection Enzyme-Linked Immunosorbent Assay,2022,Journal of Immunology,"Mehdi, F.; Chowdhury, S.R.; Yadav, S.; Kansana, J.S.; Sinha, S.K.; Das, S.J.; Lodha, R.; Prakash, J.A.J.; Lamminimäki, U.; Batra, G.",Article,15506606,209,10,
embase,639614592,36426952,10.4049/jimmunol.2200251,Generation of a Large Repertoire of Monoclonal Antibodies against Dengue Virus NS1 Antigen and the Development of a Novel NS1 Detection Enzyme-Linked Immunosorbent Assay,2022,"Journal of immunology (Baltimore, Md. : 1950)","Mehdi, F.; Chowdhury, S.R.; Yadav, S.; Kansana, J.S.; Sinha, S.K.; Das, S.J.; Lodha, R.; Prakash, J.A.J.; Lamminimäki, U.; Batra, G.",Article,15506606,209,10,
embase,2021353787,,10.3390/tropicalmed7110378,"Arbovirus Seroprevalence Study in Bangphae District, Ratchaburi Province, Thailand: Comparison between ELISA and a Multiplex Rapid Diagnostic Test (Chembio DPP@sup_begin®@sup_end ZCD IgG)",2022,Tropical Medicine and Infectious Disease,"Chakma, R.; Sriburin, P.; Sittikul, P.; Rattanamahaphoom, J.; Nuprasert, W.; Thammasonthijarern, N.; Maneekan, P.; Thaipadungpanit, J.; Arunsodsai, W.; Sirivichayakul, C.; Limkittikul, K.; Chatchen, S.",Article,24146366,7,11,378
embase,2021950124,,10.3390/pharmaceutics14112439,The Influence of Preforming Protein Coronas on the Performance of Dengue NS1 Immunoassays,2022,Pharmaceutics,"Rijal, H.; Goggin, L.; Muriph, R.; Evans, J.; Hamad-Schifferli, K.",Article,19994923,14,11,2439
embase,2021951711,,10.3390/tropicalmed7110348,Development of an Anti-Zika and Anti-Dengue IgM ELISA Assay: Evaluation of Cross Reactivity and Validation,2022,Tropical Medicine and Infectious Disease,"Cerutti, H.; Tesi, G.; Soldatini, C.; Bandini, T.; Castria, M.; Brogi, A.",Article,24146366,7,11,348
embase,639280212,36241653,10.1038/s41598-022-21581-x,A performance comparison between fluorescent immunoassay and immunochromatography for rapid dengue detection in clinical specimens,2022,Scientific reports,"Ruchusatsawat, K.; Benjamungkalarak, T.; Phunikom, N.; Vateh, H.; Kowitdamrong, E.; Wongpiyabovorn, J.; Boonyasuppayakorn, S.",Article,20452322,12,1,
embase,NCT05580731,,,Evaluation Study of Commercially Available Rapid Diagnostic Tests (RDTs) Detecting Antigen and Antibodies Against Dengue Virus,2022,clinicaltrials.gov,,Clinical Trial,,,,
embase,2019055206,,10.22442/jlumhs.2022.00953,Acalculous Cholecystitis in Dengue,2022,Journal of the Liaquat University of Medical and Health Sciences,"Rasool, F.K.; Nageen, A.; Rasool, A.K.; Bashir, F.",Article,23098627,21,4,
embase,2019762263,,10.3390/tropicalmed7100254,Combining Immunoassays to Identify Zika Virus Infection in Dengue-Endemic Areas,2022,Tropical Medicine and Infectious Disease,"Sittikul, P.; Sriburin, P.; Rattanamahaphoom, J.; Limkittikul, K.; Sirivichayakul, C.; Chatchen, S.",Article,24146366,7,10,254
embase,2019780163,,10.3390/pathogens11101095,A Promising Tool in Serological Diagnosis: Current Research Progress of Antigenic Epitopes in Infectious Diseases,2022,Pathogens,"Zhou, J.; Chen, J.; Peng, Y.; Xie, Y.; Xiao, Y.",Review,20760817,11,10,1095
embase,2022854421,36888805,10.17843/rpmesp.2022.394.11471,DIAGNOSTIC PERFORMANCE OF THE RAPID TEST FOR THE DETECTION OF NS1 ANTIGEN AND IgM AND IgG ANTI-ANTIBODIES AGAINST DENGUE VIRUS,2022,Revista Peruana de Medicina Experimental y Salud Publica,"Valdivia-Conroy, B.; Vasquez-Calderón, J.M.; Silva-Caso, W.; Martins-Luna, J.; Aguilar-Luis, M.A.; Del Valle-Mendoza, J.; Puyén, Z.M.",Article,17264642,39,4,
embase,2018719415,35988010,10.1007/s10096-022-04485-6,A systematic review and meta-analysis on the accuracy of rapid immunochromatographic tests for dengue diagnosis,2022,European Journal of Clinical Microbiology and Infectious Diseases,"Macêdo, J.V.L.; Frias, I.A.M.; Oliveira, M.D.L.; Zanghelini, F.; Andrade, C.A.S.",Article,14354373,41,9,
embase,2020156260,36074783,10.1371/journal.pone.0273414,The characteristics of bacteremia among patients with acute febrile illness requiring hospitalization in Indonesia,2022,PLoS ONE,"Soedarmono, P.; Diana, A.; Tauran, P.; Lokida, D.; Aman, A.T.; Alisjahbana, B.; Arlinda, D.; Tjitra, E.; Kosasih, H.; Merati, K.T.P.; Arif, M.; Gasem, M.H.; Susanto, N.H.; Lukman, N.; Sugiyono, R.I.; Hadi, U.; Lisdawati, V.; Tchos, K.G.F.; Neal, A.; Karyana, M.",Article,19326203,17,9 September,e0273414
embase,639680350,,,Association between serotypes of dengue virus and viremia level with clinical presentations among dengue patients admitted to Hospital Canselor Tuanku Mukhriz (HCTM): A pilot study,2022,Medical Journal of Malaysia,"Mahadi, M.; Azami, N.A.M.; Abdullah, N.A.; Othman, S.N.; Kori, N.; Neoh, H.; Salleh, S.A.; Rashid, N.Z.Z.; Periyasamy, P.",Conference Abstract,03005283,77,,
embase,NCT05568953,,,An Experimental Medicine Decipher of a Minimum Correlate of Cellular Immunity,2022,clinicaltrials.gov,,Clinical Trial,,,,
embase,2018813022,36045680,10.3389/fimmu.2022.941923,Antibodies against the SARS-CoV-2 S1-RBD cross-react with dengue virus and hinder dengue pathogenesis,2022,Frontiers in Immunology,"Cheng, Y.-L.; Chao, C.-H.; Lai, Y.-C.; Hsieh, K.-H.; Wang, J.-R.; Wan, S.-W.; Huang, H.-J.; Chuang, Y.-C.; Chuang, W.-J.; Yeh, T.-M.",Article,16643224,13,,941923
embase,2017382959,,10.3390/pathogens11070741,Serological Evidence of Zika Virus Circulation in Burkina Faso,2022,Pathogens,"Tinto, B.; Kaboré, D.P.A.; Kania, D.; Kagoné, T.S.; Kiba-Koumaré, A.; Pinceloup, L.; Thaurignac, G.; Van de Perre, P.; Dabire, R.K.; Baldet, T.; Guitierrez, S.; Gil, P.; Ayouba, A.; Salinas, S.; Simonin, Y.",Article,20760817,11,7,741
embase,2018305711,35886607,10.3390/ijerph19148756,Diagnostic Accuracy of Various Immunochromatographic Tests for NS1 Antigen and IgM Antibodies Detection in Acute Dengue Virus Infection,2022,International Journal of Environmental Research and Public Health,"Haider, M.; Yousaf, S.; Zaib, A.; Sarfraz, A.; Sarfraz, Z.; Cherrez-Ojeda, I.",Article,16604601,19,14,8756
embase,2018632683,,10.1016/j.eclinm.2022.101478,Evaluation of Zika rapid tests as aids for clinical diagnosis and epidemic preparedness,2022,eClinicalMedicine,"Boeras, D.; Diagne, C.T.; Pelegrino, J.L.; Grandadam, M.; Duong, V.; Dussart, P.; Brey, P.; Ruiz, D.; Adati, M.; Wilder-Smith, A.; Falconar, A.K.; Romero, C.M.; Guzman, M.; Hasanin, N.; Sall, A.; Peeling, R.W.",Article,25895370,49,,101478
embase,2017066862,,10.3390/tropicalmed7060091,"Continuous Circulation of Chikungunya Virus during COVID-19 Pandemic in Jambi, Sumatra, Indonesia",2022,Tropical Medicine and Infectious Disease,"Santoso, M.S.; Haryanto, S.; Rulian, F.; Hayati, R.F.; Kristiani, A.; Kartika, R.; Yohan, B.; Hibberd, M.L.; Sasmono, R.T.",Article,24146366,7,6,91
embase,2017534036,35771876,10.1371/JOURNAL.PNTD.0010537,The polymorphic landscape analysis of GATA1 exons uncovered the genetic variants associated with higher thrombocytopenia in dengue patients,2022,PLoS Neglected Tropical Diseases,"Rimon, R.A.; Sayem, M.; Alam, S.; Al Saba, A.; Sanyal, M.; Amin, M.D.; Kabir, A.; Chakraborty, S.; Nurun Nabi, A.H.M.",Article,19352735,16,6,e0010537
embase,2019045577,35604130,10.1128/spectrum.00711-21,Performance Evaluation of a Dengue IgG Rapid Diagnostic Test Designed to Determine Dengue Serostatus as Part of Prevaccination Screening,2022,Microbiology Spectrum,"Liberal, V.; Forrat, R.; Zhang, C.; Pan, C.; Bonaparte, M.; Yin, W.; Zheng, L.; Viscardi, V.; Wu, Y.; Ataman-Önal, Y.; Savarino, S.; Chen, C.",Article,21650497,10,3,
embase,2020110073,,,Elisa vs Rapid card: Comparitive evaluation for dengue diagnosis,2022,European Journal of Molecular and Clinical Medicine,"Nema, P.; Hardaha, A.; Mahore, S.K.; Rai, A.",Article,25158260,9,6,
embase,2020488965,,,Evaluation of Serum Ferritin and CRP Level in Dengue Fever & its Correlation with Thrombocytipenia in Southren Odisha,2022,European Journal of Molecular and Clinical Medicine,"Sundar, P.S.; Sethi, S.K.",Article,25158260,9,7,
embase,2021293460,,,Comparative Analysis of Ns1 Antigen and IGM Antibody by ELISA of Clinically Suspected Dengue Fever Cases in a Tertiary Care Centre,2022,European Journal of Molecular and Clinical Medicine,"Mounica, T.; Lavanya, D.; Padma Priya, N.",Article,25158260,9,7,
embase,2015582260,35397074,10.1007/s10096-022-04441-4,Non-structural protein 1 (NS1) variants from dengue virus clinical samples revealed mutations that influence NS1 production and secretion,2022,European Journal of Clinical Microbiology and Infectious Diseases,"Ghosh, A.; Sukla, S.; Nath, H.; Saha, R.; De, A.; Biswas, S.",Article,14354373,41,5,
embase,2016792388,,10.3390/tropicalmed7050068,Dengue and COVID-19: Managing Undifferentiated Febrile Illness during a “Twindemic”,2022,Tropical Medicine and Infectious Disease,"Wee, L.E.; Conceicao, E.P.; Sim, J.X.-Y.; Aung, M.K.; Oo, A.M.; Yong, Y.; Arora, S.; Venkatachalam, I.",Article,24146366,7,5,68
embase,2016959907,35507541,10.1371/journal.pntd.0010281,"Simple clinical and laboratory predictors to improve empirical treatment strategies in areas of high scrub typhus and dengue endemicity, central Vietnam",2022,PLoS Neglected Tropical Diseases,"Tran, H.T.D.; Schindler, C.; Pham, T.T.T.; Vien, M.Q.; Do, H.M.; Ngo, Q.T.; Nguyen, T.B.; Hoang, H.T.H.; Vu, L.T.H.; Schelling, E.; Paris, D.H.",Article,19352735,16,5,e0010281
embase,2016959908,35507552,10.1371/journal.pntd.0010365,Combining rapid diagnostic tests to estimate primary and post-primary dengue immune status at the point of care,2022,PLoS Neglected Tropical Diseases,"Biggs, J.R.; Sy, A.K.; Ashall, J.; Santoso, M.S.; Brady, O.J.; Reyes, M.A.J.; Quinones, M.A.; Jones-Warner, W.; Tandoc, A.O.; Sucaldito, N.L.; Mai, H.K.; Lien, L.T.; Thai, H.D.; Nguyen, H.A.T.; Anh, D.D.; Iwasaki, C.; Kitamura, N.; Van Loock, M.; Herrera-Taracena, G.; Menten, J.; Rasschaert, F.; Van Wesenbeeck, L.; Masyeni, S.; Haryanto, S.; Yohan, B.; Cutiongco-De la Paz, E.; Yoshida, L.-M.; Hue, S.; Capeding, M.R.Z.; Padilla, C.D.; Sasmono, R.T.; Hafalla, J.C.R.; Hibberd, M.L.",Article,19352735,16,5,e0010365
embase,2018699401,,10.1016/j.cca.2022.04.093,"Evaluation and comparison of Dengue NS1, Chikungunya and HCV: Fluorescence immunoassay with rapid immunochromatographic test",2022,Clinica Chimica Acta,"Islam, M.S.",Conference Abstract,18733492,530,,
embase,638370984,,10.1111/aji.13545,(Gusdon Award Finalist) Discovery and characterization of a small molecule inhibitor that targets the NS2B-NS3 protease of zika virus and inhibits viral replication,2022,American Journal of Reproductive Immunology,"Jones, B.; Kumar, D.",Conference Abstract,16000897,87,SUPPL 1,
embase,2007243996,,10.1016/j.mjafi.2020.06.009,Dengue infection with warning signs: The 2019 epidemic,2022,Medical Journal Armed Forces India,"Singh, V.; Mishra, S.C.; Agarwal, N.A.; Mallikarjuna, P.A.; Raut, B.B.",Article,22134743,78,2,
embase,2016585199,35389998,10.1371/journal.pntd.0010266,Smartphone multiplex microcapillary diagnostics using Cygnus: Development and evaluation of rapid serotype-specific NS1 detection with dengue patient samples,2022,PLoS Neglected Tropical Diseases,"Needs, S.H.; Sirivisoot, S.; Jegouic, S.; Prommool, T.; Luangaram, P.; Srisawat, C.; Sriraksa, K.; Limpitikul, W.; Mairiang, D.; Malasit, P.; Avirutnan, P.; Puttikhunt, C.; Edwards, A.D.",Article,19352735,16,4,e0010266
embase,2016891982,,10.52711/0974-360X.2022.00248,Comparison of Diagnostic Tests for Detection of Nonstructural-1(NS1) Antigen Dengue virus using Immunochromatography and Fluorescence Immunoassay Methods,2022,Research Journal of Pharmacy and Technology,"Zuroidah, N.; Tanzilia, M.F.; Sunari, I.G.A.A.E.P.; Wrahatnala, B.J.; Haki, F.K.N.; Aryati,; Wardhani, P.; Husada, D.; Rohman, A.; Tarmizi, S.N.",Article,0974360X,15,4,
embase,2018101428,,10.7860/JCDR/2022/55640.16257,"Comparison of NS1 Antigen Detection by RDT and ELISA and its Concordance with RT-PCR for the Early Diagnosis of Dengue in Ananthapuramu District, Andhra Pradesh, India",2022,Journal of Clinical and Diagnostic Research,"Naidu, A.P.; Saikumar, C.; Swarnaiatha, G.; Sulthana, S.; Meeniga, S.",Article,0973709X,16,4,
embase,2017611538,,10.1101/2022.03.16.22272491,"Performance of VIDAS@sup_begin®@sup_end Diagnostic Tests for the Automated Detection of Dengue Virus NS1 Antigen and of Anti-Dengue Virus IgM and IgG Antibodies: a Multicentre, International Study",2022,medRxiv,"Versiani, A.F.; Kaboré, A.; Brossault, L.; Dromenq, L.; dos Santos, T.M.I.L.; Milhim, B.H.G.A.; Estofolete, C.F.; Cissé, A.; Sorgho, A.C.; Senot, F.; Tessonneau, M.; Diagbouga, S.; Nogueira, M.L.",Preprint,,,,
embase,2015339789,35309328,10.3389/fimmu.2022.852452,Development of Novel Dengue NS1 Multiplex Lateral Flow Immunoassay to Differentiate Serotypes in Serum of Acute Phase Patients and Infected Mosquitoes,2022,Frontiers in Immunology,"Lai, S.-C.; Huang, Y.-Y.; Wey, J.-J.; Tsai, M.-H.; Chen, Y.-L.; Shu, P.-Y.; Chang, S.-F.; Hung, Y.-J.; Hou, J.-N.; Lin, C.-C.",Article,16643224,13,,852452
embase,2017056165,,10.1016/j.ijid.2021.12.287,Development of highly sensitive DENV NS1 antigen detection Immunoassay,2022,International Journal of Infectious Diseases,"Mehdi, F.; Chowdhury, S.R.; Yadav, S.; Kansana, J.; Batra, G.",Conference Abstract,18783511,116,,
embase,2017056304,,10.1016/j.ijid.2021.12.282,"Detection of Dengue Virus Serotype 3 in Cajamarca, Peru: Molecular Diagnosis and Clinical Characteristics",2022,International Journal of Infectious Diseases,"Aguilar-Luis, M.A.; Carrillo-Ng, H.; Kym, S.; Silva-Caso, W.; Verne, E.; Valle, L.J.D.; Bazán-Mayra, J.; Zavaleta-Gavidea, V.; Cornejo-Pacherres, D.; Tarazona-Castro, Y.; Ortega, R.A.; Cornejo-Tapia, A.; Valle-Mendoza, J.D.",Conference Abstract,18783511,116,,
embase,2017144609,,10.22207/JPAM.16.1.42,Diagnostic Efficacy of Rapid Immunochromatographic Test in Diagnosis of Dengue Infection,2022,Journal of Pure and Applied Microbiology,"Kaur, C.; Sharma, S.",Article,2581690X,16,1,
embase,638270133,35708411,10.4103/0972-9062.328975,Detection of recombinant dengue virus 2 NS1 protein in Aedes aegypti mosquitoes using commercial Dengue NS1 ELISA kit,2022,Journal of Vector Borne Diseases,"Abraham, P.; Sankari, T.; Kumar, N.; Kumar, A.",Article,09729062,59,1,
embase,2015668577,35215929,10.3390/v14020339,In Vitro Inhibition of Replication of Dengue Virus Serotypes 1–4 by siRNAs Bound to Non-Toxic Liposomes,2022,Viruses,"Rodriguez-Salazar, C.A.; Recalde-Reyes, D.P.; Bedoya, J.P.; Padilla-Sanabria, L.; Castaño-Osorio, J.C.; Giraldo, M.I.",Article,19994915,14,2,339
embase,2014110377,34724872,10.1080/15321819.2021.1984252,Comparison of two rapid test kits with real time polymerase chain reaction for early diagnosis of dengue in Sri Lanka,2022,Journal of Immunoassay and Immunochemistry,"Ariyaratne, M.H.J.D.; Gunasekara, P.; Wajirasena, P.H.; Rathnayake, D.M.; Dilani, D.; Chathuranga, T.; Gomes, L.; Jayatunga, D.A.D.L.; Wewita, S.J.C.; Meegahage, T.; Jayasinghearachchi, H.S.; Wijewickrama, A.; Malavige, G.; De Silva, A.D.",Article,15324230,43,2,
embase,2015526231,34772535,10.1016/j.ijmmb.2021.10.002,"A study on viral haemorrhagic fever due to dengue, chikungunya and Crimean Congo haemorrhagic fever virus among patients attending tertiary care hospital in North East India",2022,Indian Journal of Medical Microbiology,"Prasad, A.K.; Phukan, A.C.; Barman, B.",Article,19983646,40,1,
embase,2015645307,34193660,10.7883/yoken.JJID.2020.1109,Development and Evaluation of Two Double-Antibody Sandwich ELISAs for Detecting Severe Fever with Thrombocytopenia Syndrome Virus Infection,2022,Japanese Journal of Infectious Diseases,"Zhuge, Y.; Ding, C.; Gong, X.; Hu, D.; Zhu, J.; Wang, C.",Article,18842836,75,1,
embase,2015645361,34053951,10.7883/yoken.JJID.2020.1071,Characterization of Human Anti-Dengue NS1 Monoclonal Antibodies Derived from Patients Infected with DENV-2,2022,Japanese Journal of Infectious Diseases,"Kowaboot, S.; Puangmanee, W.; Benjathummarak, S.; Boonha, K.; Chaisri, U.; Ramasoota, P.; Pitaksajjakul, P.",Article,18842836,75,1,
embase,2016750880,35061864,10.1371/journal.ppat.1010271,"A yellow fever virus NS4B inhibitor not only suppresses viral replication, but also enhances the virus activation of RIG-I-like receptor-mediated innate immune response",2022,PLoS Pathogens,"Gao, Z.; Zhang, X.; Zhang, L.; Wu, S.; Ma, J.; Wang, F.; Zhou, Y.; Dai, X.; Bullitt, E.; Du, Y.; Guo, J.-T.; Chang, J.",Article,15537374,18,1,e1010271
embase,2016771190,36032477,10.4314/ahs.v22i1.61,"Incidence of Dengue fever, serotypes, clinical features, and laboratory markers: a case study of 2019 outbreak at district Shangla, KP, Pakistan",2022,African Health Sciences,"Rehman, A.U.; Anwar, F.; Tayyab, M.; Haq, I.; Haq, M.; Ahmed, A.; Haq, H.; Khan, A.S.",Article,16806905,22,1,
embase,2017573975,,10.31838/jcdr.2022.13.01.128,Study of the Clinical Profile with Special Reference to Ophthalmic Manifestations in Dengue Patients in Tertiary Care Centre of Central India,2022,Journal of Cardiovascular Disease Research,"Kumar, A.; Agarwal, R.; Kaushal, R.; Verma, I.",Article,09762833,13,1,
embase,2018971192,,,A Study to Access the Role of Serum Ferretin Levels as an Early Prognostic Marker to Predict the Severity of Dengue Viral Fever,2022,International Journal of Pharmaceutical and Clinical Research,"Jain, K.; Manish,; Bhati, M.R.; Tiwari, R.; Kant, C.",Article,09751556,14,12,
embase,2020588228,,10.1016/j.hpb.2022.05.1264,Dengue Fever in Liver Transplant Recipients,2022,HPB,"Dash, N.R.; Jain, S.",Conference Abstract,14772574,24,,
embase,2020755541,,10.47009/jamp.2022.4.4.17,"A STUDY OF NON-SPECIFIC 1 ANTIGEN AND IGM/IGG ANTIBODY IMMUNOCHROMATOGRAPHY TEST WITH ELISA FOR THE EARLY DETECTION OF DENGUE IN THE SUBURBS OF INDORE, MADHYA PRADESH",2022,International Journal of Academic Medicine and Pharmacy,"Reddy, P.V.K.; Ramanath, K.; Chauhan, S.P.; Mahaseth, B.K.",Article,26875365,4,4,
embase,2021623651,,10.47009/jamp.2022.4.5.43,CLINICO-HAEMATOLOGICAL PROFILE AND OUTCOME OF DENGUE FEVER IN PAEDIATRIC AGE GROUP OF ORISSA - RETROSPECTIVE STUDY,2022,International Journal of Academic Medicine and Pharmacy,"Pradhan, S.K.; Rao, B.M.; Das, K.; Singh, H.K.",Article,26875365,4,5,
embase,2026638697,,10.31838/jcdr.2022.13.04.130,DENGUE FEVER: A PROSPECTIVE STUDY OF ITS CLINICAL AND LABORATORY FINDINGS,2022,Journal of Cardiovascular Disease Research,"Kumar, P.; Kumar, S.; Singh, G.P.; Kumari, A.; Kunal,",Article,09762833,13,4,
embase,636839090,34854666,10.1021/acssensors.1c01524,Gravity-Driven Microfluidic Siphons: Fluidic Characterization and Application to Quantitative Immunoassays,2021,ACS sensors,"Reis, N.M.; Needs, S.H.; Jegouic, S.M.; Gill, K.K.; Sirivisoot, S.; Howard, S.; Kempe, J.; Bola, S.; Al-Hakeem, K.; Jones, I.M.; Prommool, T.; Luangaram, P.; Avirutnan, P.; Puttikhunt, C.; Edwards, A.D.",Article,23793694,6,12,
embase,2015578267,34738789,10.1021/acsbiomaterials.1c01001,Generation of Nanoyeast Single-Chain Variable Fragments as High-Avidity Biomaterials for Dengue Virus Detection,2021,ACS Biomaterials Science and Engineering,"Farokhinejad, F.; Lane, R.E.; Lobb, R.J.; Edwardraja, S.; Wuethrich, A.; Howard, C.B.; Trau, M.",Article,23739878,7,12,
embase,636864753,34880307,10.1038/s41598-021-02965-x,Dengue NS1 antigen kit shows high sensitivity for detection of recombinant dengue virus-2 NS1 antigen spiked with Aedes aegypti mosquitoes,2021,Scientific reports,"Abraham, P.R.; R, B.; N, P.K.; Kumar, A.",Article,20452322,11,1,
embase,2010746731,33706767,10.1186/s12985-021-01522-2,Assessment of dengue and COVID-19 antibody rapid diagnostic tests cross-reactivity in Indonesia,2021,Virology Journal,"Santoso, M.S.; Masyeni, S.; Haryanto, S.; Yohan, B.; Hibberd, M.L.; Sasmono, R.T.",Article,1743422X,18,1,54
embase,2013668301,34507547,10.1186/s12879-021-06639-x,Cardiac evaluation in adults with dengue virus infection by serial echocardiography,2021,BMC Infectious Diseases,"Mansanguan, C.; Hanboonkunupakarn, B.; Muangnoicharoen, S.; Huntrup, A.; Poolcharoen, A.; Mansanguan, S.; Piyaphanee, W.; Phumratanaprapin, W.",Article,14712334,21,1,940
embase,2014748264,34583255,10.1016/j.cyto.2021.155713,The relationship between changes in IL-2 / IL-18 and liver enzyme with dengue severity,2021,Cytokine,"Patra, G.; Saha, B.; Mukhopadhyay, S.",Article,10960023,148,,155713
embase,2016735427,31175718,10.12932/AP-031218-0452,A simple approach to identify functional antibody variable genes in murine hybridoma cells that coexpress aberrant kappa light transcripts by restriction enzyme digestion,2021,Asian Pacific Journal of Allergy and Immunology,"Kraivong, R.; Luangaram, P.; Phaenthaisong, N.; Malasit, P.; Kasinrerk, W.; Puttikhunt, C.",Article,22288694,39,4,
embase,637034985,35001928,10.47665/tb.38.4.105,Evaluation of commercial serological assays in Malaysia for detection of anti-Zika virus antibodies,2021,Tropical biomedicine,"Khoo, H.Y.; Lee, H.Y.; Khor, C.S.; Tan, K.K.; AbuBakar, S.",Article,25219855,38,4,
embase,636870110,34883813,10.3390/s21237809,Development of a Dengue Virus Serotype-Specific Non-Structural Protein 1 Capture Immunochromatography Method,2021,"Sensors (Basel, Switzerland)","Poltep, K.; Nakayama, E.E.; Sasaki, T.; Kurosu, T.; Takashima, Y.; Phadungsombat, J.; Kosoltanapiwat, N.; Hanboonkunupakarn, B.; Suwanpakdee, S.; Imad, H.A.; Srimark, N.; Kitamura, C.; Yamanaka, A.; Okubo, A.; Shioda, T.; Leaungwutiwong, P.",Article,14248220,21,23,
embase,2015964877,34169309,10.1093/nar/gkab515,High-affinity five/six-letter DNA aptamers with superior specificity enabling the detection of dengue NS1 protein variants beyond the serotype identification,2021,Nucleic Acids Research,"Matsunaga, K.-I.; Kimoto, M.; Lim, V.W.; Tan, H.P.; Wong, Y.Q.; Sun, W.; Vasoo, S.; Leo, Y.S.; Hirao, I.",Article,13624962,49,20,
embase,2014169288,34411743,10.1016/j.meegid.2021.105036,"Molecular epidemiology of dengue in North Kalimantan, a province with the highest incidence rates in Indonesia in 2019",2021,"Infection, Genetics and Evolution","Sasmono, R.T.; Sutjianto, A.; Santoso, M.S.; Sriwedari, K.; Yohan, B.; Mayasanti, E.; Hayati, R.F.; Denis, D.",Article,15677257,95,,105036
embase,2015098555,34555500,10.1016/j.ijid.2021.09.009,NS1-based ELISA test efficiently detects dengue infections without cross-reactivity with Zika virus,2021,International Journal of Infectious Diseases,"Pereira, S.S.; Andreata-Santos, R.; Pereira, L.R.; Soares, C.P.; Félix, A.C.; de Andrade, P.D.M.J.C.; Durigon, E.L.; Romano, C.M.; Ferreira, L.C.D.S.",Article,18783511,112,,
embase,2014043456,34302327,10.1007/s13312-021-2329-9,Comparison of Clinical Features and Outcome of Dengue Fever and Multisystem Inflammatory Syndrome in Children Associated With COVID-19 (MIS-C),2021,Indian Pediatrics,"Dhooria, G.S.; Kakkar, S.; Pooni, P.A.; Bhat, D.; Bhargava, S.; Arora, K.; Gill, K.; Goel, N.",Article,09747559,58,10,
embase,2014096622,34696464,10.3390/v13102034,The autophagosomes containing dengue virus proteins and full-length genomic RNA are infectious,2021,Viruses,"Wu, S.-Y.; Chen, Y.-L.; Lee, Y.-R.; Lin, C.-F.; Lan, S.-H.; Lan, K.-Y.; Chu, M.-L.; Lin, P.-W.; Yang, Z.-L.; Chen, Y.-H.; Wang, W.-H.; Liu, H.-S.",Article,19994915,13,10,2034
embase,2014301366,34696522,10.3390/v13102092,The biogenesis of dengue virus replication organelles requires the ATPase activity of valosin-containing protein,2021,Viruses,"Mazeaud, C.; Anton, A.; Pahmeier, F.; Sow, A.A.; Cerikan, B.; Freppel, W.; Cortese, M.; Bartenschlager, R.; Chatel-Chaix, L.",Article,19994915,13,10,2092
embase,2014346899,,10.3390/pathogens10101324,"Epidemiology and laboratory diagnostics of dengue, yellow fever, zika, and chikungunya virus infections in africa",2021,Pathogens,"Adam, A.; Jassoy, C.",Review,20760817,10,10,1324
embase,2015096300,34280138,10.4269/ajtmh.21-0134,Serological differences after acute zika virus infections between children and adults: Implication for use of a serological test,2021,American Journal of Tropical Medicine and Hygiene,"Wongsawat, J.; Suttha, P.; Chanama, S.; Srisopa, S.; Yonchoho, N.; Limpanadusadee, P.",Article,14761645,105,4,
embase,2015707085,,10.2478/abm-2021-0027,"Assessing the burden of dengue among household members in Alaminos, Laguna, the Philippines: A prospective cohort study",2021,Asian Biomedicine,"Capeding, M.R.; De Boer, M.; Damaso, S.; Guignard, A.",Article,1875855X,15,5,
embase,636458404,,10.4103/1995-7645.326257,"Detection of dengue virus serotype 3 in Cajamarca, Peru: Molecular diagnosis and clinical characteristics",2021,Asian Pacific Journal of Tropical Medicine,"Aguilar-Luis, M.; Carrillo-Ng, H.; Kym, S.; Silva-Caso, W.; Verne, E.; Del Valle, L.; Bazn-Mayra, J.; Zavaleta-Gavidia, V.; Cornejo-Pacherres, D.; Tarazona-Castro, Y.; Aquino-Ortega, R.; Cornejo-Tapia, A.; Valle-Mendoza, J.",Article,19957645,14,10,
embase,636106100,34504185,10.1038/s41598-021-97339-8,Competitive ELISA for a serologic test to detect dengue serotype-specific anti-NS1 IgGs using high-affinity UB-DNA aptamers,2021,Scientific reports,"Matsunaga, K.-I.; Kimoto, M.; Lim, V.W.; Thein, T.-L.; Vasoo, S.; Leo, Y.-S.; Sun, W.; Hirao, I.",Article,20452322,11,1,
embase,2013673395,34293361,10.1016/j.ijbiomac.2021.07.083,"Non-structural protein 1 from Zika virus: Heterologous expression, purification, and potential for diagnosis of Zika infections",2021,International Journal of Biological Macromolecules,"Magalhães, I.C.L.; Marques, L.E.C.; Souza, P.F.N.; Girão, N.M.; Herazo, M.M.A.; Costa, H.P.S.; vanTilburg, M.F.; Florean, E.O.P.T.; Dutra, R.F.; Guedes, M.I.F.",Article,18790003,186,,
embase,2013748899,34578370,10.3390/v13091789,"Different profiles of cytokines, chemokines and coagulation mediators associated with severity in brazilian patients infected with dengue virus",2021,Viruses,"Solórzano, V.E.F.; Faria, N.R.D.C.; Dos Santos, C.F.; Corrêa, G.; Cipitelli, M.D.C.; Ribeiro, M.D.; Souza, L.J.; Damasco, P.V.; da Cunha, R.V.; Dos Santos, F.B.; Pinto, L.M.O.; de Azeredo, E.L.",Article,19994915,13,9,1789
embase,2014030786,34555034,10.1371/journal.pntd.0009802,Dengue and chikungunya virus co-infection in major metropolitan cities of provinces of punjab and khyber pakhtunkhwa: A multi-center study,2021,PLoS Neglected Tropical Diseases,"Raza, F.A.; Javed, H.; Khan, M.M.; Ullah, O.; Fatima, A.; Zaheer, M.; Mohsin, S.; Hasnain, S.; Khalid, R.; Salam, A.A.",Article,19352735,15,9,e0009802
embase,2014691321,34280136,10.4269/ajtmh.20-1558,Performance of a new microfluidic dengue ns1 immuno-magnetic agglutination assay for the rapid diagnosis of dengue infection in adults,2021,American Journal of Tropical Medicine and Hygiene,"Wongsawat, E.; Suputtamongkol, Y.; Assanasaen, S.; Silpasakorn, S.; Avirutnan, P.; Puttikhunt, C.; Angkasekwinai, N.; Yamasmith, E.; Prommool, T.; Niwattayakul, K.",Article,14761645,105,3,
embase,2015179022,,10.3126/nje.v11i3.37712,"Clinical and Molecular facets of Dengue Virus infection from Bengaluru, South India",2021,Nepal Journal of Epidemiology,"Basawarajappa, S.G.; Rangaiah, A.; Venugopal, S.J.; Varun, C.N.; Nagaraj, V.; Padukone, S.; Shankar, S.M.",Article,20910800,11,3,
embase,2015603835,,10.1016/j.ijmmb.2021.08.427,Association Of Levels Of Vitamin D With Severity Of Dengue Fever At A Tertiary Care Hospital In Western Uttar Pra- desh,2021,Indian Journal of Medical Microbiology,"Yadav, V.I.K.A.S.; Verma, R.K.; Singh, D.P.",Conference Abstract,19983646,39,,
embase,2015603848,,10.1016/j.ijmmb.2021.08.423,Challenges in Etiology and Diagnosis of Acute Febrile Illness of Viral Etiology,2021,Indian Journal of Medical Microbiology,"Arjunraj, K.C.; Rao, S.R.; Nagamani, K.",Conference Abstract,19983646,39,,
embase,2015603898,,10.1016/j.ijmmb.2021.08.431,Comparative Evalution of dengue NS1 antigen and Dengue IgM antibody by ELISA of dengue fever,2021,Indian Journal of Medical Microbiology,"Shah, N.; Jain, M.; Kumar, R.",Conference Abstract,19983646,39,,
embase,2015603964,,10.1016/j.ijmmb.2021.08.442,Comparative evaluation of commercially available Dengue NS1 Antigen ELISA & Rapid diagnostic test kits to detect early Dengue viral infection.,2021,Indian Journal of Medical Microbiology,"Manchikalapati, Y.; Kumari, P.R.; Sivamma, B.V.; Ranadheer, J.B.M.",Conference Abstract,19983646,39,,
embase,2015604032,,10.1016/j.ijmmb.2021.08.437,Study of Dengue infection- Comparative analysis of rapid dengue testing and ELISA for NS1 Antigen and IgM antibody,2021,Indian Journal of Medical Microbiology,"Sawant, S.V.; Hodiwala, A.B.; Rumaney, A.; Khiste, D.",Conference Abstract,19983646,39,,
embase,2015605204,,10.1016/j.ijmmb.2021.08.422,Evaluation and retrospective study of rapid diagnostic test and ELISA for diagnosis of dengue.,2021,Indian Journal of Medical Microbiology,"Manwani, S.; Mutha, A.; Ahirwar, S.",Conference Abstract,19983646,39,,
embase,636199177,,10.1111/tmi.13632,"Clinical performance evaluation of VIDAS® dengue NS1 Ag, VIDAS® Anti-DENGUE IgM and VIDAS® Anti- DENGUE IgG assays in endemic population",2021,Tropical Medicine and International Health,"Tessonneau, M.; Foussadier, A.; Dromenq, L.; Brossault, L.",Conference Abstract,13653156,26,SUPPL 1,
embase,635887554,34489923,10.3389/fimmu.2021.635701,"Serological Testing for COVID-19, Immunological Surveillance, and Exploration of Protective Antibodies",2021,Frontiers in Immunology,"Peroni, L.A.; Toscaro, J.M.; Canateli, C.; Tonoli, C.C.C.; de Olivera, R.R.; Benedetti, C.E.; Coimbra, L.D.; Pereira, A.B.; Marques, R.E.; Proença-Modena, J.L.; Lima, G.C.; Viana, R.; Borges, J.B.; Lin-Wang, H.T.; Abboud, C.S.; Gun, C.; Franchini, K.G.; Bajgelman, M.C.",Article,16643224,12,,635701
embase,2010256728,33491304,10.1111/ijlh.13478,High fluorescent lymphocyte cell count and scattergram patterns on the Sysmex XN series cell counters—Novel parameters in early and reliable diagnosis of dengue on a background of acute febrile illness,2021,International Journal of Laboratory Hematology,"Jayaram, A.; Mathews, N.S.; Nair, S.C.; Geevar, T.; Rose, W.; Verghese, V.P.; Mathuram, A.J.; Gunasekaran, K.; Abraham, A.M.; Mammen, J.J.",Letter,1751553X,43,4,
embase,2010496586,33421159,10.1002/jmv.26790,Detection and confirmation of dengue pre- and postintroduction of dengue NS1-antigen test at the University Malaya Medical Centre: An observational study,2021,Journal of Medical Virology,"Abd-Jamil, J.; Azizan, N.-S.; Che-Mat-Seri, N.-A.-A.; Yaacob, C.-N.; Samsudin, N.-I.; Mahfodz, N.-H.; Zulkifli, M.-M.-S.; Poh, H.-S.; Teoh, B.-T.; AbuBakar, S.",Article,10969071,93,8,
embase,635914966,,10.1186/s12919-021-00223-6,"Dengue outbreak investigation in East Delhi, India, 2015",2021,BMC Proceedings,"Dundaiah, S.; Govindappa, V.B.",Conference Abstract,17536561,15,SUPPL 11,
embase,2007852145,,10.3390/diagnostics11071228,Evaluation of VIDAS® diagnostic assay prototypes detecting dengue virus NS1 antigen and anti-dengue virus IgM and IgG antibodies,2021,Diagnostics,"Somlor, S.; Brossault, L.; Grandadam, M.",Article,20754418,11,7,1228
embase,2013070570,34372606,10.3390/v13071401,Laboratory findings in patients with probable dengue diagnosis from an endemic area in Colombia in 2018,2021,Viruses,"Cardenas, J.C.; Giraldo-Parra, S.Y.; Gonzalez, M.U.; Gutierrez-Silva, L.Y.; Jaimes-Villamizar, L.; Roa-Parra, A.L.; Carvajal, D.J.; Valdivia, H.O.; Sanchez, J.F.; Colpitts, T.M.; Londono-Renteria, B.",Article,19994915,13,7,1401
embase,2013289282,34324505,10.1371/journal.pntd.0009557,Target product profile for a dengue prevaccination screening test,2021,PLoS Neglected Tropical Diseases,"Fongwen, N.; Wilder-Smith, A.; Gubler, D.J.; Ooi, E.E.; Salvana, E.M.T.; De Lamballerie, X.; Olliaro, P.L.; Peeling, R.W.",Article,19352735,15,7,e0009557
embase,2013564554,,10.7860/JCDR/2021/49909.15085,Co-existence of malaria and dengue: An incidental observation,2021,Journal of Clinical and Diagnostic Research,"Singh, B.; Jayant, S.; Dehariya, R.; Rathore, C.P.S.; Sharan, H.; Bajpai, T.",Article,0973709X,15,7,
embase,2021716535,33987662,10.1093/jtm/taab074,Atypical imported severe primary dengue presenting with neutrophilic leukocytosis and cardiac tamponade in a young female traveler,2021,Journal of Travel Medicine,"Vellere, I.; Di Lauria, N.; Mantella, A.; Cavallo, A.; Bresci, S.; Bartoloni, A.; Zammarchi, L.",Note,17088305,28,5,taab074
embase,635335724,34168651,10.3389/fimmu.2021.681950,Immunological and Pathological Landscape of Dengue Serotypes 1-4 Infections in Immune-Competent Mice,2021,Frontiers in Immunology,"Rathore, A.P.S.; Mantri, C.K.; Tan, M.W.; Shirazi, R.; Nishida, A.; Aman, S.A.B.; Morrison, J.; St. John, A.L.",Article,16643224,12,,681950
embase,2006821274,32418268,10.1002/jmv.26024,A novel anti-NS2BNS3pro antibody-based indirect ELISA test for the diagnosis of dengue virus infections,2021,Journal of Medical Virology,"Gandikota, C.; Gandhi, L.; Maisnam, D.; Kesavulu, M.M.; Billoria, A.; Prasad, V.S.V.; Venkataramana, M.",Article,10969071,93,6,
embase,2006953186,32841419,10.1002/jmv.26455,Preparation and application of yellow fever virus NS1 protein-specific monoclonal antibodies,2021,Journal of Medical Virology,"Liu, D.; Chen, D.; Zhang, T.; Yu, N.; Ren, R.; Chen, Y.; Wang, C.",Article,10969071,93,6,
embase,2013375024,,10.7860/JCDR/2021/49300.15065,"Co-circulation of all the four serotype of dengue virus in endemic region of Saurashtra, Gujarat during 2019-2020 season",2021,Journal of Clinical and Diagnostic Research,"Aring, B.J.; Gavali, D.M.B.; Kateshiya, P.R.; Gadhvi, H.M.; Mullan, S.; Trivedi, K.K.; Nathametha, A.A.; Nakhava, A.H.",Article,0973709X,15,6,
embase,2014623457,,10.22038/ijn.2020.45886.1766,Acute dengue fever in a neonate secondary to perinatal transmission,2021,Iranian Journal of Neonatology,"Mounica, K.; Pai, T.S.; D'Sa, S.; Bhat, K.G.",Article,23222158,12,3,
embase,637157388,35074951,10.4103/0972-9062.321747,Diagnostic accuracy of commercially available immunochromatographic rapid tests for diagnosis of dengue in India,2021,Journal of Vector Borne Diseases,"Mahajan, R.; Nair, M.; Saldanha, A.-M.; Harshana, A.; Pereira, A.; Basu, N.; Goswami, R.; Bhattacharya, N.; Bandyopadhay, B.; Sengupta, M.; Day, M.; Flevaud, L.; Boelaert, M.; Burza, S.",Article,09729062,58,2,
embase,2007395259,34014983,10.1371/journal.pntd.0009445,Rapid testing requires clinical evaluation for accurate diagnosis of dengue disease: A passive surveillance study in southern malaysia,2021,PLoS Neglected Tropical Diseases,"Ngim, C.F.; Husain, S.M.T.; Hassan, S.S.; Dhanoa, A.; Ahmad, S.A.A.; Mariapun, J.; Ismail, W.F.W.; Henien, N.P.B.; Jahan, N.K.; Pong, L.Y.; Elshahawi, H.; Hontz, R.D.; Warkentein, T.; Yunos, N.M.",Article,19352735,15,5,e0009445
embase,2011660482,33862538,10.1016/j.jcv.2021.104758,"Clinical features and outcomes of neonatal dengue at the Children's Hospital 1, Ho Chi Minh, Vietnam",2021,Journal of Clinical Virology,"Nguyen, T.M.; Huan, V.T.; Reda, A.; Morsy, S.; Nam Giang, H.T.; Tri, V.D.; Mau, N.K.; Elfaituri, M.K.; Hieu, T.H.; Hung, N.T.; Hirayama, K.; Huy, N.T.",Article,18735967,138,,104758
embase,2011661202,33774189,10.1016/j.ijid.2021.03.065,"Outbreak of severe dengue associated with DENV-3 in the city of Manado, North Sulawesi, Indonesia",2021,International Journal of Infectious Diseases,"Tatura, S.N.N.; Denis, D.; Santoso, M.S.; Hayati, R.F.; Kepel, B.J.; Yohan, B.; Sasmono, R.T.",Article,18783511,106,,
embase,2011962526,33900180,10.3201/eid2705.190121,"Engineered ns1 for sensitive, specifi c zika virus diagnosis from patient serology",2021,Emerging Infectious Diseases,"Yap, T.L.; Hong, S.Y.; Soh, J.H.; Ravichandraprabhu, L.; Lim, V.W.X.; Chan, H.-M.; Ong, T.Z.X.; Chua, Y.P.; Koh, S.E.; Wang, H.; Leo, Y.S.; Ying, J.Y.; Sun, W.",Article,10806059,27,5,
embase,2007317684,,10.3390/diagnostics11050741,Comparable accuracies of nonstructural protein 1-and envelope protein-based enzyme-linked immunosorbent assays in detecting anti-dengue immunoglobulin g antibodies,2021,Diagnostics,"Galula, J.U.; Salem, G.M.; Destura, R.V.; Remenyi, R.; Chao, D.-Y.",Article,20754418,11,5,741
embase,2007135149,33886567,10.1371/journal.pntd.0009218,The application of spectroscopy techniques for diagnosis of malaria parasites and arboviruses and surveillance of mosquito vectors: A systematic review and critical appraisal of evidence,2021,PLoS Neglected Tropical Diseases,"Goh, B.; Ching, K.; Soares Magalhães, R.J.; Ciocchetta, S.; Edstein, M.D.; Maciel-De-freitas, R.; Sikulu-Lord, M.T.",Review,19352735,15,4,e0009218
embase,2007135164,33793562,10.1371/journal.pntd.0009312,Use of seroprevalence to guide dengue vaccination plans for older adults in a dengue non-endemic country,2021,PLoS Neglected Tropical Diseases,"Pan, Y.-H.; Liao, M.-Y.; Chien, Y.-W.; Ho, T.-S.; Ko, H.-Y.; Yang, C.-R.; Chang, S.-F.; Yu, C.-Y.; Lin, S.-Y.; Shih, P.-W.; Shu, P.-Y.; Chao, D.-Y.; Pan, C.-Y.; Chen, H.-M.; Perng, G.-C.; Ku, C.-C.; King, C.-C.",Article,19352735,15,4,e0009312
embase,2010241153,33212068,10.1016/S1473-3099(20)30695-2,Accuracy and efficacy of pre-dengue vaccination screening for previous dengue infection with five commercially available immunoassays: a retrospective analysis of phase 3 efficacy trials,2021,The Lancet Infectious Diseases,"DiazGranados, C.A.; Bonaparte, M.; Wang, H.; Zhu, M.; Lustig, Y.; Schwartz, E.; Forrat, R.; Dayan, G.H.; Hodge, S.; Ataman-Önal, Y.; Savarino, S.J.",Article,14744457,21,4,
embase,2011629000,33793682,10.1371/journal.pone.0249602,Rapid diagnostic tests for the detection of recent dengue infections: An evaluation of six kits on clinical specimens,2021,PLoS ONE,"Yow, K.-S.; Aik, J.; Tan, E.Y.-M.; Ng, L.-C.; Lai, Y.-L.",Article,19326203,16,4 April,e0249602
embase,2013608261,34037787,10.1093/tropej/fmab006,Does Malaria Co-Infection Alter the Clinical Course in Children Infected with Dengue? Analysis from 623 Indian Children Admitted with Dengue Infection,2021,Journal of Tropical Pediatrics,"Bhakhri, B.K.; Singh, D.K.; Singh, N.; Rai, R.",Article,14653664,67,2,fmab006
embase,634736000,,10.5005/jp-journals-10071-23778,Severe thrombocytopenia in covid-19: A conundrum in dengue-endemic areas,2021,Indian Journal of Critical Care Medicine,"Adarsh, M.B.; Abraham, A.; Kavitha, P.; Nandakumar, M.M.; Vaman, R.S.",Article,1998359X,25,4,
embase,634683199,,10.3389/fmicb.2021.654494,The Dual Regulation of Apoptosis by Flavivirus,2021,Frontiers in Microbiology,"Pan, Y.; Cheng, A.; Wang, M.; Yin, Z.; Jia, R.",Review,1664302X,12,,654494
embase,2011340351,,10.22207/JPAM.15.1.04,"Clinico-serological profile and geographical distribution of dengue fever from a Tertiary Care Hospital, South India",2021,Journal of Pure and Applied Microbiology,"Rao, M.R.; Mahale, R.P.; Shivappa, S.; Chitharagi, V.B.; Gowda, R.S.; Monisha, K.K.B.",Article,2581690X,15,1,
embase,2006792194,33635874,10.1371/journal.pntd.0009065,High performance dengue virus antigen-based serotyping-ns1-elisa (Plus): A simple alternative approach to identify dengue virus serotypes in acute dengue specimens,2021,PLoS Neglected Tropical Diseases,"Prommool, T.; Sethanant, P.; Phaenthaisong, N.; Tangthawornchaikul, N.; Songjaeng, A.; Avirutnan, P.; Mairiang, D.; Luangaram, P.; Srisawat, C.; Kasinrerk, W.; Vasanawathana, S.; Sriruksa, K.; Limpitikul, W.; Malasit, P.; Puttikhunt, C.",Article,19352735,15,2,e0009065
embase,2010696332,33632964,10.1007/s13312-021-2147-0,Prehospital Management of Children with Dengue Fever Admitted in a Tertiary-Care Center,2021,Indian Pediatrics,"Sankar, J.; Saravanan, N.",Letter,09747559,58,2,
embase,2011340394,33690206,10.3855/jidc.13370,"The performance of point-of-care antibody test for COVID-19 diagnosis in a tertiary hospital in Bandung, Indonesia",2021,Journal of Infection in Developing Countries,"Fauziah, N.; Koesoemadinata, R.C.; Andriyoko, B.; Faridah, L.; Riswari, S.F.; Widyatmoko, L.; Prihatni, D.; Ekawardhani, S.; Fibriani, A.; Rachmawati, E.; Ristandi, R.B.; Alamanda, C.N.C.; Prodjosoewojo, S.; Lestari, B.W.; Santoso, I.P.",Article,19722680,15,2,
embase,633539047,33245437,10.1007/s00705-020-04892-0,Use of whole blood over plasma enhances the detection of dengue virus RNA: possible utility in dengue vaccine trials,2021,Archives of virology,"Alagarasu, K.; Kakade, M.B.; Bachal, R.V.; Bote, M.; Parashar, D.; Shah, P.S.",Article,14328798,166,2,
embase,2005853762,32611971,10.7883/yoken.JJID.2019.431,"Circulation of various dengue serotypes in a community-based study in Jakarta, Indonesia",2021,Japanese Journal of Infectious Diseases,"Dewi, B.E.; Nainggolan, L.; Sudiro, T.M.; Chenderawasi, S.; Goentoro, P.L.; Sjatha, F.",Article,18842836,74,1,
embase,2005927856,33476338,10.1371/journal.pntd.0009028,"Multiplex detection of antibodies to chikungunya, o’nyong-nyong, zika, dengue, west nile and usutu viruses in diverse nonhuman primate species from cameroon and the Democratic Republic of Congo",2021,PLoS Neglected Tropical Diseases,"Raulino, R.; Thaurignac, G.; Butel, C.; Villabona-Arenas, C.J.; Foe, T.; Loul, S.; Ndimbo-Kumugo, S.-P.; Mbala-Kingebeni, P.; Makiala-Mandanda, S.; Ahuka-Mundeke, S.; Kerkhof, K.; Delaporte, E.; Ariën, K.K.; Foulongne, V.; Ngole, E.M.; Peeters, M.; Ayouba, A.",Article,19352735,15,1,e0009028
embase,2006812448,,10.12669/pjms.37.3.3369,Screening of zika virus infection among dengue-like illness patients with negative rt-pcr for dengue virus in punjab – pakistan,2021,Pakistan Journal of Medical Sciences,"Iqtadar, S.; Vo, T.H.; Mehmood, M.; Salman, M.; Malik, M.R.; Masud, F.; Minh, N.N.T.",Article,1682024X,37,3,
embase,2007166026,,10.3126/jnps.v41i1.29595,Etiological trends and epidemiological profile of tropical fever in children presenting with acute undifferentiated fever at a tertiary care centre in north india,2021,Journal of Nepal Paediatric Society,"Matlani, M.; Kumar, P.; Meena, S.S.; Vashistha, M.; Dogra, V.",Article,19907982,41,1,
embase,2007395361,,10.3390/pathogens10060637,Detection of anti-nucleocapsid antibody in covid-19 patients in bangladesh is not correlated with previous dengue infection,2021,Pathogens,"Lytton, S.D.; Yeasmin, M.; Ghosh, A.K.; Bulbul, M.R.H.; Molla, M.M.A.; Herr, M.; Duchmann, H.; Sharif, M.M.; Nafisa, T.; Amin, M.R.; Hosen, N.; Rahman, M.T.; Islam, S.; Islam, A.; Shamsuzzaman, A.K.M.",Article,20760817,10,6,637
embase,2008591845,33075526,10.1016/j.ijid.2020.10.022,"Dengue-chikungunya coinfection outbreak in children from Cali, Colombia, in 2018–2019",2021,International Journal of Infectious Diseases,"Castellanos, J.E.; Jaimes, N.; Coronel-Ruiz, C.; Rojas, J.P.; Mejía, L.F.; Villarreal, V.H.; Maya, L.E.; Claros, L.M.; Orjuela, C.; Calvo, E.; Muñoz, M.V.; Velandia-Romero, M.L.",Article,18783511,102,,
embase,2013928244,33642435,10.7883/yoken.JJID.2020.854,Emergence of genotype i of dengue virus serotype 3 during a severe dengue epidemic in Sri Lanka in 2017,2021,Japanese Journal of Infectious Diseases,"Tun, M.M.N.; Muthugala, R.; Rajamanthri, L.; Nabeshima, T.; Buerano, C.C.; Morita, K.",Article,18842836,74,5,
embase,2016390250,,10.3126/jnps.v41i3.35384,Gallbladder Wall Thickness to Predict Severe Dengue in Children,2021,Journal of Nepal Paediatric Society,"Prashanth, S.N.; Jigwani, H.; Das, S.K.; Kumar, J.; Murthy, S.",Article,19907982,41,3,
embase,634186023,33533869,10.1590/0074-02760200287,Dengue diagnostics: serious inaccuracies are likely to occur if pre-analytical conditions are not strictly followed,2021,Memorias do Instituto Oswaldo Cruz,"Iani, F.C.M.; Caetano, A.C.B.; Cocovich, J.C.W.; Amâncio, F.F.; Pereira, M.A.; Adelino, T.ÉR.; Caldas, S.; Silva, M.V.F.; Pereira, G.C.; Duarte, M.M.",Article,16788060,115,,
embase,646618663,,10.4269/ajtmh.abstract2021,PEPTIDE-BASED SEROLOGIC PLATFORMS CAPABLE TO DIFFERENTIALLY IDENTIFY DENGUE AND ZIKA INFECTIONS IN AN ENDEMIC REGION,2021,American Journal of Tropical Medicine and Hygiene,"Versiani, A.F.; Bosch, I.; Trigo, L.A.; Avila, M.H.; Reis, A.F.; Santos, A.L.; Dourado, F.S.; Marques, B.C.; Zini, N.; Estofolete, C.F.; Da Fonseca, F.G.; Gehrke, L.; Vasilakis, N.; Nogueira, M.L.",Conference Abstract,00029637,105,5,
embase,646619633,,10.4269/ajtmh.abstract2021,LONGITUDINAL ASSESSMENT OF DENGUE 1-SPECIFIC HUMORAL IMMUNE MEMORY IN HUMAN COHORTS FOLLOWING DENGUE-1 INFECTION IN BOTH ENDEMIC AND NON-ENDEMIC TRANSMISSION SETTINGS,2021,American Journal of Tropical Medicine and Hygiene,"Lyski, Z.L.; Booty, B.L.; Alvarado, L.I.; Rodriguez, R.M.; Rivera-Amill, V.; Messer, W.B.",Conference Abstract,00029637,105,5,
embase,2003963322,,10.1186/s13568-019-0926-y,Optimization and scale-up production of Zika virus ΔNS1 in Escherichia coli: application of Response Surface Methodology,2020,AMB Express,"Kanno, A.I.; Leite, L.C.C.; Pereira, L.R.; de Jesus, M.J.R.; Andreata-Santos, R.; Alves, R.P.S.; Durigon, E.L.; Ferreira, L.C.S.; Gonçalves, V.M.",Article,21910855,10,1,1
embase,2005574889,33317184,10.3390/biom10121652,Highly sensitive detection of zika virus nonstructural protein 1 in serum samples by a two-site nanobody elisa,2020,Biomolecules,"Delfin-Riela, T.; Rossotti, M.; Alvez-Rosado, R.; Leizagoyen, C.; González-Sapienza, G.",Article,2218273X,10,12,1652
embase,2005928168,33362244,10.1371/journal.pntd.0008960,Assessing the risk of dengue severity using demographic information and laboratory test results with machine learning,2020,PLoS Neglected Tropical Diseases,"Huang, S.-W.; Tsai, H.-P.; Hung, S.-J.; Ko, W.-C.; Wang, J.-R.",Article,19352735,14,12,e0008960
embase,2007071190,33106679,10.1038/s41596-020-0390-9,Label-free capacitive assaying of biomarkers for molecular diagnostics,2020,Nature Protocols,"Garrote, B.L.; Santos, A.; Bueno, P.R.",Article,17502799,15,12,
embase,2007355315,33228680,10.1186/s12936-020-03502-3,Performance evaluation of machine learning-based infectious screening flags on the HORIBA Medical Yumizen H550 Haematology Analyzer for vivax malaria and dengue fever,2020,Malaria Journal,"Dharap, P.; Raimbault, S.",Article,14752875,19,1,429
embase,2010383126,,10.7860/JCDR/2020/46354.14377,Evaluation of cardiac biomarkers in dengue myocarditis in a tertiary care hospital in eastern India,2020,Journal of Clinical and Diagnostic Research,"Bhattacharjee, D.; Choudhury, J.R.; Mukherjee, K.; Mukherjee, K.",Article,0973709X,14,12,
embase,2010739551,,10.1016/j.ijid.2020.09.1254,"Accuracy, efficacy and safety of dengue CYD-TDV pre-vaccination screening with 5 existing IgG serotests: Retrospective analysis of phase III trials",2020,International Journal of Infectious Diseases,"Diazgranados, C.; Bonaparte, M.; Lustig, Y.; Forrat, R.; Dayan, G.; Wang, H.; Zhu, M.; Hodge, S.; Schwartz, E.; Ataman-Onal, Y.; Savarino, S.",Conference Abstract,18783511,101,,
embase,634618168,,10.1007/s12664-020-01133-9,Dengue fever in liver transplant recipients: Report of 2 cases,2020,Indian Journal of Gastroenterology,"Jain, S.; Dash, N.R.",Conference Abstract,09750711,39,SUPPL 1,
embase,2007653369,32889395,10.1016/j.bios.2020.112513,Quartz crystal microbalance-based biosensors as rapid diagnostic devices for infectious diseases,2020,Biosensors and Bioelectronics,"Lim, H.J.; Saha, T.; Tey, B.T.; Tan, W.S.; Ooi, C.W.",Review,18734235,168,,112513
embase,2005417281,33167379,10.3390/ijms21218281,A novel multiplex RT-PCR assay for simultaneous detection of dengue and chikungunya viruses,2020,International Journal of Molecular Sciences,"Islam, M.A.; El Zowalaty, M.E.; Islam, S.; Sharif, M.; Rahman, M.R.; Amin, M.R.; Ali, M.M.; Rahman, M.T.; Morita, K.; Ashour, H.M.",Article,14220067,21,21,8281
embase,2005927892,33180784,10.1371/journal.pntd.0008747,Performance of molecular and serologic tests for the diagnosis of scrub typhus,2020,PLoS Neglected Tropical Diseases,"Kannan, K.; John, R.; Kundu, D.; Dayanand, D.; Abhilash, K.P.P.; Mathuram, A.J.; Zachariah, A.; Sathyendra, S.; Hansdak, S.G.; Abraham, O.C.; Gunasekaran, K.; Iyadurai, R.; Abraham, A.M.; Prakash, J.A.J.; Yesudhason, B.L.; Veeraraghavan, B.; Kavitha, M.L.; Jose, L.R.; Sumana, M.N.; Saravu, K.; Varghese, G.M.",Article,19352735,14,11,e0008747
embase,2008406583,,10.1364/BOE.403803,Bead-based multiplex detection of dengue biomarkers in a portable imaging device,2020,Biomedical Optics Express,"Yuan, X.; Garg, S.; Haan, K.D.E.; Fellouse, F.A.; Gopalsamy, A.; Tykvart, J.; Sidhu, S.S.; Varma, M.M.; Parama, P.A.L.; Hillan, E.M.; Dou, J.J.; Stewart Aitchison, J.",Article,21567085,11,11,
embase,2008423902,33079056,10.3201/eid2611.201824,"Chikungunya virus infection in blood donors and patients during outbreak, Mandalay, Myanmar, 2019",2020,Emerging Infectious Diseases,"Kyaw, A.K.; Ngwe Tun, M.M.; Nabeshima, T.; Soe, A.M.; Mon, K.M.; Thida,; Aung, T.H.; Htwe, T.T.; Myaing, S.S.; Mar, T.T.; Aung, T.; Moh Win, K.M.; Myint, K.M.; Lwin, E.P.; Thu, H.M.; Buerano, C.C.; Thant, K.Z.; Morita, K.; Mon, K.M.",Article,10806059,26,11,
embase,2010109087,32964929,10.1093/trstmh/traa088,"Combined score based on arterial lactate, aspartate transaminase and prolonged capillary refill time is a useful diagnostic criterion for identifying severe dengue",2020,Transactions of the Royal Society of Tropical Medicine and Hygiene,"Gupta, S.; Mall, P.; Alam, A.",Article,18783503,114,11,
embase,634127695,,10.1007/s12288-020-01384-8,Mixed type Evan's syndrome: A case report,2020,Indian Journal of Hematology and Blood Transfusion,"Michael, R.B.; Das, A.K.; Vasanthi, N.; Kumarappan, I.",Conference Abstract,09740449,36,1 SUPPL,
embase,633392751,33169584,10.13345/j.cjb.200117,Development and characterization of serotype-specific monoclonal antibodies against Dengue virus NS1,2020,Sheng wu gong cheng xue bao = Chinese journal of biotechnology,"Liu, Y.; Zhang, Y.; Wei, Y.; Jia, X.; Chen, Q.; Liu, W.; Yang, L.",Article,18722075,36,10,
embase,2008368093,33096849,10.3390/v12101201,"Six cases of Zika/dengue coinfection in a Brazilian cohort, 2015-2019",2020,Viruses,"Siqueira, C.; Féres, V.; Coutinho, L.; Junqueira, I.; Bento, L.; Montes, L.; Siqueira, J.B.",Review,19994915,12,10,1201
embase,2004950715,,10.31838/ijpr/2020.12.04.241,"Comparative diagnostic value of anti-dengue IgG, anti-dengue IgM of two rapid tests in dengue virus infection",2020,International Journal of Pharmaceutical Research,"Tanzilia, M.F.; Zuroidah, N.; Ayu Eka Putri Sunari, I.G.A.; Wrahatnala, B.J.; Nisa, F.K.; Hakim,; Rohman, A.; Wardhani, P.; Husada, D.; Tarmizi, S.N.; Aryati,",Review,09752366,12,4,
embase,2005017461,,10.31838/ijpr/2020.12.04.290,"Assessment of ns1, igg and igm antibodies in suspected dengue patients",2020,International Journal of Pharmaceutical Research,"Sharmila, R.; Muralidharan, N.P.",Article,09752366,12,4,
embase,2005384877,33001972,10.1371/journal.pntd.0008703,"Complex relationships between aedes vectors, socio-economics and dengue transmission— lessons learned from a case-control study in Northeastern Thailand",2020,PLoS Neglected Tropical Diseases,"Fustec, B.; Phanitchat, T.; Hoq, M.I.; Aromseree, S.; Pientong, C.; Thaewnongiew, K.; Ekalaksananan, T.; Bangs, M.J.; Corbel, V.; Alexander, N.; Overgaard, H.J.",Article,19352735,14,10,e0008703
embase,2005686950,32720219,10.1007/s00430-020-00690-2,Association of serum C-reactive protein level and polymorphisms with susceptibility to dengue infection and severe clinical outcome among eastern Indian patients,2020,Medical Microbiology and Immunology,"Mukherjee, S.; Tripathi, A.",Article,14321831,209,5,
embase,2007510928,32829138,10.1016/j.jcv.2020.104584,High specificity of OraQuick® rapid HIV-1/2 antibody testing during dengue infection,2020,Journal of Clinical Virology,"Verrall, A.J.; Seah, V.; Lye, D.C.; Leo, Y.-S.; Archuleta, S.",Article,18735967,131,,104584
embase,2007542194,32659449,10.1016/j.ijid.2020.07.008,"Performance of rapid tests in the management of dengue fever imported cases in Lazio, Italy 2014-2019",2020,International Journal of Infectious Diseases,"Matusali, G.; Colavita, F.; Carletti, F.; Lalle, E.; Bordi, L.; Vairo, F.; Ippolito, G.; Capobianchi, M.R.; Castilletti, C.",Article,18783511,99,,
embase,2008030164,33008118,10.3390/v12101114,Expansion and refinement of deep sequence-coupled biopanning technology for epitope-specific antibody responses in human serum,2020,Viruses,"Warner, N.L.; Linville, A.C.; Core, S.B.; Moreno, B.; Pascale, J.M.; Peabody, D.S.; Chackerian, B.; Frietze, K.M.",Article,19994915,12,10,1114
embase,2008030173,33003584,10.3390/v12101105,Releasing intracellular NS1 from mosquito cells for the detection of dengue virus-infected mosquitoes,2020,Viruses,"Cheng, L.; Liu, W.-L.; Li, H.-H.; Su, M.P.; Wu, S.-C.; Chen, H.-W.; Pan, C.-Y.; Tsai, J.-J.; Chen, C.-H.",Article,19994915,12,10,1105
embase,633417832,,10.2217/fvl-2019-0130,Dengue outbreak 2018 in district Shangla KPK; Clinical features and laboratory markers of dengue virus infection,2020,Future Virology,"Anwar, F.; Tayyab, M.; Salman, M.; Abdullah,; Din, M.; Khan, J.; Haq, I.",Article,17460808,15,10,
embase,633081883,33102253,10.3389/fcimb.2020.561366,Role of Platelet Cytokines in Dengue Virus Infection,2020,Frontiers in Cellular and Infection Microbiology,"Singh, A.; Bisht, P.; Bhattacharya, S.; Guchhait, P.",Review,22352988,10,,561366
embase,2005179858,32925941,10.1371/journal.pntd.0008603,Comparison of dengue case classification schemes and evaluation of biological changes in different dengue clinical patterns in a longitudinal follow-up of hospitalized children in cambodia,2020,PLoS Neglected Tropical Diseases,"Dussart, P.; Duong, V.; Bleakley, K.; Fortas, C.; Try, P.L.; Kim, K.S.; Choeung, R.; In, S.; Andries, A.-C.; Cantaert, T.; Flamand, M.; Buchy, P.; Sakuntabhai, A.",Article,19352735,14,9,e0008603
embase,2008017864,32991592,10.1371/journal.pone.0239710,Evaluation of rapid diagnostic tests to detect dengue virus infections in Taiwan,2020,PLoS ONE,"Liu, L.-T.; Chen, C.-H.; Tsai, C.-Y.; Lin, P.-C.; Hsu, M.-C.; Huang, B.-Y.; Wang, Y.-H.; Tsai, J.-J.",Article,19326203,15,9 September,e0239710
embase,2023917113,,,"Seroprevalence of Dengue virus Infection in a Tertiary Care Hospital in Dahod, Gujarat",2020,European Journal of Molecular and Clinical Medicine,"Tadavi, J.; Rukadikar, A.; Sangani, S.; Deshkar, D.; Jegan, C.; Kishori, R.; Jaiswal, N.",Article,25158260,7,11,
embase,632701511,32841419,10.1002/jmv.26455,Preparation and Application of Yellow Fever Virus NS1 protein-specific Monoclonal Antibodies,2020,Journal of medical virology,"Duoduo, L.; Dongmiao, C.; Tingting, Z.; Nan, Y.U.; Ruiwen, R.; Yue, C.; Congrong, W.",Article in Press,10969071,,,
embase,632556826,32762658,10.1186/s12879-020-05248-4,Point-of-care thrombocyte function testing using multiple-electrode aggregometry in dengue patients: An explorative study,2020,BMC Infectious Diseases,"De Jong, W.; Asmarawati, T.P.; Verbeek, I.; Rusli, M.; Hadi, U.; Van Gorp, E.; Goeijenbier, M.",Article,14712334,20,1,580
embase,2004058486,31939058,10.1007/s12250-019-00183-4,The Limitation of Rapid Tests for DENV2 Infection in Host with Unique Immune Status: Low NS1 Antigenemia and Deficient Antibody Responses,2020,Virologica Sinica,"Yu, L.; Wen, Y.; Xiang, M.; Hong, W.; Zhao, L.; Zhang, F.",Letter,1995820X,35,4,
embase,2007234123,32482672,10.1128/AAC.00289-20,Identification of Estrogen Receptor Modulators as Inhibitors of Flavivirus Infection,2020,Antimicrobial Agents and Chemotherapy,"Eyr, N.S.; Kirb, E.N.; Anfiteatr, D.R.; Bracho, G.; Russ, A.G.; Whit, P.A.; Aloi, A.L.; Bear, M.R.",Article,10986596,64,8,e00289-20
embase,2007310921,32751561,10.3390/v12080829,Dengue: A minireview,2020,Viruses,"Harapan, H.; Michie, A.; Sasmono, R.T.; Imrie, A.",Review,19994915,12,8,829
embase,632502347,32731875,10.1186/s12985-020-01389-9,"Association of genotype III of dengue virus serotype 3 with disease outbreak in Eastern Sudan, 2019",2020,Virology Journal,"Eldigail, M.H.; Abubaker, H.A.; Khalid, F.A.; Abdallah, T.M.; Musa, H.H.; Ahmed, M.E.; Adam, G.K.; Elbashir, M.I.; Aradaib, I.E.",Article,1743422X,17,1,118
embase,2005485708,32265161,10.1016/j.jiph.2020.03.009,The aspartate aminotransferase/platelet count ratio index as a marker of dengue virus infection: Course of illness,2020,Journal of Infection and Public Health,"Ahmed, A.E.; Dahman, B.; Altamimi, A.; McClish, D.K.; AL-Jahdali, H.",Article,1876035X,13,7,
embase,633430931,33154237,10.4103/ijmm.IJMM_20_249,Utility of a multiplex real-Time polymerase chain reaction for combined detection and serotyping of dengue virus in paediatric patients hospitalised with severe dengue: A report from Chennai,2020,Indian Journal of Medical Microbiology,"Balasubramanian, S.; Chandy, S.; Peter, R.; Nachiyar, G.S.; Sudhakar, A.; Sumanth, A.; Manoharan, A.",Article,19983646,38,3-4,
embase,631955459,32478506,10.1021/acsnano.9b09049,Repurposing Old Antibodies for New Diseases by Exploiting Cross-Reactivity and Multicolored Nanoparticles,2020,ACS nano,"Rodriguez-Quijada, C.; Gomez-Marquez, J.; Hamad-Schifferli, K.",Article,1936086X,14,6,
embase,2004651973,32579555,10.1371/journal.pntd.0008203,Serotype-specific detection of dengue viruses in a nonstructural protein 1-based enzyme-linked immunosorbent assay validated with a multi-national cohort,2020,PLoS Neglected Tropical Diseases,"Bosch, I.; Reddy, A.; de Puig, H.; Ludert, J.E.; Perdomo-Celis, F.; Narváez, C.F.; Versiani, A.; Fandos, D.; Nogueira, M.L.; Singla, M.; Lodha, R.; Medigeshi, G.R.; Lorenzana, I.; Ralde, H.V.; Gélvez-Ramírez, M.; Villar, L.A.; Hiley, M.; Mendoza, L.; Salcedo, N.; Herrera, B.B.; Gehrke, L.",Article,19352735,14,6,e0008203
embase,2006836771,,10.3390/diagnostics10060379,NS1 recombinant proteins are e_ciently produced in pichia pastoris and have great potential for use in diagnostic kits for dengue virus infections,2020,Diagnostics,"Xisto, M.F.; Prates, J.W.O.; Dias, I.M.; Dias, R.S.; Da Silva, C.C.; De Paula, S.O.",Article,20754418,10,6,379
embase,2004850838,,10.1007/s42399-020-00266-4,Evaluation of NS1-Detection-Based Cell Culture Method for Isolation of Dengue Viruses from Clinical Samples,2020,SN Comprehensive Clinical Medicine,"Shrivastava, S.; Solaskar, A.; Gosavi, M.; Tiraki, D.; Mishra, A.C.; Arankalle, V.A.",Article,25238973,2,5,
embase,2006098689,32357182,10.1371/journal.ppat.1008484,A conformation-based intra-molecular initiation factor identified in the flavivirus RNA-dependent RNA polymerase,2020,PLoS Pathogens,"Wu, J.; Ye, H.-Q.; Zhang, Q.-Y.; Lu, G.; Zhang, B.; Gong, P.",Article,15537374,16,5,e1008484
embase,633107605,,,Nanobody LAMPoles: Novel tools for dengue virus and Zika virus diagnosis,2020,Journal of Immunology,"Grab, D.J.; Sharma, A.; Burbulis, I.; Lehrer, A.T.; Nerurkar, V.; Magez, S.",Conference Abstract,15506606,204,1,
embase,2004043228,,,Polyaniline based electrochemical sensor for the detection of dengue virus infection,2020,Avicenna Journal of Medical Biotechnology,"Dutta, R.; Thangapandi, K.; Mondal, S.; Nanda, A.; Bose, S.; Sanyal, S.; Jana, S.K.; Ghorai, S.",Article,20084625,12,2,
embase,2004158874,32272626,10.3390/cells9040899,Flavivirus nonstructural protein NS5 dysregulates HSP90 to broadly inhibit JAK/STAT signaling,2020,Cells,"Roby, J.A.; Esser-Nobis, K.; Dewey-Verstelle, E.C.; Fairgrieve, M.R.; Schwerk, J.; Lu, A.Y.; Soveg, F.W.; Hemann, E.A.; Hatfield, L.D.; Keller, B.C.; Shapiro, A.; Forero, A.; Stencel-Baerenwald, J.E.; Savan, R.; Gale, M.",Article,20734409,9,4,899
embase,2005046481,32081740,10.1016/j.antiviral.2020.104749,Antiviral activity of the natural alkaloid anisomycin against dengue and Zika viruses,2020,Antiviral Research,"Quintana, V.M.; Selisko, B.; Brunetti, J.E.; Eydoux, C.; Guillemot, J.C.; Canard, B.; Damonte, E.B.; Julander, J.G.; Castilla, V.",Article,18729096,176,,104749
embase,2005055481,32107080,10.1016/j.pathol.2020.01.438,Fever in the returned traveller: the utility of the Platelia Dengue NS1 antigen enzyme immunoassay for the diagnosis of dengue in a non-endemic setting,2020,Pathology,"Foley, D.A.; Yeoh, D.K.; Karapanagiotidis, T.; Nhindri, T.; Catton, M.",Article,14653931,52,3,
embase,632062718,,10.1136/jim-2020-ERM.56,A traveler's tale: Dengue fever in a traveler (3372975),2020,Journal of Investigative Medicine,"Thalambedu, N.; Khan, Y.",Conference Abstract,17088267,68,4,
embase,631199594,32164538,10.1186/s12879-020-4911-5,Diagnostic accuracy and utility of three dengue diagnostic tests for the diagnosis of acute dengue infection in Malaysia,2020,BMC Infectious Diseases,"Chong, Z.L.; Sekaran, S.D.; Soe, H.J.; Peramalah, D.; Rampal, S.; Ng, C.-W.",Article,14712334,20,1,210
embase,2004180704,32126086,10.1371/journal.pntd.0008099,Detection of dengue virus type 2 of Indian origin in acute febrile patients in rural Kenya,2020,PLoS Neglected Tropical Diseases,"Masika, M.M.; Korhonen, E.M.; Smura, T.; Uusitalo, R.; Vapalahti, K.; Mwaengo, D.; Jääskeläinen, A.J.; Anzala, O.; Vapalahti, O.; Huhtamo, E.",Article,19352735,14,3,e0008099
embase,2004180716,32150556,10.1371/journal.pntd.0008083,C19orf66 interrupts Zika virus replication by inducing lysosomal degradation of viral NS3,2020,PLoS Neglected Tropical Diseases,"Wu, Y.; Yang, X.; Yao, Z.; Dong, X.; Zhang, D.; Hu, Y.; Zhang, S.; Lin, J.; Chen, J.; An, S.; Ye, H.; Zhang, S.; Qiu, Z.; He, Z.; Huang, M.; Wei, G.; Zhuid, X.",Article,19352735,14,3,e0008083
embase,2003420641,31552611,10.1007/s12250-019-00160-x,Development and Evaluation of a Universal and Supersensitive NS1-Based Luciferase Immunosorbent Assay to Detect Zika Virus-Specific IgG,2020,Virologica Sinica,"Wang, T.; Zhan, Y.; Wu, D.; Chen, Z.; Wu, W.; Deng, Y.; Wang, W.; Tan, W.; Tang, S.",Article,1995820X,35,1,
embase,2003981762,32069280,10.1371/journal.pntd.0008082,Evaluation of a novel microfluidic immunomagnetic agglutination assay method for detection of dengue virus NS1 antigen,2020,PLoS Neglected Tropical Diseases,"Alejo-Cancho, I.; Navero-Castillejos, J.; Peiró-Mestres, A.; Albarracín, R.; Barrachina, J.; Navarro, A.; Gonzalo, V.; Pastor, V.; Muñoz, J.; Martínez, M.J.",Article,19352735,14,2,e0008082
embase,2004056350,31710119,10.1111/1348-0421.12757,A synthetic peptide analog of in silico-predicted immunogenic epitope unique to dengue virus serotype 2 NS1 antigen specifically binds immunoglobulin G antibodies raised in rabbits,2020,Microbiology and Immunology,"Guevarra, L.A.; Boado, K.J.O.; Ceñidoza, F.B.B.; Imbao, M.R.L.M.; Sia, M.J.G.; Dalmacio, L.M.M.",Article,13480421,64,2,
embase,2004093545,31794781,10.1016/j.jviromet.2019.113793,"The establishment and clinical evaluation of a novel, rapid, no-wash one-step immunoassay for the detection of dengue virus non-structural protein 1",2020,Journal of Virological Methods,"Wang, H.-B.; Du, T.; Li, W.-G.; Zhao, J.-H.; Yang, Z.; Mo, Q.-H.",Article,18790984,276,,113793
embase,2017409155,31250000,10.1093/infdis/jiz331,Zika Virus Nonstructural Protein 1 Disrupts Glycosaminoglycans and Causes Permeability in Developing Human Placentas,2020,Journal of Infectious Diseases,"Puerta-Guardo, H.; Tabata, T.; Petitt, M.; Dimitrova, M.; Glasner, D.R.; Pereira, L.; Harris, E.",Article,15376613,221,2,
embase,2004642121,31995566,10.1371/JOURNAL.PNTD.0008039,Comparative specificity and sensitivity of ns1-based serological assays for the detection of flavivirus immune response,2020,PLoS Neglected Tropical Diseases,"Mora-Cárdenas, E.; Aloise, C.; Faoro, V.; Gašper, N.K.; Korva, M.; Caracciolo, I.; D’agaro, P.; Avšič-županc, T.; Marcello, A.",Article,19352735,14,1,e0008039
embase,2003315476,31562846,10.1016/j.actatropica.2019.105201,Serological tests reveal significant cross-reactive human antibody responses to Zika and Dengue viruses in the Mexican population,2020,Acta Tropica,"Zaidi, M.B.; Cedillo-Barron, L.; González y Almeida, M.E.; Garcia-Cordero, J.; Campos, F.D.; Namorado-Tonix, K.; Perez, F.",Article,18736254,201,,105201
embase,2004504554,,10.18683/germs.2020.1193,A case report of acute disseminated encephalomyelitis following severe dengue in a child,2020,GERMS,"Kamath, N.; Mounica, K.; Kanthila, J.; Kamath, S.P.; Rao, S.S.",Article,22482997,10,2,
embase,2004640003,,,"Clinico-laboratory profile of dengue patients at sir t. Hospital, Bhavnagar, India",2020,Acta Medica Iranica,"Patel, N.D.; Desai, K.J.; Sarvaiya, J.; Malek, S.; Patel, N.D.",Article,17359694,58,2,
embase,2005259912,32182271,10.1371/journal.pone.0230337,"Assessment of diagnostic and analytic performance of the SD Bioline Dengue Duo test for dengue virus (DENV) infections in an endemic area (Savannakhet province, Lao People’s Democratic Republic)",2020,PLoS ONE,"Blessmann, J.; Winkelmann, Y.; Keoviengkhone, L.; Sopraseuth, V.; Kann, S.; Hansen, J.; Halas, H.E.; Emmerich, P.; Schmidt-Chanasit, J.; Schmitz, H.; Mika, A.; Deschermeier, C.",Article,19326203,15,3,e0230337
embase,2007521830,32832567,10.1155/2020/1820325,Detection of Dengue Virus-Specific IgM and IgG Antibodies through Peptide Sequences of Envelope and NS1 Proteins for Serological Identification,2020,Journal of Immunology Research,"Nagar, P.K.; Savargaonkar, D.; Anvikar, A.R.",Article,23147156,2020,,1820325
embase,630743389,,10.3390/diagnostics10010011,Flavivirus cross-reactivity to dengue nonstructural protein 1 antigen detection assays,2020,Diagnostics,"Tan, L.K.; Wong, W.Y.; Yang, H.T.; Huber, R.G.; Bond, P.J.; Ng, L.C.; Maurer-Stroh, S.; Hapuarachchi, H.C.",Article,20754418,10,1,11
embase,630793771,32005065,10.21037/apm.2019.12.11,"A survey of clinical and laboratory characteristics of dengue fever epidemic from 2014 to 2018 in Guangzhou, China",2020,Annals of palliative medicine,"Chen, D.; Zhang, Y.; Wu, X.; Wu, J.; Gong, F.; Qiao, L.; Li, L.; Wang, C.",Article,22245839,9,1,
embase,631162370,32134017,10.4103/ijmr.IJMR_613_18,Comparative assessment of commercial enzyme-linked immunosorbent assay & rapid diagnostic tests used for dengue diagnosis in India,2020,The Indian journal of medical research,"Kulkarni, R.; Modak, M.; Gosavi, M.; Wani, D.; Mishra, A.C.; Arankalle, V.A.",Article,09715916,151,1,
embase,631970080,32491129,10.1590/0001-3765202020190883,"Immunological Memory to Zika Virus in a University Community in Colombia, South America",2020,Anais da Academia Brasileira de Ciencias,"Cárdenas, D.M.; Jaimes, M.A.; Vega, L.D.; Oliveros, N.L.; Soto, J.A.; Chía, C.R.; Osorio, J.E.; Ciuoderis, K.A.",Article,16782690,92,1,
embase,632046808,32520127,10.1590/0102-311X00225618,Rapid immunochromatographic tests for the diagnosis of dengue: a systematic review and meta-analysis,2020,Cadernos de saude publica,"Mata, V.E.; Andrade, C.A.F.; Passos, S.R.L.; Hökerberg, Y.H.M.; Fukuoka, L.V.B.; Silva, S.A.D.",Article,16784464,36,6,
embase,637503368,,,"Molecular mechanisms that regulate flavivirus NS1 disruption of intercellular junction proteins, leading to endothelial barrier dysfunction and vascular leakage",2020,American Journal of Tropical Medicine and Hygiene,"Puerta-Guardo, H.N.; Biering, S.B.; de Sousa, F.T.G.; Shu, J.; Li, J.; Glasner, D.; Harris, E.",Conference Abstract,00029637,103,5 SUPPL,
embase,637503648,,,Interrogating the primary dengue-specific memory B cell founder population in humans following dengue infection,2020,American Journal of Tropical Medicine and Hygiene,"Lyski, Z.L.; Mooster, J.; Kareko, B.; Booty, B.; Messer, W.",Conference Abstract,00029637,103,5 SUPPL,
embase,637504401,,,Comparison between SD bioline dengue duo test and inbios' prototype dengue immunochromatographic tests,2020,American Journal of Tropical Medicine and Hygiene,"Chen, H.-W.; Maldonado, T.; Farris, C.; Sugiharto, V.; Simons, M.; Defang, G.; Rooney, C.; Wu, S.-J.",Conference Abstract,00029637,103,5 SUPPL,
embase,630119325,31819129,10.1038/s41598-019-55160-4,The inability of a dengue NS1 ELISA to detect Zika infections,2019,Scientific reports,"Lima, M.D.R.Q.; Chouin-Carneiro, T.; Azeredo, E.; Barbosa, L.S.; Souza, T.M.A.; Silva, J.B.C.D.; Nunes, P.C.G.; Dal Fabbro, M.; Facco, I.H.R.; Venâncio-da-Cunha, R.; Dos Santos, F.B.",Article,20452322,9,1,
embase,2003665338,31678478,10.1016/j.antiviral.2019.104643,Identification of inhibitors of dengue viral replication using replicon cells expressing secretory luciferase,2019,Antiviral Research,"Kato, F.; Nio, Y.; Yagasaki, K.; Suzuki, R.; Hijikata, M.; Miura, T.; Miyazaki, I.; Tajima, S.; Lim, C.-K.; Saijo, M.; Takasaki, T.; Hishiki, T.",Article,18729096,172,,104643
embase,629863575,31722678,10.1186/s12879-019-4589-8,Diagnostic tools used in the evaluation of acute febrile illness in South India: A scoping review,2019,BMC Infectious Diseases,"Bhaskaran, D.; Chadha, S.S.; Sarin, S.; Sen, R.; Arafah, S.; Dittrich, S.",Review,14712334,19,1,970
embase,628518663,31240885,10.3343/alm.2019.39.6.566,Comparison of Six Commercial Diagnostic Tests for the Detection of Dengue Virus Non-Structural-1 Antigen and IgM/IgG Antibodies,2019,Annals of laboratory medicine,"Lee, H.; Ryu, J.H.; Park, H.S.; Park, K.H.; Bae, H.; Yun, S.; Choi, A.R.; Cho, S.Y.; Park, C.; Lee, D.G.; Lim, J.; Lee, J.; Lee, S.; Shin, S.; Park, H.; Oh, E.J.",Article,22343814,39,6,
embase,630189382,31365115,10.1093/trstmh/trz068,A review of dengue diagnostics and implications for surveillance and control,2019,Transactions of the Royal Society of Tropical Medicine and Hygiene,"Raafat, N.; Blacksell, S.D.; Maude, R.J.",Review,18783503,113,11,
embase,630644609,,10.4269/ajtmh.abstract2019,Scrub typhus-an emerging etiology of acute fever with jaundice in adults presenting to a tertiary care hospital in North India,2019,American Journal of Tropical Medicine and Hygiene,"Suri, V.; Singh, M.; Duseja, A.; Biswal, M.; Singh, M.P.; Zaman, K.; Pannu, A.K.; Goyal, K.; Bhalla, A.; Ratho, Rk.; Jain, S.; Kumari, S.",Conference Abstract,00029637,101,5,
embase,630644701,,10.4269/ajtmh.abstract2019,Performance of two zika virus neutralizing antibody titer classification schemes against zika NS1 blockade-of-binding assay during the 2015-2016 epidemic in Guatemala,2019,American Journal of Tropical Medicine and Hygiene,"Olson, D.; Lamb, M.M.; Huleatt, J.W.; Bonaparte, M.; Paniagua-Avila, M.A.; Zacarias, A.; Rojop, N.; Chacon-Juarez, A.; Natrajan, M.; Waggoner, J.; Lopez, M.R.; Cordon-Rosales, C.; Asturias, E.J.",Conference Abstract,00029637,101,5,
embase,630645215,,10.4269/ajtmh.abstract2019,Uncovering the dengue-1 specific memory B cell derived antibody repertoire in immune donors 1 to 43 years after dengue infection in a non-endemic cohort,2019,American Journal of Tropical Medicine and Hygiene,"Lyski, Z.; Kareko, B.; Booty, B.; Mooster, J.; Messer, W.",Conference Abstract,00029637,101,5,
embase,630645523,,10.4269/ajtmh.abstract2019,"Co-circulation of dengue, zika and chikungunya in the Peruvian amazon",2019,American Journal of Tropical Medicine and Hygiene,"Falconi-Agapito, F.; Merino, X.; Kerkhof, K.; Arien, K.K.; Talledo, M.",Conference Abstract,00029637,101,5,
embase,2002878765,31526718,10.1016/j.ebiom.2019.09.014,High levels of serum hyaluronan is an early predictor of dengue warning signs and perturbs vascular integrity,2019,EBioMedicine,"Lin, C.-Y.; Kolliopoulos, C.; Huang, C.-H.; Tenhunen, J.; Heldin, C.-H.; Chen, Y.-H.; Heldin, P.",Article,23523964,48,,
embase,630690186,,10.1093/ofid/ofz360.1519,Performance of molecular and serologic tests for the diagnosis of scrub typhus,2019,Open Forum Infectious Diseases,"Varghese, G.M.; Kannan, K.; Abhilash, K.; Nithyananth, A.; David, T.; Sathyendra, S.; Hansdak, S.; Iyyadurai, R.; Prakash, J.",Conference Abstract,23288957,6,,
embase,2002653901,31445770,10.1016/j.vaccine.2019.07.083,Feasibility of case-control and test-negative designs to evaluate dengue vaccine effectiveness in Malaysia,2019,Vaccine,"Nealon, J.; Lim, W.-Y.; Moureau, A.; Linus Lojikip, S.; Junus, S.; Kumar, S.; Nachiappan, J.P.; Devi Sekaran, S.; Radigue, C.; Cowling, B.J.; Ochiai, R.L.; Hss, A.-S.",Article,18732518,37,39,
embase,628614604,31090222,10.1002/jmv.25504,Epidemiological and clinical suspicion of congenital Zika virus infection: Serological findings in mothers and children from Brazil,2019,Journal of Medical Virology,"Venturi, G.; Fortuna, C.; Alves, R.M.; Passos do Prado Paschoal, A.G.; da Silva Júnior, P.J.; Remoli, M.E.; Benedetti, E.; Amendola, A.; da Silva Batista, E.; Gama, D.V.N.; Barros, D.H.; Fiorentini, C.; Rezza, G.; Leite Primo Chagas, J.R.",Article,10969071,91,9,
embase,629361116,,10.1111/trf.15462,Dynamics of zikv seroreactivity in viremic blood donors,2019,Transfusion,"Stone, M.; Simmons, G.; Lu, K.; Dave, H.; Singh, I.; Montoya, M.; Harris, E.; Ananta, J.S.; Wu, G.; Busch, M.P.",Conference Abstract,15372995,59,,
embase,630553343,,10.1093/trstmh/trz090,"Dengue and chikungunya among febrile outpatients in Kinshasa, democratic republic of Congo: A crosssectional study",2019,Transactions of the Royal Society of Tropical Medicine and Hygiene,"Proesmans, S.; Katshongo, F.; Fungula, B.; Ahuka-Mundeke, S.; Van Esbroeck, M.; Ariën, K.; De Smet, B.; Lutumba, P.; Van geertruyden, J.P.; Vanlerberghe, V.",Conference Abstract,18783503,113,,
embase,630554821,,10.1093/trstmh/trz090,Evaluation of the performance of commercially available immune-chromatographic rapid diagnostic tests (RDTs) for the diagnosis of dengue in India,2019,Transactions of the Royal Society of Tropical Medicine and Hygiene,"Mahajan, R.; Flevaud, L.; Periera, A.; Harshana, A.; Boelaert, M.; Goswami, R.; Burza, S.",Conference Abstract,18783503,113,,
embase,632606658,32655070,10.4103/0972-9062.289392,Assessment of NS1 protein as an early diagnostic marker for Kyasanur forest disease virus,2019,Journal of Vector Borne Diseases,"Yadav, P.; Chaubal, G.; Jena, S.; Shil, P.; Mourya, D.",Article,09729062,56,3,
embase,628923974,31416485,10.1186/s12985-019-1204-y,"Evaluation of novel rapid detection kits for dengue virus NS1 antigen in Dhaka, Bangladesh, in 2017",2019,Virology Journal,"Suzuki, K.; Nakayama, E.E.; Saito, A.; Egawa, A.; Sato, T.; Phadungsombat, J.; Rahim, R.; Hasan, A.; Iwamoto, H.; Rahman, M.; Shioda, T.",Article,1743422X,16,1,102
embase,2002499096,31374094,10.1371/journal.pone.0215708,Modulated Zika virus NS1 conjugate offers advantages for accurate detection of Zika virus specific antibody in double antigen binding and Ig capture enzyme immunoassays,2019,PLoS ONE,"Tedder, R.S.; Dicks, S.; Ijaz, S.; Santiago de Souza, N.C.; Vincente de Paula, A.; Levy, F.; Medialdea-Carrera, R.; Levi, J.E.; Pannuti, C.S.; de Sequeira, P.C.; Brown, D.W.G.; Lumb, I.U.",Article,19326203,14,8,e0215708
embase,2002427324,31356638,10.1371/journal.ppat.1007938,Endocytosis of flavivirus NS1 is required for NS1-mediated endothelial hyperpermeability and is abolished by a single N-glycosylation site mutation,2019,PLoS Pathogens,"Wang, C.; Puerta-Guardo, H.; Biering, S.B.; Glasner, D.R.; Tran, E.B.; Patana, M.; Gomberg, T.A.; Malvar, C.; Lo, N.T.N.; Espinosa, D.A.; Harris, E.",Article,15537374,15,7,e1007938
embase,630649014,31945940,10.1109/EMBC.2019.8856427,Reduced Featured k-NN Classifier Model Optimal for Classification of Dengue Fever from Salivary Raman Spectra,2019,Conference proceedings : ... Annual International Conference of the IEEE Engineering in Medicine and Biology Society. IEEE Engineering in Medicine and Biology Society. Annual Conference,"Othman, N.H.; Radzol, A.R.M.; Lee, K.Y.; Mansor, W.",Article,1557170X,2019,,
embase,2002384967,,10.3390/vaccines7020055,A Chimeric zika virus between viral strains MR766 and BeH819015 highlights a role for E-glycan loop in antibody-mediated virus neutralization,2019,Vaccines,"Frumence, E.; Viranaicken, W.; Bos, S.; Alvarez-Martinez, M.-T.; Roche, M.; Arnaud, J.-D.; Gadea, G.; Desprès, P.",Article,2076393X,7,2,55
embase,2002411681,31335898,10.1371/journal.pone.0219474,Immunoassay for serodiagnosis of Zika virus infection based on time-resolved Förster resonance energy transfer,2019,PLoS ONE,"Kareinen, L.; Hepojoki, S.; Huhtamo, E.; Korhonen, E.M.; Schmidt-Chanasit, J.; Hedman, K.; Hepojoki, J.; Vapalahti, O.",Article,19326203,14,7,e0219474
embase,2002640117,,10.13181/mji.v28i2.1951,Horseradish peroxidase-labeled rabbit anti-non-structural protein 1 of dengue virus-2 for the diagnosis of dengue virus infections,2019,Medical Journal of Indonesia,"Arodes, E.S.; Dewi, B.E.; Sudiro, T.M.",Article,22528083,28,2,
embase,628679887,,10.1111/vox.12792,Application of a zika virus serological assay to evaluate infection rates in donors following the 2016 epidemic in Puerto Rico,2019,Vox Sanguinis,"Simmons, G.; Stone, M.; Cheng, C.; Williamson, P.; Busch, M.",Conference Abstract,14230410,114,,
embase,2001476710,30782365,10.1016/j.aca.2018.12.043,Smartphone-based fluorescent lateral flow immunoassay platform for highly sensitive point-of-care detection of Zika virus nonstructural protein 1,2019,Analytica Chimica Acta,"Rong, Z.; Wang, Q.; Sun, N.; Jia, X.; Wang, K.; Xiao, R.; Wang, S.",Article,18734324,1055,,
embase,627416720,31043165,10.1186/s13256-019-2066-z,Miller Fisher syndrome developing as a parainfectious manifestation of dengue fever: A case report and review of the literature,2019,Journal of Medical Case Reports,"De Silva, N.L.; Weeratunga, P.; Umapathi, T.; Malavige, N.; Chang, T.",Article,17521947,13,1,120
embase,2001610529,30779938,10.1016/j.jviromet.2019.02.005,Added value of IgA antibodies against Zika virus non-structural protein 1 in the diagnosis of acute Zika virus infections,2019,Journal of Virological Methods,"Warnecke, J.M.; Lattwein, E.; Saschenbrecker, S.; Stöcker, W.; Schlumberger, W.; Steinhagen, K.",Article,18790984,267,,
embase,627294172,30961645,10.1186/s13104-019-4250-z,Predictive value of persistent NS1 antigen positivity beyond 3rd day for dengue haemorrhagic fever in Sri Lankan children,2019,BMC research notes,"Manamperi, M.; Jayamanne, B.D.W.; Somaratne, T.; Perera, N.; Fernando, L.",Article,17560500,12,1,
embase,2001603209,30660797,10.1016/j.ijid.2019.01.022,"Dengue diagnosis in an endemic area of Peru: Clinical characteristics and positive frequencies by RT-PCR and serology for NS1, IgM, and IgG",2019,International Journal of Infectious Diseases,"Palomares-Reyes, C.; Silva-Caso, W.; del Valle, L.J.; Aguilar-Luis, M.A.; Weilg, C.; Martins-Luna, J.; Viñas-Ospino, A.; Stimmler, L.; Mallqui Espinoza, N.; Aquino Ortega, R.; Espinoza Espíritu, W.; Misaico, E.; del Valle-Mendoza, J.",Article,18783511,81,,
embase,625545104,30411369,10.1002/jmv.25356,"Dynamics of nonstructural glycoprotein-1 in dengue patients presenting with different clinical manifestations from 1986 to 2012 in Rio de Janeiro, Brazil",2019,Journal of Medical Virology,"Gonçalves, B.D.S.; Horta, M.A.P.; Acero, P.H.C.; Bochner, R.; Queiroz Lima, M.D.R.; de Araújo, E.S.; Sampaio, S.A.; Nogueira, R.M.R.; de Filippis, A.M.B.",Article,10969071,91,4,
embase,638509719,,10.1136/bmjgh-2019-EDC.153,"ZOONOTIC VIRAL ANTIGENS SURVEILLANCE IN HEALTHY POPULATIONS LIVING IN LAMBARÉNÉ, GABON",2019,BMJ Global Health,"Bache, E.; Loembe, M.M.; Agnandji, S.T.",Conference Abstract,20597908,4,,
embase,628002369,30335151,10.1093/infdis/jiy606,Highly sensitive and specific zika virus serological assays using a magnetic modulation biosensing system,2019,Journal of Infectious Diseases,"Michelson, Y.; Lustig, Y.; Avivi, S.; Schwartz, E.; Danielli, A.",Article,15376613,219,7,
embase,2001294304,30466902,10.1016/j.jiph.2018.10.138,Dengue Outbreak in Peshawar: Clinical Features and Laboratory Markers of Dengue Virus Infection,2019,Journal of Infection and Public Health,"Haroon, M.; Jan, H.; Faisal, S.; Ali, N.; Kamran, M.; Ullah, F.",Article,1876035X,12,2,
embase,2001406522,30562608,10.1016/j.jviromet.2018.12.005,Recombinant DENV 2 NS5: An effective antigen for diagnosis of DENV infection,2019,Journal of Virological Methods,"Zhang, T.; Wang, M.-L.; Zhang, G.-R.; Liu, W.; Xiao, X.-Q.; Yang, Y.-S.; Li, J.-T.; Xun, Z.-M.; Li, D.-Y.; Chan, P.K.S.",Article,18790984,265,,
embase,2001539805,30738366,10.1016/j.jcv.2019.01.011,Evaluation of a new rapid fluorescence immunoassay for the diagnosis of dengue and Zika virus infection,2019,Journal of Clinical Virology,"Zammarchi, L.; Colao, M.G.; Mantella, A.; Capobianco, T.; Mazzarelli, G.; Ciccone, N.; Tekle Kiros, S.; Mantengoli, E.; Rossolini, G.M.; Bartoloni, A.",Article,18735967,112,,
embase,2001674493,30840708,10.1371/journal.pone.0213301,Accuracy of the SD BIOLINE Dengue Duo for rapid point-of-care diagnosis of dengue,2019,PLoS ONE,"Kikuti, M.; Cruz, J.S.; Rodrigues, M.S.; Tavares, A.S.; Paploski, I.A.D.; Silva, M.M.O.; Santana, P.M.; Tauro, L.B.; Silva, G.A.O.F.; Campos, G.S.; Araújo, J.M.G.; Kitron, U.; Reis, M.G.; Ribeiro, G.S.",Article,19326203,14,3,e0213301
embase,2001700806,30865680,10.1371/journal.pone.0213451,"Comparative evaluation of three dengue duo rapid test kits to detect NS1, IgM, and IgG associated with acute dengue in children in Myanmar",2019,PLoS ONE,"Jang, W.S.; Kwak, S.Y.; May, W.L.; Yang, D.J.; Nam, J.; Lim, C.S.",Article,19326203,14,3,e0213451
embase,2001731277,30541932,10.1128/JCM.01506-18,Comprehensive evaluation of differential serodiagnosis between Zika and dengue viral infections,2019,Journal of Clinical Microbiology,"Chao, D.-Y.; Whitney, M.T.; Davis, B.S.; Medina, F.A.; Munoz, J.L.; Chang, G.-J.J.",Article,1098660X,57,3,e01506-18
embase,628191366,,10.1007/s13337-019-00523-8,Sero-prevalence of dengue fever in patients with acute febrile illness in a tertiary care hospital,2019,VirusDisease,"Gupta, V.",Conference Abstract,23473517,30,1,
embase,628191405,,10.1007/s13337-019-00523-8,Differentiation between primary and secondary dengue virus infection by IgM: IgG ratio,2019,VirusDisease,"Charu,; Agarwal, R.K.; Mittal, G.; Ahmad, S.",Conference Abstract,23473517,30,1,
embase,628193036,,10.1007/s13337-019-00523-8,Abrupt change in distribution of Dengue virus serotypes over a period of two consecutive years in central India,2019,VirusDisease,"Yadav, A.K.; Agarwal, A.; Ansari, K.; Prakash, A.; Biswas, D.",Conference Abstract,23473517,30,1,
embase,628193199,,10.1007/s13337-019-00523-8,Can rapid dengue diagnostic kits be trusted? A comparative study of commercially available rapid kits,2019,VirusDisease,"Garg, A.; Dhole, T.N.",Conference Abstract,23473517,30,1,
embase,628193432,,10.1007/s13337-019-00523-8,Co-infection of Dengue with Chikungunya and Typhoid in a tertiary care center of North India,2019,VirusDisease,"Galhotra, S.; Grover, P.; Jindal, N.; Dhuria, N.",Conference Abstract,23473517,30,1,
embase,2001450814,,10.1016/j.ijid.2018.11.357,"Enhanced surveillance and integrated approach reduced dengue incidence, Namakkal, Tamilnadu, India, 2017",2019,International Journal of Infectious Diseases,"Rameshkumar, G.; Kalpana, M.S.; Mohankumar, R.",Conference Abstract,18783511,79,,
embase,2001451108,,10.1016/j.ijid.2018.11.361,"Epidemiology of dengue and related entomological and environmental factors - Surat City, Gujarat, India 2011-2016",2019,International Journal of Infectious Diseases,"Bajwala, V.R.",Conference Abstract,18783511,79,,
embase,626206509,30429254,10.1128/JCM.01464-18,Combination of nonstructural protein 1-based enzyme-linked immunosorbent assays can detect and distinguish various dengue virus and Zika virus infections,2019,Journal of Clinical Microbiology,"Tyson, J.; Tsai, W.-Y.; Tsai, J.-J.; Brites, C.; Mässgård, L.; Youn, H.H.; Pedroso, C.; Drexler, J.F.; Stramer, S.L.; Balmaseda, A.; Harris, E.; Wang, W.-K.",Article,1098660X,57,2,e01464
embase,626314106,30727040,10.1111/trf.15007,"Risk of transfusion-associated dengue: screening of blood donors from Pune, western India",2019,Transfusion,"Kulkarni, R.; Tiraki, D.; Wani, D.; Mishra, A.C.; Arankalle, V.A.",Article,15372995,59,2,
embase,2001236663,30342068,10.1016/j.jviromet.2018.10.011,Validation of serological and molecular methods for diagnosis of zika virus infections,2019,Journal of Virological Methods,"Jääskeläinen, A.J.; Korhonen, E.M.; Huhtamo, E.; Lappalainen, M.; Vapalahti, O.; Kallio-Kokko, H.",Article,18790984,263,,
embase,2002222253,30971466,10.1128/JCM.00221-19,Development of an enzyme-linked immunosorbent assay for rapid detection of dengue virus (DENV) NS1 and differentiation of DENV serotypes during early infection,2019,Journal of Clinical Microbiology,"Lai, S.-C.; Huang, Y.-Y.; Shu, P.-Y.; Chang, S.-F.; Hsieh, P.-S.; Wey, J.-J.; Tsai, M.-H.; Ben, R.-J.; Hsu, Y.-M.; Fang, Y.-C.; Hsiao, M.-L.; Lin, C.-C.",Article,1098660X,57,7,e00221-19
embase,2002222935,,10.7860/JCDR/2019/41343.12999,Outbreak of dengue fever in bundelkhand region: A tertiary care hospital study report,2019,Journal of Clinical and Diagnostic Research,"Kumar, P.; Srivastava, N.; Kumar, A.; Poonam, K.; Choudhri, M.",Article,0973709X,13,7,
embase,2002851836,31392955,10.4269/ajtmh.19-0270,Use of a blockade-of-binding ELISA and microneutralization assay to evaluate Zika virus serostatus in dengue-endemic areas,2019,American Journal of Tropical Medicine and Hygiene,"Nascimento, E.J.M.; Bonaparte, M.I.; Luo, P.; Vincent, T.S.; Hu, B.; George, J.K.; Áñez, G.; Noriega, F.; Zheng, L.; Huleatt, J.W.",Article,00029637,101,3,
embase,2003458864,31442225,10.1371/journal.pntd.0007649,A high-throughput and multiplex microsphere immunoassay based on non-structural protein 1 can discriminate three flavivirus infections,2019,PLoS Neglected Tropical Diseases,"Tyson, J.; Tsai, W.-Y.; Tsai, J.-J.; Mässgård, L.; Stramer, S.L.; Lehrer, A.T.; Nerurkar, V.R.; Wang, W.-K.",Article,19352735,13,8,e0007649
embase,2003458892,31487279,10.1371/journal.pntd.0007047,"Dengue and chikungunya among outpatients with acute undifferentiated fever in Kinshasa, Democratic Republic of Congo: A crosssectional study",2019,PLoS Neglected Tropical Diseases,"Proesmans, S.; Katshongo, F.; Milambu, J.; Fungula, B.; Mavoko, H.M.; Ahuka-Mundeke, S.; Da Luz, R.I.; Van Esbroeck, M.; Ariën, K.K.; Cnops, L.; De Smet, B.; Lutumba, P.; Van Geertruyden, J.-P.; Vanlerberghe, V.",Article,19352735,13,9,e0007047
embase,2003458922,31539394,10.1371/journal.pntd.0007747,High specificity and sensitivity of Zika EDIIIbased ELISA diagnosis highlighted by a large human reference panel,2019,PLoS Neglected Tropical Diseases,"Denis, J.; Attoumani, S.; Gravier, P.; Tenebray, B.; Garnier, A.; Briolant, S.; De Laval, F.; Chastres, V.; Grard, G.; Leparc-Goffart, I.; Coutard, B.; Badaut, C.",Article,19352735,13,9,e0007747
embase,2004661610,31809504,10.1371/journal.pntd.0007882,"Clinical and epidemiologic characteristics associated with dengue during and outside the 2016 outbreak identified in health facility-based surveillance in Ouagadougou, Burkina Faso",2019,PLoS Neglected Tropical Diseases,"Lim, J.K.; Seydou, Y.; Carabali, M.; Barro, A.; Dahourou, D.L.; Lee, K.S.; Nikiema, T.; Namkung, S.; Lee, J.-S.; Shin, M.Y.; Bonnet, E.; Kagone, T.; Kaba, L.; Edwards, T.; Somé, P.-A.; Yang, J.S.; Alexander, N.; Yoon, I.-K.; Ridde, V.",Article,19352735,13,12,e0007882
embase,626501653,,10.1093/ofid/ofy352,"Clinical, Virologic, and Immunologic Characteristics of Zika Virus Infection in a Cohort of US Patients: Prolonged RNA Detection in Whole Blood",2019,Open Forum Infectious Diseases,"El Sahly, H.M.; Gorchakov, R.; Lai, L.; Natrajan, M.S.; Patel, S.M.; Atmar, R.L.; Keitel, W.A.; Hoft, D.F.; Barrett, J.; Bailey, J.; Edupuganti, S.; Raabe, V.; Wu, H.M.; Fairley, J.; Rouphael, N.; Murray, K.O.; Mulligan, M.J.",Conference Paper,23288957,6,1,
embase,627528302,,10.22354/in.v23i3.790,Contribution of NS1 and IgM based-rapid tests to dengue diagnosis in Colombia before zika emergence,2019,Infectio,"Clemen, G.; Angel, J.; Montes, C.; Tovar, J.R.; Osorio, L.",Article,24223794,23,3,
embase,628675667,,10.1002/cti2.1066,Novel differential linear B-cell epitopes to identify Zika and dengue virus infections in patients,2019,Clinical and Translational Immunology,"Amrun, S.N.; Yee, W.-X.; Abu Bakar, F.; Lee, B.; Kam, Y.-W.; Lum, F.-M.; Tan, J.J.L.; Lim, V.W.X.; Watthanaworawit, W.; Ling, C.; Nosten, F.; Renia, L.; Leo, Y.-S.; Ng, L.F.P.",Article,20500068,8,7,e1066
embase,629668094,,10.7717/peerj.7852,"Characterization of dengue cases among patients with an acute illness, Central Department, Paraguay",2019,PeerJ,"Rojas, A.; Cardozo, F.; Cantero, C.; Stittleburg, V.; López, S.; Bernal, C.; Gimenez Acosta, F.E.; Mendoza, L.; Pinsky, B.A.; De Guillén, I.A.; Páez, M.; Waggoner, J.",Article,21678359,2019,10,e7852
embase,625710560,30587193,10.1186/s12985-018-1105-5,Combination of ELISA screening and seroneutralisation tests to expedite Zika virus seroprevalence studies,2018,Virology Journal,"Nurtop, E.; Villarroel, P.M.S.; Pastorino, B.; Ninove, L.; Drexler, J.-F.; Roca, Y.; Gake, B.; Dubot-Peres, A.; Grard, G.; Peyrefitte, C.; Priet, S.; De Lamballerie, X.; Gallian, P.",Article,1743422X,15,1,192
embase,2001261238,,10.1016/j.bjid.2018.10.007,A CONFIABILIDADE DO DIAGNÓSTICO CLÍNICO DA DENGUE EM UMA REGIÃO DE ALTA ENDEMICIDADE,2018,Brazilian Journal of Infectious Diseases,"Ferrei, E.R.D.S.; Gon, A.C.D.O.; Undurraga, E.; Nogueira, M.L.; da Silva, N.S.",Conference Abstract,16784391,22,,
embase,2001739654,,,"Clinical and laboratory profile of dengue fever in khyber teaching hospital, peshawar",2018,Journal of Medical Sciences (Peshawar),"Uddin, J.; Asghar, M.; Shahzad, A.; Khan, Z.; Rehman, N.; Sharif, N.",Article,19973446,26,4,
embase,630060447,31798807,10.4314/mmj.v30i4.11,"A cross sectional study of dengue virus infection in febrile patients presumptively diagnosed of malaria in Maiduguri and Jos plateau, Nigeria",2018,Malawi medical journal : the journal of Medical Association of Malawi,"Onyedibe, K.; Dawurung, J.; Iroezindu, M.; Shehu, N.; Okolo, M.; Shobowale, E.; Afolaranmi, T.; Dahal, S.; Maktep, Y.; Pama, P.; Isa, S.; Egah, D.",Article,19957270,30,4,
embase,2001224482,30377067,10.1016/j.vaccine.2018.10.072,Dengue-2 virus-like particle (VLP) based vaccine elicits the highest titers of neutralizing antibodies when produced at reduced temperature,2018,Vaccine,"Boigard, H.; Cimica, V.; Galarza, J.M.",Article,18732518,36,50,
embase,629389815,,10.1093/ofid/ofy209.173,A novel prognostic gene set for the prediction of severe dengue,2018,Open Forum Infectious Diseases,"Robinson, M.L.; Sweeney, T.E.; Barouch-Bentov, R.; Sahoo, M.K.; Sanz, A.M.; Pu, S.-Y.; Ortiz, E.; Albornoz, L.; Suarez, F.R.; Montoya, J.G.; Pinsky, B.; Khatri, P.; Einav, S.",Conference Abstract,23288957,5,,
embase,629443694,,10.1093/ofid/ofy210.1739,Rapid diagnosis and differentiation of dengue during peri-monsoon season in tropical resource limited facilities,2018,Open Forum Infectious Diseases,"Khan, I.D.",Conference Abstract,23288957,5,,
embase,NCT04048837,,,Prospective Study for the Evaluation of Dengue Prognostic Biomarkers in Singapore,2018,clinicaltrials.gov,,Clinical Trial,,,,
embase,2000934551,29964076,10.1016/j.jviromet.2018.06.018,Multi-laboratory comparison of three commercially available Zika IgM enzyme-linked immunosorbent assays,2018,Journal of Virological Methods,"Basile, A.J.; Goodman, C.; Horiuchi, K.; Sloan, A.; Johnson, B.W.; Kosoy, O.; Laven, J.; Panella, A.J.; Sheets, I.; Medina, F.; Mendoza, E.J.; Epperson, M.; Maniatis, P.; Semenova, V.; Steward-Clark, E.; Wong, E.; Biggerstaff, B.J.; Lanciotti, R.; Drebot, M.; Safronetz, D.; Schiffer, J.",Article,18790984,260,,
embase,623819726,,10.7860/JCDR/2018/37333.12182,Production of monoclonal antibody anti-NS1 induced by Indonesian clinical isolate to detect native NS1 antigen of all DENV serotypes,2018,Journal of Clinical and Diagnostic Research,"Widayanti, T.; Dewi, B.E.; Pambudi, S.",Article,0973709X,12,10,
embase,627539511,,,"Flavivirus NS1 induces endocytosis and phosphorylation of tight and adherens junction proteins, leading to endothelial barrier dysfunction",2018,American Journal of Tropical Medicine and Hygiene,"Puerta-Guardo, H.; Shu, J.; Gallego-Delgado, J.; Glasner, D.R.; Ueno, N.; Lodoen, M.; Rodriguez, A.; Harris, E.",Conference Abstract,00029637,99,4,
embase,627539982,,,Chagas disease serology and co-infections with arboviruses in southern coastal ecuador,2018,American Journal of Tropical Medicine and Hygiene,"Mendoza, N.K.M.; McMahon, E.; Kenneson, A.; Barbachano-Guerrero, A.; Beltran-Ayala, E.; Cueva, C.; King, C.A.; Lupone, C.D.; Castro-Sesquen, Y.E.; Gilman, R.H.; Endy, T.P.; Stewart-Ibarra, A.M.",Conference Abstract,00029637,99,4,
embase,627540405,,,Dengue virus serotype-1 circulation in nepal during 2016 outbreak,2018,American Journal of Tropical Medicine and Hygiene,"Gupta, B.P.",Conference Abstract,00029637,99,4,
embase,627540491,,,"Clinical features and outcome of neonatal dengue at the Children's Hospital 1, Ho Chi Minh, Vietnam",2018,American Journal of Tropical Medicine and Hygiene,"Nguyen, T.M.",Conference Abstract,00029637,99,4,
embase,627541596,,,Validation of clinical algorithms for the diagnosis of dengue in endemic areas of Colombia,2018,American Journal of Tropical Medicine and Hygiene,"Caicedo, D.M.; Tovar, J.R.; Osorio, L.",Conference Abstract,00029637,99,4,
embase,623818586,30150394,10.1073/pnas.1804672115,"Seroprevalence, risk factor, and spatial analyses of Zika virus infection after the 2016 epidemic in Managua, Nicaragua",2018,Proceedings of the National Academy of Sciences of the United States of America,"Zambrana, J.V.; Carrillo, F.B.; Burger-Calderon, R.; Collado, D.; Sanchez, N.; Ojeda, S.; Monterrey, J.C.; Plazaola, M.; Lopez, B.; Arguello, S.; Elizondo, D.; Aviles, W.; Coloma, J.; Kuan, G.; Balmaseda, A.; Gordon, A.; Harris, E.",Article,10916490,115,37,
embase,624005536,30246621,10.1080/20477724.2018.1516417,The predictive and diagnostic accuracy of vascular endothelial growth factor and pentraxin-3 in severe dengue,2018,Pathogens and Global Health,"Low, G.K.K.; Gan, S.-C.; Zainal, N.; Naidu, K.D.; Amin-Nordin, S.; Khoo, C.-S.; Ridzuan, M.I.; Said, R.M.; Mansor, M.M.; Zailani, M.H.; Chee, H.-Y.; Lim, S.J.; Suppiah, J.; Appu, S.; Ismail, I.; Zin, T.; Te, K.K.; Hatta, N.M.",Article,20477732,112,6,
embase,623480778,30096193,10.1371/journal.pone.0202304,Comparison of two rapid diagnostic tests during a large dengue virus serotype 3 outbreak in the Solomon Islands in 2013,2018,PLoS ONE,"Liu, L.-T.; Dalipanda, T.; Jagilly, R.; Wang, Y.-H.; Lin, P.-C.; Tsai, C.-Y.; Lai, W.-T.; Tsai, J.-J.",Article,19326203,13,8,e0202304
embase,624297845,30125275,10.1371/journal.pntd.0006715,The antiparasitic drug niclosamide inhibits dengue virus infection by interfering with endosomal acidification independent of mTOR,2018,PLoS Neglected Tropical Diseases,"Kao, J.-C.; HuangFu, W.-C.; Tsai, T.-T.; Ho, M.-R.; Jhan, M.-K.; Shen, T.-J.; Tseng, P.-C.; Wang, Y.-T.; Lin, C.-F.",Article,19352735,12,8,e0006715
embase,623142173,30029548,10.3390/v10070379,Comparative evaluation of indirect immunofluorescence and NS-1-based ELISA to determine zika virus-specific IgM,2018,Viruses,"De Ory, F.; Sánchez-Seco, M.P.; Vázquez, A.; Montero, M.D.; Sulleiro, E.; Martínez, M.J.; Matas, L.; Merino, F.J.; Sáez, E.; Salud, B.R.; Pérez, M.R.; Cilla, C.G.; Dorado, J.C.; Cabrera, J.; Gil-González, M.D.; Galán, J.C.; Zufiaurre, M.N.G.; Goyanes, M.J.; Campelo, C.; Alberdi, M.B.; Fernández, B.C.; Carretero, R.C.; Valle, M.T.D.; Roblas, R.F.; Bermejo, I.G.; Cía, J.I.G.; Betancor, A.H.; Mestanza, I.C.L.; Alfaro, L.R.; Fedele, G.; Pedrero, L.A.A.; Ruesca, R.B.; Buendía, B.; Praetorius, A.G.; Porto, M.H.; Hernández, A.H.; Garcés, M.L.; López, A.I.L.; Cordero, P.M.; Pérez, R.M.; Esteban, L.M.; Germán, F.J.R.; García, M.R.; Suárez, P.D.C.; Hernando, C.G.; López, M.A.; Andrés, N.A.; Zaragozi, F.J.A.; Muñoz, E.B.; Martínez, X.C.; Nieto, A.C.; Navalpotro, D.; Martín, A.E.; Margüello, M.G.; Real, S.H.; Bugui, M.J.L.; Alfaro, E.M.; Luque, J.C.S.; Maestre, M.M.; Míguezsantiyán, A.; Rivilla, A.P.; Ruiz, M.P.; Vigas, I.P.; Fernández, C.R.; Arroyo, R.S.; Flórez, M.R.S.; Daporta, M.T.; Romero, E.D.V.; Rello, S.R.; Escudero, M.J.R.; Salva, F.; Sanz, J.C.; Minguito, T.; Molero, F.; De LaFuente, J.M.; Herrera, L.; Balfagón, P.; Hernández, M.L.; Murillo, M.Á.; Perea, M.C.",Article,19994915,10,7,379
embase,2000939841,,10.1016/j.hgmx.2016.09.011,"Clinical and differential diagnosis: Dengue, chikungunya and Zika",2018,Revista Medica del Hospital General de Mexico,"Beltrán-Silva, S.L.; Chacón-Hernández, S.S.; Moreno-Palacios, E.; Pereyra-Molina, J.Á.",Short Survey,01851063,81,3,
embase,623218877,29912689,10.3201/eid2407.171170,Use of urea wash ELISA to distinguish zika and dengue virus infections,2018,Emerging Infectious Diseases,"Tsai, W.-Y.; Youn, H.H.; Tyson, J.; Brites, C.; Tsai, J.-J.; Pedroso, C.; Drexler, J.F.; Balmaseda, A.; Harris, E.; Wang, W.-K.",Article,10806059,24,7,
embase,623399859,30016319,10.1371/journal.pmed.1002613,Nonlinear and delayed impacts of climate on dengue risk in Barbados: A modelling study,2018,PLoS Medicine,"Lowe, R.; Gasparrini, A.; Van Meerbeeck, C.J.; Lippi, C.A.; Mahon, R.; Trotman, A.R.; Rollock, L.; Hinds, A.Q.J.; Ryan, S.J.; Stewart-Ibarra, A.M.",Article,15491676,15,7,e1002613
embase,623977423,29567514,10.1016/j.jviromet.2018.03.007,Development of an anti-dengue NS1 IgG ELISA to evaluate exposure to dengue virus,2018,Journal of virological methods,"Nascimento, E.J.M.; George, J.K.; Velasco, M.; Bonaparte, M.I.; Zheng, L.; DiazGranados, C.A.; Marques, E.T.A.; Huleatt, J.W.",Article,18790984,257,,
embase,624497659,30087165,10.1128/mBio.00755-18,T cell responses to nonstructural protein 3 distinguish infections by dengue and zika viruses,2018,mBio,"Herrera, B.B.; Tsai, W.-Y.; Brites, C.; Luz, E.; Pedroso, C.; Drexler, J.F.; Wang, W.-K.; Kanki, P.J.",Article,21507511,9,4,e00755-18
embase,623330825,29947711,10.1590/0074-02760170433,Validation and reliability of the rapid diagnostic test 'SD Bioeasy Dengue Duo' for dengue diagnosis in Brazil: a phase III study,2018,Memorias do Instituto Oswaldo Cruz,"Prado, P.S.; Almeida Júnior, J.T.D.; Abreu, L.T.; Silva, C.G.; Souza, L.D.C.; Gomes, M.C.; Mendes, L.M.T.; Santos, E.M.D.; Romero, G.A.S.",Article,16788060,113,8,
embase,622392197,,10.7860/JCDR/2018/36112.11570,Co-infection of dengue and leptospirosis in patients presenting to a tertiary care hospital with acute febrile illness: A cross-sectional study,2018,Journal of Clinical and Diagnostic Research,"Ravindar, A.; Shanmugam, P.",Article,0973709X,12,6,
embase,622441852,29661824,10.4049/jimmunol.1701790,Development of dengue virus serotype–Specific NS1 capture assays for the rapid and highly sensitive identification of the infecting serotype in human sera,2018,Journal of Immunology,"Röltgen, K.; Rose, N.; Ruggieri, A.; Warryn, L.; Scherr, N.; Pinho-Nascimento, C.A.; Tamborrini, M.; Jaenisch, T.; Pluschke, G.",Article,15506606,200,11,
embase,622934582,,10.1111/jvh.95_12923,Does hepatic involvement affect outcome in dengue Infection?,2018,Journal of Viral Hepatitis,"Lavekar, A.; Aradya, V.; Prakash Kothe, S.; Nandeesh, H.P.; Suvarna, D.; Vijaykumar, T.R.; Kumar, A.",Conference Abstract,13652893,25,,
embase,623366238,,10.3969/j.issn.1001-1978.2018.06.011,"Z1, a novel DENV2 NS5 RDRP small molecular inhibitor, inhibits DENV2 replication and infection",2018,Chinese Pharmacological Bulletin,"Guo, S.-X.; He, S.-J.; Huang, C.-H.; Yao, X.-G.; Liu, S.-W.",Article,10011978,34,6,
embase,634346790,33601826,,Evaluation of a commercial dengue combo rapid test kit for the detection of NS1 and IgM,2018,Tropical biomedicine,"Ainulkhir, H.; Fredolin, L.; Noor Azlan, M.A.; Ahneez, A.H.; Nazlina, I.; Muhammad Ashraf, S.",Article,25219855,35,2,
embase,622074285,29751761,10.1186/s12985-018-1000-0,"Evaluation of an immunochromatography rapid diagnosis kit for detection of chikungunya virus antigen in India, a dengue-endemic country",2018,Virology Journal,"Jain, J.; Okabayashi, T.; Kaur, N.; Nakayama, E.; Shioda, T.; Gaind, R.; Kurosu, T.; Sunil, S.",Article,1743422X,15,1,84
embase,621966687,29514934,10.1128/JCM.00203-18,Potential point-of-care testing for dengue virus in the field,2018,Journal of Clinical Microbiology,"Wang, W.-K.; Gubler, D.J.",Review,1098660X,56,5,e00203-18
embase,623263663,,,Validation of a fluorescent microsphere multiplex serology assay for differential diagnosis of exposure to Zika virus and other closely related arboviruses,2018,Journal of Immunology,"Venkateswaran, N.; Sarwar, J.; Parameswaran, N.; Krishnan, K.V.V.; Nelson, W.M.",Conference Abstract,15506606,200,1,
embase,2001985534,30856223,10.1371/journal.pntd.0007246,Perinatal analyses of Zika- and dengue virus-specific neutralizing antibodies: A microcephaly case-control study in an area of high dengue endemicity in Brazil,2018,PLoS Neglected Tropical Diseases,"Castanha, P.M.S.; Souza, W.V.; Braga, C.; Araújo, T.V.B.D.; Ximenes, R.A.A.; Albuquerque, M.D.F.P.M.; Montarroyos, U.R.; Miranda-Filho, D.B.; Cordeiro, M.T.; Dhalia, R.; Marques, E.T.A.; Rodrigues, L.C.; Martelli, C.M.T.",Article,19352735,13,3,e0007246
embase,620927556,29305550,10.1128/JCM.01785-17,Comparison of four serological methods and two reverse transcription-PCR assays for diagnosis and surveillance of Zika virus infection,2018,Journal of Clinical Microbiology,"Balmaseda, A.; Zambrana, J.V.; Collado, D.; García, N.; Saborío, S.; Elizondo, D.; Mercado, J.C.; Gonzalez, K.; Cerpas, C.; Nuñez, A.; Corti, D.; Waggoner, J.J.; Kuan, G.; Burger-Calderon, R.; Harris, E.",Article,1098660X,56,3,
embase,621569909,,10.1111/1471-0528.15132,Challenges in serological screening for recent Zika infections in pregnancy: Results of a hospital-based cohort in dengue-endemic Singapore,2018,BJOG: An International Journal of Obstetrics and Gynaecology,"Chan, S.-Y.; Wang, L.F.; Ng, L.; Mani, S.; Kam, Y.W.; Selvam, P.; Chew, K.L.; Yan, B.; Tambyah, P.A.; Yong, E.L.",Conference Abstract,14710528,125,,
embase,620867751,29486726,10.1186/s12879-018-3012-1,Concurrent methicillin-resistant Staphylococcus aureus septicemia and pyomyositis in a patient with dengue hemorrhagic fever: A case report,2018,BMC Infectious Diseases,"Ehelepola, N.D.B.; Rajapaksha, R.K.G.M.; Dhanapala, D.M.U.B.; Thennekoon, T.D.K.; Ponnamperuma, S.",Article,14712334,18,1,99
embase,620541576,29409531,10.1186/s12985-018-0925-7,Development and characterization of serotype-specific monoclonal antibodies against the dengue virus-4 (DENV-4) non-structural protein (NS1),2018,Virology Journal,"Gelanew, T.; Hunsperger, E.",Article,1743422X,15,1,30
embase,619461761,29197806,10.1016/j.jpba.2017.11.064,Immunofluorescence–based biosensor for the determination of dengue virus NS1 in clinical samples,2018,Journal of Pharmaceutical and Biomedical Analysis,"Darwish, N.T.; Sekaran, S.D.; Alias, Y.; Khor, S.M.",Article,1873264X,149,,
embase,621404495,29529852,10.3347/kjp.2018.56.1.61,Development of a rapid diagnostic test kit to detect IgG/IgM antibody against zika virus using monoclonal antibodies to the envelope and non-structural protein 1 of the virus,2018,Korean Journal of Parasitology,"Kim, Y.H.; Lee, J.; Kim, Y.-E.; Chong, C.-K.; Pinchemel, Y.; Reisdörfer, F.; Coelho, J.B.; Dias, R.F.; Bae, P.K.; Gusmão, Z.P.M.; Ahn, H.-J.; Nam, H.-W.",Article,17380006,56,1,
embase,2042922129,,,EVALUATION OF THE EARLY DIAGNOSIS OF DENGUE WITH SEROLOGICAL MARKERS AND CLINICAL FEATURES IN AN INDIAN HEALTHCARE CENTER,2018,Journal of Cardiovascular Disease Research,"Goenka, A.S.; Borale, C.P.",Article,09762833,9,4,
embase,2042943159,,,A study on early diagnosis of dengue by clinical features and serological markers in a tertiary care hospital,2018,Journal of Cardiovascular Disease Research,"Ganesh, V.",Article,09762833,9,1,
embase,618514343,28964768,10.1016/j.actatropica.2017.09.025,"Clinical, laboratory, and demographic determinants of hospitalization due to dengue in 7613 patients: A retrospective study based on hierarchical models",2018,Acta Tropica,"da Silva, N.S.; Undurraga, E.A.; da Silva Ferreira, E.R.; Estofolete, C.F.; Nogueira, M.L.",Article,18736254,177,,
embase,618953908,29107414,10.1016/j.diagmicrobio.2017.09.001,Kinetics of anti-ZIKV antibodies after Zika infection using two commercial enzyme-linked immunoassays,2018,Diagnostic Microbiology and Infectious Disease,"Pasquier, C.; Joguet, G.; Mengelle, C.; Chapuy-Regaud, S.; Pavili, L.; Prisant, N.; Izopet, J.; Bujan, L.; Mansuy, J.-M.",Article,18790070,90,1,
embase,620021856,,10.1097/MRM.0000000000000122,The role of serologic testing for Zika virus infection,2018,Reviews and Research in Medical Microbiology,"Trana, A.; Theelb, E.S.",Review,14735601,29,1,
embase,620499710,29329287,10.1371/journal.pntd.0006198,Isolation and complete genome analysis of neurotropic dengue virus serotype 3 from the cerebrospinal fluid of an encephalitis patient,2018,PLoS Neglected Tropical Diseases,"Dhenni, R.; Karyanti, M.R.; Putri, N.D.; Yohan, B.; Yudhaputri, F.A.; Ma'roef, C.N.; Fadhilah, A.; Perkasa, A.; Restuadi, R.; Trimarsanto, H.; Mangunatmadja, I.; Ledermann, J.P.; Rosenberg, R.; Powers, A.M.; Myint, K.S.A.; Sasmono, R.T.",Article,19352735,12,1,e0006198
embase,622459112,29845523,10.1007/978-981-10-8727-1_3,Reliable serological testing for the diagnosis of emerging infectious diseases,2018,Advances in Experimental Medicine and Biology,"Ohst, C.; Saschenbrecker, S.; Stiba, K.; Steinhagen, K.; Probst, C.; Radzimski, C.; Lattwein, E.; Komorowski, L.; Stöcker, W.; Schlumberger, W.",Chapter,22148019,1062,,
embase,623190546,,10.1039/c8nj02244e,Sensitive detection of dengue virus NS1 by highly stable affibody-functionalized gold nanoparticles,2018,New Journal of Chemistry,"Bang, J.; Park, H.; Choi, W.I.; Sung, D.; Lee, J.H.; Lee, K.Y.; Kim, S.",Article,13699261,42,15,
embase,624175519,,,Testing anti-zika virus NS1 IgA additionally to IgM increases sensitivity in acutely infected patients from regions endemic for flaviviruses,2018,Clinical Chemistry,"Steinhagen, K.; Wilhelm, N.; Sendscheid, O.; Schlumberger, W.",Conference Abstract,15308561,64,,
embase,624679682,,10.26452/ijrps.v9i4.1664,"A study on prevalence, an association of platelet count and seasonal distribution of dengue from a tertiary care centre",2018,International Journal of Research in Pharmaceutical Sciences,"Nagarajan, A.; Kalyani, M.; Neelu Sree, P.",Article,09757538,9,4,
embase,625128513,30068888,10.7883/yoken.JJID.2018.107,Single amino acid mutation in dengue virus ns4b protein has opposing effects on viral proliferation in Mammalian and mosquito cells,2018,Japanese Journal of Infectious Diseases,"Fujiki, J.; Nobori, H.; Sato, A.; Sasaki, M.; Carr, M.; Hall, W.W.; Orba, Y.; Sawa, H.",Article,18842836,71,6,
embase,625420134,30350764,10.4269/ajtmh.18-0441,Chagas disease in Southern Coastal Ecuador: Coinfections with arboviruses and a comparison of serological assays for chagas disease diagnosis,2018,American Journal of Tropical Medicine and Hygiene,"Mita-Mendoza, N.K.; McMahon, E.; Kenneson, A.; Barbachano-Guerrero, A.; Beltran-Ayala, E.; Cueva, C.; King, C.A.; Lupone, C.D.; Castro-Sesquen, Y.E.; Gilman, R.H.; Endy, T.P.; Stewart-Ibarra, A.M.",Article,00029637,99,6,
embase,626477363,,,Zika virus laboratory diagnosis during the 2016 Jamaican epidemic,2018,West Indian Medical Journal,"Leys, Y.; Thomas, C.; Burton, N.; Anzinger, J.",Conference Abstract,00433144,67,,
embase,617952531,28831747,10.1007/s10096-017-3083-8,Prospective evaluation of the SD BIOLINE Dengue Duo rapid test during a dengue virus epidemic,2017,European Journal of Clinical Microbiology and Infectious Diseases,"Simonnet, C.; Okandze, A.; Matheus, S.; Djossou, F.; Nacher, M.; Mahamat, A.",Article,14354373,36,12,
embase,618681495,29021087,10.1016/j.diagmicrobio.2017.08.019,Evaluation of OneStep Dengue NS1 RapiDip™ InstaTest and OneStep Dengue Fever IgG/IgM RapiCard™ InstaTest during the course of a dengue type 1 epidemic,2017,Diagnostic Microbiology and Infectious Disease,"Vickers, I.; Harvey, K.; Nelson, K.; Brown, M.; Bullock-DuCasse, M.; Lindo, J.",Article,18790070,89,4,
embase,618986988,,10.3390/antib6040014,Epitope sequences in dengue virus NS1 protein identified by monoclonal antibodies,2017,Antibodies,"Rocha, L.B.; Dos Santos Alves, R.P.; Caetano, B.A.; Pereira, L.R.; Mitsunari, T.; Amorim, J.H.; Polatto, J.M.; Botosso, V.F.; Gallina, N.M.F.; Palacios, R.; Precioso, A.R.; Granato, C.F.H.; Oliveira, D.B.L.; Da Silveira, V.B.; Luz, D.; De Souza Ferreira, L.C.; Piazza, R.M.F.",Article,20734468,6,4,14
embase,619398901,29020159,10.1093/cid/cix672,Distinguishing Secondary Dengue Virus Infection from Zika Virus Infection with Previous Dengue by a Combination of 3 Simple Serological Tests,2017,Clinical Infectious Diseases,"Tsai, W.-Y.; Youn, H.H.; Brites, C.; Tsai, J.-J.; Tyson, J.; Pedroso, C.; Drexler, J.F.; Stone, M.; Simmons, G.; Busch, M.P.; Lanteri, M.; Stramer, S.L.; Balmaseda, A.; Harris, E.; Wang, W.-K.",Article,15376591,65,11,
embase,628218056,29176643,10.1038/s41598-017-16231-6,Development of a quantitative NS1-capture enzyme-linked immunosorbent assay for early detection of yellow fever virus infection,2017,Scientific reports,"Ricciardi-Jorge, T.; Bordignon, J.; Koishi, A.; Zanluca, C.; Mosimann, A.L.; Duarte Dos Santos, C.N.",Article,20452322,7,1,
embase,619463759,,10.12659/PJR.902861,Ultrasound is not useful as a screening tool for dengue fever,2017,Polish Journal of Radiology,"Parmar, J.; Mohan, C.; Prem Kumar, G.; Vora, M.",Article,18990967,82,,
embase,619393456,,10.7860/JCDR/2017/29655.10861,"Role of a surveillance system in the management of an outbreak of dengue in the mid hills of Himachal Pradesh, India",2017,Journal of Clinical and Diagnostic Research,"Singh, A.K.; Chawla, S.; Chawla, B.; Bhaglani, D.K.; Sharma, K.C.",Article,0973709X,11,11,
embase,619405269,29167907,10.11622/smedj.2017100,Definitive tests for dengue fever: When and which should I use?,2017,Singapore Medical Journal,"Chan, H.B.Y.; How, C.H.; Ng, C.W.M.",Article,00375675,58,11,
embase,620729898,,,A comparison of rapid and standard diagnostic assay efficacy for the detection of dengue virus,2017,American Journal of Tropical Medicine and Hygiene,"Grossi-Soyster, E.N.; Krystosik, A.R.; Sagina, J.; Kimaru, S.G.; Mutuku, F.M.; LaBeaud, A.D.",Conference Abstract,00029637,97,5,
embase,620730489,,,Distinguishing secondary dengue virus infection from zika virus infection with previous dengue by a combination of three serological tests,2017,American Journal of Tropical Medicine and Hygiene,"Tsai, W.-Y.; Han Ha, H.H.; Brites, C.; Tsai, J.-J.; Tyson, J.; Pedroso, C.; Drexler, J.F.; Balmaseda, A.; Harris, E.; Wang, W.-K.",Conference Abstract,00029637,97,5,
embase,620730495,,,"Burden of dengue in ouagadougou, Burkina Faso",2017,American Journal of Tropical Medicine and Hygiene,"Lim, J.K.; Carabali, M.; Barro, A.; Lee, K.S.; Dahourou, D.; Namkung, S.; Bonnet, E.; Nikiema, J.E.; Kaba, L.; Somé, P.-A.; Ridde, V.; Yaro, S.; Yoon, I.-K.",Conference Abstract,00029637,97,5,
embase,620730523,,,Development of novel serological assays to discriminate between dengue virus and zika virus antibody responses,2017,American Journal of Tropical Medicine and Hygiene,"Lecouturier, V.M.; Mantel, N.; Fourlinnie, C.; Marion, E.; Boudet, F.; Bonaparte, M.; Guy, B.",Conference Abstract,00029637,97,5,
embase,620730635,,,The 2009 world health organization dengue classification over-estimates dengue disease severity in Sri Lanka,2017,American Journal of Tropical Medicine and Hygiene,"Bodinayake, C.K.; Tillekeratne, L.G.; Nagahawatte, A.; Mutucumarana, C.; Devasiri, V.; Kurukulasooriya, R.; Ostbye, T.; Reller, M.E.; Woods, C.W.",Conference Abstract,00029637,97,5,
embase,620730694,,,A comparison of four serological methods and two RT-PCR assays for diagnosis and surveillance of Zika,2017,American Journal of Tropical Medicine and Hygiene,"Balmaseda, A.; Zambrana, J.V.; Collado, D.; González, K.; Garcia, N.; Saborio, S.; Cerpas, C.; Nuñez, A.; Elizondo, D.; Waggoner, J.J.; Corti, D.; Burger-Calderon, R.; Kuan, G.; Harris, E.",Conference Abstract,00029637,97,5,
embase,620730728,,,A novel antibody-based assay discriminates zika virus infection from other flaviviruses,2017,American Journal of Tropical Medicine and Hygiene,"Balmaseda, A.; Stettler, K.; Carrera, R.M.; Collado, D.; Jin, X.; Zambrana, J.V.; Jaconi, S.; Saborio, S.; Percivalle, E.; Ushiro-Lumb, I.; Barzon, L.; Siqueira, P.; Brown, D.W.; Baldanti, F.; Zambon, M.; De Filippis, A.M.B.; Harris, E.; Corti, D.",Conference Abstract,00029637,97,5,
embase,620730952,,,Screening of recombinant Zika virus proteins as antigens to develop an elisa for the serodiagnosis of Zika virus infection,2017,American Journal of Tropical Medicine and Hygiene,"Sivaraman, S.; Hu, R.; Joshi, N.; Zamora, S.",Conference Abstract,00029637,97,5,
embase,620731377,,,Incidence of zika virus infection and effect of pre-existing dengue virus exposure on zika virus infection and disease in a pediatric cohort in Nicaragua,2017,American Journal of Tropical Medicine and Hygiene,"Balmaseda, A.; Collado, D.; Mercado, J.C.; Zambrana, J.V.; Ojeda, S.; Sanchez, N.; Elizondo, D.; Coloma, J.; Gresh, L.; Katzelnick, L.; Burger-Calderon, R.; Gordon, A.; Kuan, G.; Harris, E.",Conference Abstract,00029637,97,5,
embase,620731428,,,"Estimating the underreporting of dengue cases, Araraquara, Brazil, 2015",2017,American Journal of Tropical Medicine and Hygiene,"Luna, E.J.; Figueiredo, G.M.; Campos, S.R.; Levi, J.E.; Figueiredo, W.M.; Costa, A.A.; Felix, A.C.; Souza, N.S.; Cardoso, M.R.; Pannuti, C.S.",Conference Abstract,00029637,97,5,
embase,618733798,28875696,10.1021/acsinfecdis.7b00110,Surface-Enhanced Raman Spectroscopy-Based Sandwich Immunoassays for Multiplexed Detection of Zika and Dengue Viral Biomarkers,2017,ACS Infectious Diseases,"Sánchez-Purrà, M.; Carré-Camps, M.; De Puig, H.; Bosch, I.; Gehrke, L.; Hamad-Schifferli, K.",Article,23738227,3,10,
embase,618525442,28978319,10.1186/s12879-017-2764-3,Acute undifferentiated fever in India: A multicentre study of aetiology and diagnostic accuracy,2017,BMC Infectious Diseases,"Mørch, K.; Manoharan, A.; Chandy, S.; Chacko, N.; Alvarez-Uria, G.; Patil, S.; Henry, A.; Nesaraj, J.; Kuriakose, C.; Singh, A.; Kurian, S.; Gill Haanshuus, C.; Langeland, N.; Blomberg, B.; Vasanthan Antony, G.; Mathai, D.",Article,14712334,17,1,665
embase,618172787,28852878,10.1007/s00430-017-0517-y,Compensating for cross-reactions using avidity and computation in a suspension multiplex immunoassay for serotyping of Zika versus other flavivirus infections,2017,Medical Microbiology and Immunology,"Rönnberg, B.; Gustafsson, Å.; Vapalahti, O.; Emmerich, P.; Lundkvist, Å.; Schmidt-Chanasit, J.; Blomberg, J.",Article,14321831,206,5,
embase,618639321,28712153,10.1111/tmi.12931,Proteomic analysis reveals the enhancement of human serum apolipoprotein A-1(APO A-1) in individuals infected with multiple dengue virus serotypes,2017,Tropical Medicine and International Health,"Manchala, N.R.; Dungdung, R.; Pilankatta, R.",Article,13653156,22,10,
embase,621526846,28620811,10.1007/s00705-017-3429-7,"Serological, molecular and clinical correlates of dengue from a tertiary care centre in Chennai, India",2017,Archives of virology,"Seshan, V.; Sarangan, G.; Sheriff, K.; Krishnasamy, K.; Palani, G.; Srikanth, P.",Article,14328798,162,10,
embase,618472395,28893984,10.1073/pnas.1708148114,"Nanoswitch-linked immunosorbent assay (NLISA) for fast, sensitive, and specific protein detection",2017,Proceedings of the National Academy of Sciences of the United States of America,"Hansen, C.H.; Yang, D.; Koussa, M.A.; Wong, W.P.",Article,10916490,114,39,
embase,618349420,28934991,10.1186/s40249-017-0352-9,"The dengue preface to endemic in mainland China: The historical largest outbreak by Aedes albopictus in Guangzhou, 2014",2017,Infectious Diseases of Poverty,"Luo, L.; Jiang, L.-Y.; Xiao, X.-C.; Di, B.; Jing, Q.-L.; Wang, S.-Y.; Tang, J.-L.; Wang, M.; Tang, X.-P.; Yang, Z.-C.",Article,20499957,6,1,148
embase,618542598,28880878,10.1371/journal.pntd.0005719,Rapid and accurate interpretation of dengue diagnostics in the context of dengue vaccination implementation: Viewpoints and guidelines issued from an experts group consultation,2017,PLoS Neglected Tropical Diseases,"Hunsperger, E.A.; Duarte dos Santos, C.N.; Vu, H.T.Q.; Yoksan, S.; Deubel, V.",Article,19352735,11,9,e0005719
embase,615143441,28295400,10.1002/jmv.24806,Paper-based point-of-care testing for cost-effective diagnosis of acute flavivirus infections,2017,Journal of Medical Virology,"Bedin, F.; Boulet, L.; Voilin, E.; Theillet, G.; Rubens, A.; Rozand, C.",Article,10969071,89,9,
embase,628004110,,10.1093/ofid/ofx163.698,Zika virus serologic diagnosis by ns1 elisa in curacao,2017,Open Forum Infectious Diseases,"Manuel, S.; Virginia-Cova, L.; Joseph, L.; Roggeveen, C.; Steingrover, R.",Conference Abstract,23288957,4,,
embase,618042616,28851293,10.1186/s12879-017-2679-z,Precisão e confiabilidade de um teste imuno-cromatográfico rápido NS1 para diagnóstico DENV-1 no ponto de atendimento e no laboratório,2017,BMC Infectious Diseases,"Mata, V.E.; Passos, S.R.L.; Hökerberg, Y.H.M.; Berardinelli, G.M.; dos Santos, M.A.B.; Fukuoka, L.V.B.; Maciel, A.C.F.S.R.; dos Santos Rodrigues, C.D.; da Silva Santos, A.; de Vasconcellos Carvalhaes de Oliveira, R.",Article,14712334,17,1,594
embase,617593572,28716913,10.1073/pnas.1704984114,Antibody-based assay discriminates Zika virus infection from other flaviviruses,2017,Proceedings of the National Academy of Sciences of the United States of America,"Balmaseda, A.; Stettler, K.; Medialdea-Carrera, R.; Collado, D.; Jin, X.; Zambrana, J.V.; Jaconi, S.; Cameroni, E.; Saborio, S.; Rovida, F.; Percivalle, E.; Ijaz, S.; Dicks, S.; Ushiro-Lumb, I.; Barzon, L.; Siqueira, P.; Brown, D.W.G.; Baldanti, F.; Tedder, R.; Zambon, M.; Bispo de Filippis, A.M.; Harris, E.; Corti, D.",Article,10916490,114,31,
embase,618463247,28758625,10.1099/jgv.0.000881,The dengue virus non-structural protein 1 (NS1) is secreted from infected mosquito cells via a non-classical caveolin-1- dependent pathway,2017,Journal of General Virology,"Alcalá, A.C.; Hernández-Bravo, R.; Medina, F.; Coll, D.S.; Zambrano, J.L.; Del Angel, R.M.; Ludert, J.E.",Article,14652099,98,8,000881
embase,614601433,28042883,10.1002/jmv.24764,Utility of dengue NS1 antigen rapid diagnostic test for use in difficult to reach areas and its comparison with dengue NS1 ELISA and qRT-PCR,2017,Journal of Medical Virology,"Shukla, M.K.; Singh, N.; Sharma, R.K.; Barde, P.V.",Article,10969071,89,7,
embase,616109111,28505571,10.1016/j.jcv.2017.05.001,Re-evaluation of routine dengue virus serology in travelers in the era of Zika virus emergence,2017,Journal of Clinical Virology,"van Meer, M.P.A.; Mögling, R.; Klaasse, J.; Chandler, F.D.; Pas, S.D.; van der Eijk, A.A.; Koopmans, M.P.G.; Reusken, C.B.E.M.; GeurtsvanKessel, C.H.",Article,18735967,92,,
embase,617170152,28683141,10.1371/journal.pone.0180669,Isolation of serotype-specific antibodies against dengue virus non-structural protein 1 using phage display and application in a multiplexed serotyping assay,2017,PLoS ONE,"Lebani, K.; Jones, M.L.; Watterson, D.; Ranzoni, A.; Traves, R.J.; Young, P.R.; Mahler, S.M.",Article,19326203,12,7,e0180669
embase,618035361,28591316,10.1590/0074-02760160468,"Molecular detection of mixed infections with multiple dengue virus serotypes in suspected dengue samples in Tamaulipas, Mexico",2017,Memorias do Instituto Oswaldo Cruz,"Requena-Castro, R.; Reyes-López, M.Á.; Rodríguez-Reyna, R.E.; Palma-Nicolás, P.; Bocanegra-García, V.",Letter,16788060,112,7,
embase,619007351,29063886,10.4103/ijmm.IJMM_15_455,Evaluation of concurrent malaria and dengue infections among febrile patients,2017,Indian Journal of Medical Microbiology,"Shah, P.D.; Mehta, T.K.",Article,19983646,35,3,
embase,NCT03206541,,,"Neurovirus Emerging in the Americas Study (NEAS): Neurologic Manifestations of the Arbovirus Dengue, Chikungunya and Zika Infections in Colombia",2017,clinicaltrials.gov,,Clinical Trial,,,,
embase,616721675,28396347,10.1074/jbc.M117.775643,Serotype-specific interactions among functional domains of dengue virus 2 nonstructural proteins (NS) 5 and NS3 are crucial for viral RNA replication,2017,Journal of Biological Chemistry,"Teramoto, T.; Balasubramanian, A.; Choi, K.H.; Padmanabhan, R.",Article,1083351X,292,23,
embase,615342209,28389145,10.1016/j.diagmicrobio.2017.03.015,Serodiagnosis of dengue virus infection using commercially available antibody and NS1 antigen ELISAs,2017,Diagnostic Microbiology and Infectious Disease,"Granger, D.; Leo, Y.S.; Lee, L.K.; Theel, E.S.",Article,18790070,88,2,
embase,615375552,28400226,10.1016/j.peptides.2017.04.002,In-vitro effect of human cathelicidin antimicrobial peptide LL-37 on dengue virus type 2,2017,Peptides,"Alagarasu, K.; Patil, P.S.; Shil, P.; Seervi, M.; Kakade, M.B.; Tillu, H.; Salunke, A.",Article,18735169,92,,
embase,616338983,28518476,10.1111/vcp.12497,"Adult-onset, chronic, cyclic thrombocytopenia in a Rhesus macaque (Macaca mulatta) after dengue virus vaccination and viral challenge",2017,Veterinary Clinical Pathology,"Frydman, G.H.; Metcalf Pate, K.A.; Marini, R.P.; de Laforcade, A.M.; Bosch, I.; Bakthavatchalu, V.; Muthupalani, S.; Swennes, A.G.; Lyons, C.E.; Tompkins, R.G.; Fox, J.G.",Article,1939165X,46,2,
embase,616626120,28542603,10.1371/journal.ppat.1006411,A conformational switch high-throughput screening assay and allosteric inhibition of the flavivirus NS2B-NS3 protease,2017,PLoS Pathogens,"Brecher, M.; Li, Z.; Liu, B.; Zhang, J.; Koetzner, C.A.; Alifarag, A.; Jones, S.A.; Lin, Q.; Kramer, L.D.; Li, H.",Article,15537374,13,5,e1006411
embase,617353588,,,High specificity of human antibody response to nonstructural protein NS1 elicited by Zika virus infection,2017,Journal of Immunology,"Gao, X.; Wen, Y.; Li, C.; Wang, J.; Zhang, F.; Yu, L.",Conference Abstract,15506606,198,1,
embase,617687200,,10.1111/ijlh.2017.39.issue-S2,High fluorescent lymphocytes (HFLC) on sysmex Xn-A useful marker for diagnosis and immunopathology of dengue,2017,International Journal of Laboratory Hematology,"Pai, S.; Bhat, R.",Conference Abstract,1751553X,39,,
embase,605554206,26260863,10.1016/j.jmii.2015.05.008,Improving dengue viral antigens detection in dengue patient serum specimens using a low pH glycine buffer treatment,2017,"Journal of Microbiology, Immunology and Infection","Shen, W.-F.; Galula, J.U.; Chang, G.-J.J.; Wu, H.-C.; King, C.-C.; Chao, D.-Y.",Article,19959133,50,2,
embase,614667288,28274665,10.1016/j.pathol.2016.11.013,Introduction of a rapid diagnostic dengue NS1 antigen–IgM/IgG combination assay associated with a reduced inpatient length of stay,2017,Pathology,"Mayer, J.K.; Freeman, K.; Baird, R.W.",Letter,14653931,49,3,
embase,615827212,28384260,10.1371/journal.ppat.1006257,DENV up-regulates the HMG-CoA reductase activity through the impairment of AMPK phosphorylation: A potential antiviral target,2017,PLoS Pathogens,"Soto-Acosta, R.; Bautista-Carbajal, P.; Cervantes-Salazar, M.; Angel-Ambrocio, A.H.; del Angel, R.M.",Article,15537374,13,4,e1006257
embase,616552357,,,Indirect Immunoflourescence assay for the screening of Zika antibodies in serum and cerebrospinal fluid,2017,Neurology,"Kumar, A.; Ocazionez, F.; Abreu, C.; Parra, B.; Munoz, L.; Samuel, G.; Thakur, K.; Gama, L.; Pardo-Villamizar, C.",Conference Abstract,1526632X,88,16,
embase,614737833,28284209,10.1186/s12879-017-2306-z,Increased sensitivity of NS1 ELISA by heat dissociation in acute dengue 4 cases,2017,BMC Infectious Diseases,"Buonora, S.N.; dos Santos, F.B.; Daumas, R.P.; Passos, S.R.L.; da Silva, M.H.; de Lima, M.R.; Nogueira, R.M.R.",Article,14712334,17,1,204
embase,613961106,27955870,10.1016/j.diagmicrobio.2016.09.020,Evaluation of a pan-serotype point-of-care rapid diagnostic assay for accurate detection of acute dengue infection,2017,Diagnostic Microbiology and Infectious Disease,"Vivek, R.; Ahamed, S.F.; Kotabagi, S.; Chandele, A.; Khanna, I.; Khanna, N.; Nayak, K.; Dias, M.; Kaja, M.-K.; Shet, A.",Article,18790070,87,3,
embase,636024950,,,Neuroimaging in dengue encephalitis,2017,Annals of Indian Academy of Neurology,"Agrawal, A.K.; Anand, K.S.; Kumar, P.; Garg, J.; Mahajan, R.K.",Conference Abstract,19983549,20,SUPPL 1,
embase,614111851,28094237,10.1016/j.ebiom.2017.01.008,A Multiplex Microsphere Immunoassay for Zika Virus Diagnosis,2017,EBioMedicine,"Wong, S.J.; Furuya, A.; Zou, J.; Xie, X.; Dupuis, A.P.; Kramer, L.D.; Shi, P.-Y.",Article,23523964,16,,
embase,619823232,28080958,10.2807/1560-7917.ES.2017.22.1.30430,"Erratum: Serodiagnosis of Zika virus (ZIKV) infections by a novel NS1-based ELISA devoid of cross-reactivity with dengue virus antibodies: A multicohort study of assay performance, 2015 to 2016, (Euro Surveill,(2016) 21, 50 (30426),10.2807/1560-7917.ES.2016.21.50.30426)",2017,Eurosurveillance,,Erratum,15607917,22,1,30430
embase,613947475,28052760,10.1186/s12879-016-2128-4,Evaluation of the importance of fever with respect to dengue prognosis according to the 2009 WHO classification: A retrospective study,2017,BMC Infectious Diseases,"Tukasan, C.; Furlan, N.B.; Estofolete, C.F.; Nogueira, M.L.; da Silva, N.S.",Article,14712334,17,1,6
embase,614127157,,,Utility of NS1 antigen for diagnosis of dengue virus infection,2017,Journal of Krishna Institute of Medical Sciences University,"Manthalkar, P.S.; Peerapur, B.V.",Article,22314261,6,1,
embase,614514319,,10.12669/pjms.331.11237,"Evaluation of non-structural protein-1(NS1) positive patients of 2013 dengue outbreak in Khyber Pakhtunkhwa, Pakistan",2017,Pakistan Journal of Medical Sciences,"Lutfullah, G.; Ahmed, J.; Khan, A.; Ihsan, H.; Ahmad, J.",Article,1682024X,33,1,
embase,615138366,,10.4269/ajtmh.16-0335,Imported dengue infection in a Spanish hospital with a high proportion of travelers from Africa: A 9-year retrospective study,2017,American Journal of Tropical Medicine and Hygiene,"Toro, C.; Trevisi, P.; López-Quintana, B.; Amor, A.; Iglesias, N.; Subirats, M.; De Guevara, C.L.; Lago, M.; Arsuaga, M.; De La Calle-Prieto, F.; Herrero, D.; Rubio, M.; Puente, S.; Baquero, M.",Article,00029637,96,3,
embase,617261065,,10.1155/2017/8072491,Dengue Virus NS1 Protein as a Diagnostic Marker: Commercially Available ELISA and Comparison to qRT-PCR and Serological Diagnostic Assays Currently Used by the State of Florida,2017,Journal of Tropical Medicine,"Ambrose, J.H.; Sekaran, S.D.; Azizan, A.",Article,16879694,2017,,8072491
embase,618509346,28367875,10.7883/yoken.JJID.2016.231,"Laboratory and molecular characterization of dengue viruses in a 2014 outbreak in guangfo region, Southern China",2017,Japanese Journal of Infectious Diseases,"Luo, Z.-F.; Hu, B.; Zhang, F.-Y.; Lin, X.-H.; Xie, X.-Y.; Pan, K.-Y.; Li, H.-Y.; Ren, R.-W.; Zhao, W.-Z.",Article,18842836,70,5,
embase,619228469,,10.7727/wimj.2016.095,Rapid diagnosis of dengue outbreaks in resource limited facilities,2017,West Indian Medical Journal,"Khan, I.D.; Sahni, A.K.",Article,00433144,66,1,
embase,620794266,,10.1155/2017/4687182,Performance Evaluation of Commercial Dengue Diagnostic Tests for Early Detection of Dengue in Clinical Samples,2017,Journal of Tropical Medicine,"Mat Jusoh, T.N.A.; Shueb, R.H.",Article,16879694,2017,,4687182
embase,613891485,28006649,10.2807/1560-7917.ES.2016.21.50.30426,"Serodiagnosis of Zika virus (ZIKV) infections by a novel NS1-based ELISA devoid of cross-reactivity with dengue virus antibodies: A multicohort study of assay performance, 2015 to 2016",2016,Eurosurveillance,"Steinhagen, K.; Probst, C.; Radzimski, C.; Schmidt-Chanasit, J.; Emmerich, P.; Van Esbroeck, M.; Schinkel, J.; Grobusch, M.P.; Goorhuis, A.; Warnecke, J.M.; Lattwein, E.; Komorowski, L.; Deerberg, A.; Saschenbrecker, S.; Stöcker, W.; Schlumberger, W.",Article,15607917,21,50,
embase,613775551,,10.1016/j.apjtm.2016.10.007,NS1 antigen: A new beam of light in the early diagnosis of dengue infection,2016,Asian Pacific Journal of Tropical Medicine,"Suleman, M.; Faryal, R.; Alam, M.M.; Sharif, S.; Shaukat, S.; Aamir, U.B.; Khurshid, A.; Angez, M.; Umair, M.; Sufian, M.M.; Arshad, Y.; Mujtaba, G.; Zaidi, S.S.Z.",Article,19957645,9,12,
embase,613418873,27894268,10.1186/s12879-016-2053-6,Differentiating secondary from primary dengue using IgG to IgM ratio in early dengue: An observational hospital based clinico-serological study from North India,2016,BMC Infectious Diseases,"Changal, K.H.; Raina, A.H.; Raina, A.; Raina, M.; Bashir, R.; Latief, M.; Mir, T.; Changal, Q.H.",Article,14712334,16,1,715
embase,614038574,27809813,10.1186/s12879-016-1947-7,"Low sensitivity of the tourniquet test for differential diagnosis of dengue: An analysis of 28,000 trials in patients",2016,BMC Infectious Diseases,"Furlan, N.B.; Tukasan, C.; Estofolete, C.F.; Nogueira, M.L.; da Silva, N.S.",Article,14712334,16,1,627
embase,619250302,,10.4269/ajtmh.abstract2016,Enhanced dengue sentinel surveillance in metropolitan Sri Lanka: 2012 to 2015,2016,American Journal of Tropical Medicine and Hygiene,"Tissera, H.; Gunasena, S.; Silva, D.D.; Sessions, O.; Palihawadana, P.; Amarasinghe, A.; Weeraman, J.; Chandrasoma, O.; Leong, Y.; Lohr, W.; Byass, P.; Wilder-Smith, A.; Gubler, D.",Conference Abstract,00029637,95,5,
embase,619250602,,10.4269/ajtmh.abstract2016,"Defining the clinical manifestations of zika and dengue patients attended in ribeirão preto, Brazil",2016,American Journal of Tropical Medicine and Hygiene,"Torres, F.P.; Esposito, D.L.; Klein, T.M.; Moraes, F.M.; Persona, M.R.; Fonseca, B.A.",Conference Abstract,00029637,95,5,
embase,619250808,,10.4269/ajtmh.abstract2016,Potential impact of dengue vaccine implementation on surveillance and diagnosis-insights from serological profiles of febrile cases in phase III dengvaxia @sup_begin®@sup_end efficacy trials,2016,American Journal of Tropical Medicine and Hygiene,"Plennevaux, E.; Moureau, A.; Arredondo, J.L.; Villar, L.A.; Pitisuttithum, P.; Huu, T.N.; Bonaparte, M.; Chansinghakul, D.; Coronel, D.L.; L'Azou, M.; Ochiai, L.; Toh, M.-L.; Noriega, F.; Bouckenooghe, A.",Conference Abstract,00029637,95,5,
embase,619251853,,10.4269/ajtmh.abstract2016,Correlation of clinical diagnosis and dengue assays in cambodia over six years,2016,American Journal of Tropical Medicine and Hygiene,"Berjohn, C.M.; Rachmat, A.; Yi, C.; Heang, V.; Supaprom, C.; Chum, B.; Kheng, S.; Buth, S.; Vaughn, A.F.",Conference Abstract,00029637,95,5,
embase,612833856,27737634,10.1186/s12879-016-1886-3,"A prospective study of the importance of enteric fever as a cause of non-malarial febrile illness in patients admitted to Chittagong Medical College Hospital, Bangladesh",2016,BMC Infectious Diseases,"Maude, R.R.; Ghose, A.; Samad, R.; de Jong, H.K.; Fukushima, M.; Wijedoru, L.; Hassan, M.U.; Hossain, M.A.; Karim, M.R.; Sayeed, A.A.; van den Ende, S.; Pal, S.; Zahed, A.S.M.; Rahman, W.; Karnain, R.; Islam, R.; Tran, D.T.N.; Ha, T.T.; Pham, A.H.; Campbell, J.I.; van Doorn, H.R.; Maude, R.J.; van der Poll, T.; Wiersinga, W.J.; Day, N.P.J.; Baker, S.; Dondorp, A.M.; Parry, C.M.; Faiz, M.A.",Article,14712334,16,1,567
embase,611516059,26991505,10.1002/jmv.24529,"Changing pattern of dengue virus serotypes circulating during 2008–2012 and reappearance of dengue serotype 3 may cause outbreak in Kolkata, India",2016,Journal of Medical Virology,"Saha, K.; Ghosh, M.; Firdaus, R.; Biswas, A.; Seth, B.; Bhattacharya, D.; Mukherjee, K.; Sadhukhan, P.C.",Article,10969071,88,10,
embase,611516083,27004990,10.1002/jmv.24533,"High prevalence of clinically unsuspected dengue disease among children in Ribeirao Preto city, Brazil",2016,Journal of Medical Virology,"Poloni, T.R.; Dornas, F.P.; dos Santos, N.N.; Soares, A.M.; Amarilla, A.A.; Alfonso, H.L.; Trigueiro, S.; Lavrador, M.A.S.; Yamamoto, A.Y.; Aquino, V.H.",Article,10969071,88,10,
embase,612012351,26984143,10.1093/infdis/jiw103,Performance of Dengue Diagnostic Tests in a Single-Specimen Diagnostic Algorithm,2016,Journal of Infectious Diseases,"Hunsperger, E.A.; Muñoz-Jordán, J.; Beltran, M.; Colón, C.; Carrión, J.; Vazquez, J.; Acosta, L.N.; Medina-Izquierdo, J.F.; Horiuchi, K.; Biggerstaff, B.J.; Margolis, H.S.",Conference Paper,15376613,214,6,
embase,612012356,26984145,10.1093/infdis/jiw107,Reimagining the Future of the Diagnosis of Viral Infections,2016,Journal of Infectious Diseases,"Peeling, R.W.; Olliaro, P.",Note,15376613,214,6,
embase,612290823,27347853,10.3201/eid2209.160725,Specificity of dengue NS1 antigen in differential diagnosis of dengue and zika virus infection,2016,Emerging Infectious Diseases,"Matheus, S.; Boukhari, R.; Labeau, B.; Ernault, V.; Bremand, L.; Kazanji, M.; Rousset, D.",Letter,10806059,22,9,
embase,612522156,27622521,10.1371/journal.ppat.1005886,The C-terminal 18 Amino Acid Region of Dengue Virus NS5 Regulates its Subcellular Localization and Contains a Conserved Arginine Residue Essential for Infectious Virus Production,2016,PLoS Pathogens,"Tay, M.Y.F.; Smith, K.; Ng, I.H.W.; Chan, K.W.K.; Zhao, Y.; Ooi, E.E.; Lescar, J.; Luo, D.; Jans, D.A.; Forwood, J.K.; Vasudevan, S.G.",Article,15537374,12,9,e1005886
embase,627784469,,10.1093/ofid/ofw172.485,"Etiology of acute febrile illness among hospitalized adults and children at a public tertiary-care center in Pune, India",2016,Open Forum Infectious Diseases,"Robinson, M.; Balasubramanian, U.; Raichur, P.; Kadam, D.; Khadse, S.; Marbaniang, I.; Kanade, S.; Sachs, J.; Basavaraj, A.; Bharadwaj, R.; Kinikar, A.; Kulkarni, V.; Kagal, A.; Gupta, A.; Mave, V.",Conference Abstract,23288957,3,,
embase,611412440,27225409,10.1128/JCM.00521-16,Use of a rapid test for diagnosis of dengue during suspected dengue outbreaks in resource-limited regions,2016,Journal of Clinical Microbiology,"Hunsperger, E.A.; Sharp, T.M.; Lalita, P.; Tikomaidraubuta, K.; Cardoso, Y.R.; Naivalu, T.; Khan, A.S.; Marfel, M.; Hancock, W.T.; Tomashek, K.M.; Margolis, H.S.",Article,1098660X,54,8,
embase,611570615,27185768,10.4269/ajtmh.15-0492,"Evaluation of commercially available assays for diagnosis of acute dengue in schoolchildren during an epidemic period in Medellin, Colombia",2016,American Journal of Tropical Medicine and Hygiene,"Piedrahita, L.D.; Agudelo, I.Y.; Trujillo, A.I.; Ramírez, R.E.; Osorio, J.E.; Restrepo, B.N.",Article,00029637,95,2,
embase,611987828,27575636,10.1371/journal.ppat.1005841,The Dengue Virus NS5 Protein Intrudes in the Cellular Spliceosome and Modulates Splicing,2016,PLoS Pathogens,"De Maio, F.A.; Risso, G.; Iglesias, N.G.; Shah, P.; Pozzi, B.; Gebhard, L.G.; Mammi, P.; Mancini, E.; Yanovsky, M.J.; Andino, R.; Krogan, N.; Srebrow, A.; Gamarnik, A.V.",Article,15537374,12,8,e1005841
embase,611501706,27409803,10.1371/journal.pntd.0004828,Dengue Virus Nonstructural Protein 1 Induces Vascular Leakage through Macrophage Migration Inhibitory Factor and Autophagy,2016,PLoS Neglected Tropical Diseases,"Chen, H.-R.; Chuang, Y.-C.; Lin, Y.-S.; Liu, H.-S.; Liu, C.-C.; Perng, G.-C.; Yeh, T.-M.",Article,19352735,10,7,e0004828
embase,611119164,,10.5958/0976-5506.2016.00159.5,"Seroprevalence and evaluation of rapid immunochromatographic test and ELISA for the detection of NS1 antigen, IgM and IgG antibodies for early diagnosis of dengue infection in a Tertiary care hospital, south India",2016,Indian Journal of Public Health Research and Development,"Ronnimol, P.; Takpere, A.Y.; Shahapur, P.R.; Parandekar, P.K.",Article,09765506,7,3,
embase,613166431,27834337,10.4103/0971-5916.193300,A novel indirect ELISA for diagnosis of dengue fever,2016,Indian Journal of Medical Research,"Narayan, R.; Raja, S.; Kumar, S.; Sambasivam, M.; Jagadeesan, R.; Arunagiri, K.; Krishnasamy, K.; Palani, G.",Article,09715916,144,JULY,
embase,621883496,27278716,10.1038/srep27663,The Use of NS1 Rapid Diagnostic Test and qRT-PCR to Complement IgM ELISA for Improved Dengue Diagnosis from Single Specimen,2016,Scientific reports,"Teoh, B.-T.; Sam, S.-S.; Tan, K.-K.; Johari, J.; Abd-Jamil, J.; Hooi, P.-S.; AbuBakar, S.",Article,20452322,6,,
embase,610229775,27142330,10.1016/j.vaccine.2016.04.070,Introducing dengue vaccine: Implications for diagnosis in dengue vaccinated subjects,2016,Vaccine,"Alagarasu, K.",Note,18732518,34,25,
embase,610050100,27102820,10.1016/j.vaccine.2016.04.028,Detection of dengue cases by serological testing in a dengue vaccine efficacy trial: Utility for efficacy evaluation and impact of future vaccine introduction,2016,Vaccine,"Plennevaux, E.; Sabchareon, A.; Limkittikul, K.; Chanthavanich, P.; Sirivichayakul, C.; Moureau, A.; Boaz, M.; Wartel, T.A.; Saville, M.; Bouckenooghe, A.",Article,18732518,34,24,
embase,610362998,27184801,10.1186/s12879-016-1551-x,"Evaluation of the performances of six commercial kits designed for dengue NS1 and anti-dengue IgM, IgG and IgA detection in urine and saliva clinical specimens",2016,BMC Infectious Diseases,"Andries, A.-C.; Duong, V.; Ong, S.; Ros, S.; Sakuntabhai, A.; Horwood, P.; Dussart, P.; Buchy, P.",Article,14712334,16,1,201
embase,611080119,27384823,10.1590/0037-8682-0444-2015,Evaluation and optimization of SYBR green real-time reverse transcription polymerase chain reaction as a tool for diagnosis of the flavivirus genus in Brazil,2016,Revista da Sociedade Brasileira de Medicina Tropical,"Romeiro, M.F.; De Souza, W.M.; Tolardo, A.L.; Vieira, L.C.; Colombo, T.E.; Aquino, V.H.; Nogueira, M.L.; Figueiredo, L.T.M.",Article,00378682,49,3,
embase,617578450,27067800,,"Vector Surveillance for Dengue Virus Detection in the Archipelago of Fernando de Noronha, Brazil",2016,Journal of medical entomology,"Barbosa, P.P.; Guedes, D.R.; Melo-Santos, M.A.; Cordeiro, M.T.; Acioli, R.V.; Batista, C.A.; Gonçalves, L.S.; Souza, M.F.; Araújo, Y.V.; Magalhães, F.J.; Regis, L.; Ayres, C.F.",Article,19382928,53,3,
embase,72307902,,10.1111/jth.13325,Thrombocytopenia and altered coagulation as independent predictors of the etiology of acute undifferentiated febrile illness (AUFI) in adults presenting to emergency in a tertiary care hospital in North India,2016,Journal of Thrombosis and Haemostasis,"Bhalla, A.; Suri, V.; Gopi, S.; Biswal, M.; Ratho, R.; Singh, P.M.; Malhotra, P.",Conference Abstract,15387836,14,,
embase,608647181,26599483,10.1016/j.bios.2015.11.030,Detection of dengue NS1 antigen using long-range surface plasmon waveguides,2016,Biosensors and Bioelectronics,"Wong, W.R.; Sekaran, S.D.; Mahamd Adikan, F.R.; Berini, P.",Article,18734235,78,,
embase,609610786,,10.1016/j.apjtm.2016.03.010,"Dengue outbreak in Swat and Mansehra, Pakistan 2013: An epidemiological and diagnostic perspective",2016,Asian Pacific Journal of Tropical Medicine,"Suleman, M.; Faryal, R.; Aamir, U.B.; Alam, M.M.; Nisar, N.; Sharif, S.; Shaukat, S.; Khurshid, A.; Angez, M.; Umair, M.; Mujtaba, G.; Sufian, M.M.; Arshad, Y.; Rehman, L.; Zaidi, S.S.Z.",Article,19957645,9,4,
embase,609700097,,10.7860/JCDR/2016/15758.7562,Evaluation of NS1 antigen detection for early diagnosis of dengue in a tertiary hospital in Southern India,2016,Journal of Clinical and Diagnostic Research,"Anand, A.M.; Sistla, S.; Dhodapkar, R.; Hamide, A.; Biswal, N.; Srinivasan, B.",Article,0973709X,10,4,
embase,72245346,,10.1016/j.ijid.2016.02.393,Concurrent dengue and malaria coinfection: Observations from a central Mumbai hospital,2016,International Journal of Infectious Diseases,"Barua, A.; Yeolekar, M.E.",Conference Abstract,12019712,45,,
embase,72245429,,10.1016/j.ijid.2016.02.476,Combination of NS1 antigen ans anti-NS1 lgA assays in the diagnosis of dengue infection in Asia,2016,International Journal of Infectious Diseases,"Valverde, V.; Delaroche, C.; Smal, E.; Chhoeung, R.; Duong, V.; Buchy, P.",Conference Abstract,12019712,45,,
embase,605682492,26252251,10.1002/jmv.24343,Serum levels of IFN-β are associated with days of evolution but not with severity of dengue,2016,Journal of Medical Virology,"Pech Torres, R.E.; Cedillo Rivera, R.M.; Loroño Pino, M.A.; Sánchez Burgos, G.G.",Article,10969071,88,3,
embase,607439006,26739653,10.1016/j.actatropica.2015.12.012,Seroprevalence of antibodies against dengue virus among pregnant women in the Democratic Republic of Sao Tome and Principe,2016,Acta Tropica,"Yen, T.-Y.; Trovoada dos Santos, M.J.; Tseng, L.-F.; Chang, S.-F.; Cheng, C.-F.; Carvalho, A.V.A.; Shu, P.-Y.; Lien, J.-C.; Tsai, K.-H.",Article,18736254,155,,
embase,609171734,27004576,,Comparative evaluation of validity and cost-benefit analysis of rapid diagnostic test (RDT) kits in diagnosis of dengue infection using composite reference criteria: A cross-sectional study from south India,2016,Journal of Vector Borne Diseases,"Mitra, S.; Choudhari, R.; Nori, H.; Abhilash, K.P.P.; Jayaseelan, V.; Abraham, A.M.; Cherian, A.O.; Prakash, J.A.J.; Muliyil, J.",Article,09729062,53,1,
embase,608697926,26927901,10.1371/journal.pntd.0004477,"Laboratory-Enhanced Dengue Sentinel Surveillance in Colombo District, Sri Lanka: 2012-2014",2016,PLoS Neglected Tropical Diseases,"Tissera, H.; Amarasinghe, A.; Gunasena, S.; DeSilva, A.D.; Yee, L.W.; Sessions, O.; Muthukuda, C.; Palihawadana, P.; Lohr, W.; Byass, P.; Gubler, D.J.; Wilder-Smith, A.",Article,19352735,10,2,e0004477
embase,608551125,26941578,10.7150/ijms.13680,Macrophage activation syndrome-associated markers in severe dengue,2016,International Journal of Medical Sciences,"Ab-Rahman, H.A.; Rahim, H.; Abubakar, S.; Wong, P.-F.",Article,14491907,13,3,
embase,607873463,26812472,10.3201/eid2202.150495,"Accuracy of dengue reporting by national surveillance system, Brazil",2016,Emerging Infectious Diseases,"Silva, M.M.O.; Rodrigues, M.S.; Paploski, I.A.D.; Kikuti, M.; Kasper, A.M.; Cruz, J.S.; Queiroz, T.L.; Tavares, A.S.; Santana, P.M.; Araújo, J.M.G.; Ko, A.I.; Reis, M.G.; Ribeiro, G.S.",Letter,10806059,22,2,
embase,608823164,26895240,10.1371/journal.ppat.1005451,Dengue Virus Nonstructural Protein 5 (NS5) Assembles into a Dimer with a Unique Methyltransferase and Polymerase Interface,2016,PLoS Pathogens,"Klema, V.J.; Ye, M.; Hindupur, A.; Teramoto, T.; Gottipati, K.; Padmanabhan, R.; Choi, K.H.",Article,15537374,12,2,e1005451
embase,607946635,26822788,10.1186/s12879-016-1368-7,Accuracy of clinical criteria and an immunochromatographic strip test for dengue diagnosis in a DENV-4 epidemic,2016,BMC Infectious Diseases,"Buonora, S.N.; Passos, S.R.L.; do Carmo, C.N.; Quintela, F.M.; de Oliveira, D.N.R.; Santos, F.B.; Hökerberg, Y.H.M.; Nogueira, R.M.R.; Daumas, R.P.",Article,14712334,16,1,37
embase,605233823,26118588,10.1002/jmv.24314,"Clinical evaluation of dengue RNA, NS1, and IgM for diagnosis of dengue in Southern China",2016,Journal of Medical Virology,"Chen, X.; Chen, R.; Gu, W.; He, J.; Cai, W.; Li, J.; Duan, C.; Yan, H.",Article,10969071,88,1,
embase,608455291,,,Concurrent infection of typhoid and dengue: A Vice-versa study at Lakhimpur,2016,International Journal of Current Pharmaceutical Review and Research,"Mridul, M.; Manjit, C.; Sibarani, T.",Article,0976822X,7,1,
embase,609614262,,10.13040/IJPSR.0975-8232.7(4).1780-84,Evaluation of NS1 antigen-capture ELISA and IgM antibody capture ELISA in acute cases of dengue in rural population in a tertiary care teaching hospital in Western Uttar Pradesh India,2016,International Journal of Pharmaceutical Sciences and Research,"Verma, R.K.; Singh, D.P.; Kumari, S.; Siddique, M.E.",Article,09758232,7,4,
embase,611301176,,,A rare manifestation of congenital dengue infection,2016,Hong Kong Journal of Paediatrics,"Kumar, D.; Sanjeev, R.K.",Article,10139923,21,3,
embase,613244005,,10.1186/s40557-016-0104-5,"Laboratory-acquired dengue virus infection by needlestick injury: A case report, South Korea, 2014",2016,Annals of Occupational and Environmental Medicine,"Lee, C.; Jang, E.J.; Kwon, D.; Choi, H.; Park, J.W.; Bae, G.-R.",Article,20524374,28,1,16
embase,607523014,26719940,10.3855/jidc.6422,Protein-protein interactions between A. aegypti midgut and dengue virus 2: Two-hybrid screens using the midgut cDNA library,2015,Journal of Infection in Developing Countries,"Tham, H.-W.; Balasubramaniam, V.R.M.T.; Chew, M.-F.; Ahmad, H.; Hassan, S.S.",Article,19722680,9,12,
embase,607461903,,10.1371/journal.pntd.0004255,Cissampelos pareira Linn: Natural Source of Potent Antiviral Activity against All Four Dengue Virus Serotypes,2015,PLoS Neglected Tropical Diseases,"Sood, R.; Raut, R.; Tyagi, P.; Pareek, P.K.; Barman, T.K.; Singhal, S.; Shirumalla, R.K.; Kanoje, V.; Subbarayan, R.; Rajerethinam, R.; Sharma, N.; Kanaujia, A.; Shukla, G.; Gupta, Y.K.; Katiyar, C.K.; Bhatnagar, P.K.; Upadhyay, D.J.; Swaminathan, S.; Khanna, N.",Article,19352735,9,12,e0004255
embase,607020234,26610481,10.3390/ijms161126069,Establishment and comparison of two different diagnostic platforms for detection of DENV1 NS1 protein,2015,International Journal of Molecular Sciences,"Tang, Y.-L.; Chiu, C.-Y.; Lin, C.-Y.; Huang, C.-H.; Chen, Y.-H.; Destura, R.V.; Chao, D.-Y.; Wu, H.-C.",Article,14220067,16,11,
embase,606754920,,10.7860/JCDR/2015/14285.6710,"Association of mean platelet volume with severity, serology & treatment outcome in dengue fever: Prognostic utility",2015,Journal of Clinical and Diagnostic Research,"Sharma, K.; Yadav, A.",Article,0973709X,9,11,
embase,607636453,26669014,,"Status of circulating immune complexes, IL8 titers and cryoglobulins in patients with dengue infection",2015,Indian journal of experimental biology,"Patra, G.; Ghosh, M.; Modak, D.; Bandopadhyay, B.; Saha, B.; Mukhopadhyay, S.",Article,00195189,53,11,
embase,607690588,27049702,10.1590/S0036-46652015000600005,"Dengue outbreak in Mato Grosso state, midwestern Brazil",2015,Revista do Instituto de Medicina Tropical de Sao Paulo,"Heinen, L.B.S.; Zuchi, N.; Cardoso, B.F.; Dos Santos, M.A.M.; Nogueira, M.L.; Dezengrini-Slhessarenko, R.",Article,16789946,57,6,
embase,610687644,26499030,,The Dilemma of Reactive NS1 Antigen test in Dengue Fever,2015,Indian pediatrics,"Pothapregada, S.",Letter,09747559,52,10,
embase,613369065,,,NS1 capture ELISA with a serum heat denaturation step to improve test sensitivity in persons with secondary dengue virus infection,2015,American Journal of Tropical Medicine and Hygiene,"Gelanew, T.; Caraballo, E.; Poole-Smith, B.K.; Hunsperger, E.",Conference Abstract,00029637,93,4,
embase,613369614,,,"Dengue vaccine initiative: Passive fever surveillance and serological survey for dengue in Ouagadougou, Burkina Faso",2015,American Journal of Tropical Medicine and Hygiene,"Carabali, M.; Lim, J.K.; Barro, A.; Ouoba, A.; Munoz, M.; Campaore, B.; Lee, K.S.; Lee, J.S.; Bonnet, E.; Ridde, V.; Seydou, Y.",Conference Abstract,00029637,93,4,
embase,613369698,,,"Dengue vaccine initiative project: The seroprevalence survey and the passive surveillance for dengue in bang phae, Ratchaburi, Thailand",2015,American Journal of Tropical Medicine and Hygiene,"Limkittikul, K.; Lim, J.K.; Sirivichayakul, C.; Lee, K.S.; Lee, J.S.; Lim, S.-K.; Suvannadabba, S.; Chanthavanich, P.",Conference Abstract,00029637,93,4,
embase,613370609,,,"Dengue vaccine initiative project: Burden of dengue fever in children and adults of Piedecuesta-Santander, Colombia",2015,American Journal of Tropical Medicine and Hygiene,"Carabali, M.; Lim, J.K.; Palencia, D.; Lee, K.S.; Lee, J.S.; Lozano, A.; Herrera, V.M.; Rojas, E.; Villar, L.A.",Conference Abstract,00029637,93,4,
embase,606211305,26406240,10.1371/journal.pntd.0004100,Value of Routine Dengue Diagnostic Tests in Urine and Saliva Specimens,2015,PLoS Neglected Tropical Diseases,"Andries, A.-C.; Duong, V.; Ly, S.; Cappelle, J.; Kim, K.S.; Lorn Try, P.; Ros, S.; Ong, S.; Huy, R.; Horwood, P.; Flamand, M.; Sakuntabhai, A.; Tarantola, A.; Buchy, P.",Article,19352735,9,9,e0004100
embase,604957392,26086983,10.1016/j.jviromet.2015.06.006,Development and characterization of polyclonal peptide antibodies for the detection of Yellow fever virus proteins,2015,Journal of Virological Methods,"Stock, N.K.; Escadafal, C.; Achazi, K.; Cissé, M.; Niedrig, M.",Article,18790984,222,,
embase,605285738,26070890,10.1016/j.jviromet.2015.06.003,Development and characterization of mouse monoclonal antibodies against monomeric dengue virus non-structural glycoprotein 1 (NS1),2015,Journal of Virological Methods,"Gelanew, T.; Poole-Smith, B.K.; Hunsperger, E.",Article,18790984,222,,
embase,606211389,26327586,10.1371/journal.pntd.0004044,Analysis of Dengue Virus Genetic Diversity during Human and Mosquito Infection Reveals Genetic Constraints,2015,PLoS Neglected Tropical Diseases,"Sessions, O.M.; Wilm, A.; Kamaraj, U.S.; Choy, M.M.; Chow, A.; Chong, Y.; Ong, X.M.; Nagarajan, N.; Cook, A.R.; Ooi, E.E.",Article,19352735,9,9,e0004044
embase,72054527,,10.1111/tmi.12575,Enhanced dengue sentinel surveillance in Sri Lanka,2015,Tropical Medicine and International Health,"Tissera, H.; Gunasena, S.; Da Silva, D.; Sessions, O.; Palihawadana, P.; Amarasinghe, A.; Muthukuda, C.; Botheju, C.; Leong, W.-Y.; Lohr, W.; Byass, P.; Wilder-Smith, A.; Gubler, D.",Conference Abstract,13602276,20,,
embase,72055180,,10.1111/tmi.12574,Laboratory-acquired Dengue virus infection by needle stick injury - South Korea 2014,2015,Tropical Medicine and International Health,"Lee, C.",Conference Abstract,13602276,20,,
embase,72055241,,10.1111/tmi.12574,"Assessment of severity among adult dengue patients in Colombo district, Sri Lanka",2015,Tropical Medicine and International Health,"Tissera, H.; Weeraman, J.; Amarasinghe, A.; Muthukuda, T.; Janaka, H.; Botheju, C.; Palihawadana, P.; Gubler, D.; Wilder-Smith, A.",Conference Abstract,13602276,20,,
embase,605664164,26293345,10.1186/s12879-015-1088-4,Evaluation of the diagnostic accuracy of nonstructural protein 1 Ag-based tests for dengue virus in Asian population: A meta-analysis,2015,BMC Infectious Diseases,"Shan, X.; Wang, X.; Yuan, Q.; Zheng, Y.; Zhang, H.; Wu, Y.; Yang, J.",Article,14712334,15,1,360
embase,603788428,25869657,10.1016/j.jviromet.2015.04.004,Production and characterization of monospecific and bispecific antibodies against dengue virus NS1 protein,2015,Journal of Virological Methods,"Ganguly, A.; Malabadi, R.B.; Bhatnagar, P.K.; Tang, X.; Das, D.; Loebenberg, R.; Suresh, M.R.; Sunwoo, H.H.",Article,18790984,220,,
embase,605231739,26193930,10.1186/s12879-015-1022-9,Immunoglobulin G (IgG) to IgM ratio in secondary adult dengue infection using samples from early days of symptoms onset,2015,BMC Infectious Diseases,"Cucunawangsih,; Lugito, N.P.H.; Kurniawan, A.",Article,14712334,15,1,276
embase,605183096,26173484,10.1186/s12929-015-0164-9,"The performance of the SD BIOLINE Dengue DUO® rapid immunochromatographic test kit for the detection of NS1 antigen, IgM and IgG antibodies during a dengue type 1 epidemic in Jamaica",2015,Journal of Biomedical Science,"Vickers, I.E.; Harvey, K.M.; Brown, M.G.; Nelson, K.; DuCasse, M.B.; Lindo, J.F.",Article,14230127,22,1,55
embase,605121141,26119545,,Comparison of E and NS1 antigens capture ELISA to detect dengue viral antigens from mosquitoes,2015,Journal of Vector Borne Diseases,"Chao, D.-Y.; Liu, Y.-J.; Shen, W.-F.; Tu, W.-C.; Galula, J.U.; Wu, H.-C.",Article,09729062,52,2,
embase,611484854,26867379,,EVALUATION OF A COMMERCIAL RAPID TEST KIT FOR DETECTION OF ACUTE DENGUE INFECTION,2015,The Southeast Asian journal of tropical medicine and public health,"Krishnananthasivam, S.; Fernando, A.N.; Tippalagama, R.; Tennekoon, R.; De Man, J.; Seneviratne, D.; Premawansa, S.; Premawansa, G.; De Silva, A.D.",Article,01251562,46,4,
embase,71911626,,10.1515/cclm-2015-5033,"Novel anti-dengue NS1 synthetic FAB fragments, tools for dengue diagnostic tests",2015,Clinical Chemistry and Laboratory Medicine,"Perez, S.; Batra, G.; Lamminmäki, U.",Conference Abstract,14346621,53,,
embase,71962927,,,Dengue virus non-structural protein 1 induces vascular leakage through macrophage migration inhibitory factor secretion and glycocalyx degradation,2015,Haematologica,"Chen, C.; Chuang, Y.-C.; Yeh, T.-M.",Conference Abstract,03906078,100,,
embase,607542605,26591143,,Catching Dengue Early: Clinical Features and Laboratory Markers of Dengue Virus Infection,2015,The Journal of the Association of Physicians of India,"Babaliche, P.; Doshi, D.",Article,00045772,63,5,
embase,NCT02435615,,,Diagnosing Dengue: Evaluating the Utility of Oral Fluid for Dengue Diagnosis,2015,clinicaltrials.gov,,Clinical Trial,,,,
embase,602490775,,10.1016/j.trac.2015.01.005,An introduction to dengue-disease diagnostics,2015,TrAC - Trends in Analytical Chemistry,"Darwish, N.T.; Alias, Y.B.; Khor, S.M.",Review,18793142,67,,
embase,646424848,,10.1016/j.ijt.2015.09.011,Severe dengue in a living related donor renal allograft recipient,2015,Indian Journal of Transplantation,"Chaitanya, V.; Lakshmi, B.S.; Kumar, A.C.V.; Reddy, M.H.K.; Sandeep, P.; Ram, R.; Kumar, V.S.",Conference Abstract,22120025,9,2,
embase,615317051,25597820,10.1038/srep07865,Electrical detection of dengue biomarker using egg yolk immunoglobulin as the biological recognition element,2015,Scientific reports,"Figueiredo, A.; Vieira, N.C.; dos Santos, J.F.; Janegitz, B.C.; Aoki, S.M.; Junior, P.P.; Lovato, R.L.; Nogueira, M.L.; Zucolotto, V.; Guimarães, F.E.",Article,20452322,5,,
embase,600311273,25455901,10.1016/j.jviromet.2014.10.005,"Rapid detection and differentiation of dengue virus serotypes by NS1 specific reverse transcription loop-mediated isothermal amplification (RT-LAMP) assay in patients presenting to a tertiary care hospital in Hyderabad, India",2015,Journal of Virological Methods,"Neeraja, M.; Lakshmi, V.; Lavanya, V.; Priyanka, E.N.; Parida, M.M.; Dash, P.K.; Sharma, S.; Rao, P.V.L.; Reddy, G.",Article,18790984,211,,
embase,601779096,25502522,10.1128/JCM.02735-14,Nonstructural protein 1-specific immunoglobulin M and G antibody capture enzyme-linked immunosorbent assays in diagnosis of flaviviral infections in humans,2015,Journal of Clinical Microbiology,"Chao, D.-Y.; Galul, J.U.; Shen, W.-F.; Davis, B.S.; Chang, G.-J.J.",Article,1098660X,53,2,
embase,601974007,25614455,10.1016/j.antiviral.2015.01.002,Characterization of the activity of 2′-C-methylcytidine against dengue virus replication,2015,Antiviral Research,"Lee, J.-C.; Tseng, C.-K.; Wu, Y.-H.; Kaushik-Basu, N.; Lin, C.-K.; Chen, W.-C.; Wu, H.-N.",Article,18729096,116,,
embase,603213042,25588659,10.1128/JCM.03042-14,Multicountry prospective clinical evaluation of two enzyme-linked immunosorbent assays and two rapid diagnostic tests for diagnosing dengue fever,2015,Journal of Clinical Microbiology,"Pal, S.; Dauner, A.L.; Valks, A.; Forshey, B.M.; Long, K.C.; Thaisomboonsuk, B.; Sierra, G.; Picos, V.; Talmage, S.; Morrison, A.C.; Halsey, E.S.; Comach, G.; Yasuda, C.; Loeffelholz, M.; Jarman, R.G.; Fernandez, S.; An, U.S.; Kochel, T.J.; Jasper, L.E.; Wu, S.-J.L.",Article,1098660X,53,4,
embase,603503497,25815877,10.4103/0972-9062.154182,Rapid diagnosis of dengue infection in acute phase,2015,Journal of Vector Borne Diseases,"Wiwanitkit, S.; Wiwanitkit, V.",Letter,09729062,52,1,
embase,603612695,25775415,10.1371/journal.ppat.1004682,A Crystal Structure of the Dengue Virus NS5 Protein Reveals a Novel Inter-domain Interface Essential for Protein Flexibility and Virus Replication,2015,PLoS Pathogens,"Zhao, Y.; Soh, T.S.; Zheng, J.; Chan, K.W.K.; Phoo, W.W.; Lee, C.C.; Tay, M.Y.F.; Swaminathan, K.; Cornvik, T.C.; Lim, S.P.; Shi, P.-Y.; Lescar, J.; Vasudevan, S.G.; Luo, D.",Article,15537374,11,3,e1004682
embase,605567890,26226614,10.1371/journal.ppat.1005053,Activation of TLR2 and TLR6 by Dengue NS1 Protein and Its Implications in the Immunopathogenesis of Dengue Virus Infection,2015,PLoS Pathogens,"Chen, J.; Ng, M.M.-L.; Chu, J.J.H.",Article,15537374,11,7,e1005053
embase,605833650,26295474,10.1371/journal.pntd.0004010,"Epidemiological and molecular characterization of dengue virus circulating in Bhutan, 2013-2014",2015,PLoS Neglected Tropical Diseases,"Zangmo, S.; Klungthong, C.; Chinnawirotpisan, P.; Tantimavanich, S.; Kosoltanapiwat, N.; Thaisomboonsuk, B.; Phuntsho, K.; Wangchuk, S.; Yoon, I.-K.; Fernandez, S.",Article,19352735,9,8,A023
embase,607577469,26720415,10.1371/journal.ppat.1005345,Live Cell Analysis and Mathematical Modeling Identify Determinants of Attenuation of Dengue Virus 2’-O-Methylation Mutant,2015,PLoS Pathogens,"Schmid, B.; Rinas, M.; Ruggieri, A.; Acosta, E.G.; Bartenschlager, M.; Reuter, A.; Fischl, W.; Harder, N.; Bergeest, J.-P.; Flossdorf, M.; Rohr, K.; Höfer, T.; Bartenschlager, R.",Article,15537374,11,12,e1005345
embase,603940771,,10.1371/journal.pntd.0003416,Universal Single-Probe RT-PCR Assay for Diagnosis of Dengue Virus Infections,2014,PLoS Neglected Tropical Diseases,"Alm, E.; Lesko, B.; Lindegren, G.; Ahlm, C.; Söderholm, S.; Falk, K.I.; Lagerqvist, N.",Article,19352735,8,12,e3416
embase,600550183,25412170,10.1371/journal.pone.0113411,Evaluation of dengue ns1 antigen rapid tests and elisa kits using clinical samples,2014,PLoS ONE,"Pal, S.; Dauner, A.L.; Mitra, I.; Forshey, B.M.; Garcia, P.; Morrison, A.C.; Halsey, E.S.; Kochel, T.J.; Wu, S.-J.L.",Article,19326203,9,11,e113411
embase,600354548,25242312,10.1016/j.jcv.2014.08.021,Approach to non-invasive sampling in dengue diagnostics: Exploring virus and NS1 antigen detection in saliva and urine of travelers with dengue,2014,Journal of Clinical Virology,"Korhonen, E.M.; Huhtamo, E.; Virtala, A.M.K.; Kantele, A.; Vapalahti, O.",Article,18735967,61,3,
embase,71692055,,,Virological test algorithm for dengue cases-observations from a phase 2 Latin American dengue vaccine trial,2014,American Journal of Tropical Medicine and Hygiene,"Boaz, M.; Starr-Spires, L.; Garg, S.; Janosczyk, H.; Yost, S.; Hildreth, S.W.; Dayan, G.",Conference Abstract,00029637,91,5,
embase,71692058,,,Multicenter clinical evaluation of two Elisa and two rapid format assays for diagnosing dengue,2014,American Journal of Tropical Medicine and Hygiene,"Pal, S.",Conference Abstract,00029637,91,5,
embase,71692606,,,"Use of a household sero survey to estimate the magnitude of a dengue outbreak in Mombasa, Kenya, 2013",2014,American Journal of Tropical Medicine and Hygiene,"Ellis, E.M.; Neatherlin, J.; Mohamed, A.; Fields, B.; Ondari, D.; Patta, S.; Delorey, M.; Torres- Velasquez, B.; Marano, N.; Waiboci, L.; Ochieng, M.; Gikunju, S.; Margolis, H.; Montgomery, J.; Tomashek, K.M.",Conference Abstract,00029637,91,5,
embase,71692607,,,Development of a NS1AG-elisa for the detection of all dengue 1 to 4 types,2014,American Journal of Tropical Medicine and Hygiene,"Souza, K.; Anez, G.; Teixeira - Carvalho, A.; Gomes, L.E.; Chancey, C.; Grinev, A.; Heisey, D.; Kroon, E.; Rios, M.",Conference Abstract,00029637,91,5,
embase,71692634,,,Evaluation of two parameters for dengue diagnosis in Honduran patients,2014,American Journal of Tropical Medicine and Hygiene,"Parham, L.A.; Sánchez, C.; López, M.J.; Lorenzana, I.",Conference Abstract,00029637,91,5,
embase,601324216,25366086,10.1186/s12879-014-0570-8,Dengue NS1 antigen as a marker of severe clinical disease,2014,BMC Infectious Diseases,"Paranavitane, S.A.; Gomes, L.; Kamaladasa, A.; Adikari, T.N.; Wickramasinghe, N.; Jeewandara, C.; Shyamali, N.L.A.; Ogg, G.S.; Malavige, G.N.",Article,14712334,14,1,570
embase,600125311,25303282,10.1371/journal.pone.0108623,Development of a double antibody sandwich ELISA for West Nile virus detection using monoclonal antibodies against non-structural protein 1,2014,PLoS ONE,"Ding, X.-X.; Li, X.-F.; Deng, Y.-Q.; Guo, Y.-H.; Hao, W.; Che, X.-Y.; Qin, C.-F.; Fu, N.",Article,19326203,9,10,e108623
embase,600079904,25268134,10.1371/journal.pone.0108445,"Characteristics of a dengue outbreak in a remote Pacific Island chain - Republic of the Marshall Islands, 2011-2012",2014,PLoS ONE,"Sharp, T.M.; Mackay, A.J.; Santiago, G.A.; Hunsperger, E.; Milles, E.J.; Perez-Padilla, J.; Tikomaidraubuta, K.S.; Colon, C.; Amador, M.; Chen, T.-H.; Lalita, P.; Muñoz-Jordán, J.L.; Barrera, R.; Langidrik, J.; Tomashek, K.M.",Article,19326203,9,9,e108445
embase,71644542,,,Serological profile among patients with malaria in secondary community hospitals in India - A multicenter cross sectional study,2014,Malaria Journal,"Mørch, K.; Vivek, R.; Xena, D.; Chandy, S.; Manoharan, A.; Haanshuus, C.; Langeland, N.; Blomberg, B.; Mathai, D.",Conference Abstract,14752875,13,,
embase,604081352,25253212,,"Comparison of NS1 antigen detection ELISA, real time RT-PCR and virus isolation for rapid diagnosis of dengue infection in acute phase",2014,Journal of vector borne diseases,"Ahmed, N.H.; Broor, S.",Article,09729062,51,3,
embase,373743567,24904061,10.1074/jbc.M114.584466,Substitution of NS5 N-terminal domain of dengue virus type 2 RNA with type 4 domain caused impaired replication and emergence of adaptive mutants with enhanced fitness,2014,Journal of Biological Chemistry,"Teramoto, T.; Boonyasuppayakorn, S.; Handley, M.; Choi, K.H.; Padmanabhan, R.",Article,1083351X,289,32,
embase,373700992,25102066,10.1371/journal.pone.0103815,Performance of Simplexa Dengue molecular assay compared to conventional and SYBR Green RT-PCR for detection of dengue infection in Indonesia,2014,PLoS ONE,"Sasmono, R.T.; Aryati, A.; Wardhani, P.; Yohan, B.; Trimarsanto, H.; Fahri, S.; Setianingsih, T.Y.; Meutiawati, F.",Article,19326203,9,8,e103815
embase,622516382,,10.1002/14651858.CD011155,NS1 antigen detecting assays for diagnosing acute dengue infection in people living in or returning from endemic countries,2014,Cochrane Database of Systematic Reviews,"Casenghi, M.; Kosack, C.; Li, R.; Bastard, M.; Ford, N.",Article,1469493X,2014,6,CD011155
embase,71501282,,10.1111/vox.12155,Amotosalen and ultraviolet a illumination inactivation of dengue virus in plasma,2014,Vox Sanguinis,"Musso, D.; Richard, V.; Broult, J.; Cao-Lormeau, V.M.",Conference Abstract,00429007,107,,
embase,372991080,24779373,10.1186/1756-3305-7-205,Apropos: 'Preliminary evaluation on the efficiency of the kit Platelia Dengue NS1 Ag-ELISA to detect dengue virus in dried Aedes aegypti: A potential tool to improve dengue surveillance,2014,Parasites and Vectors,"Arya, S.C.; Agarwal, N.",Article,17563305,7,1,205
embase,372981390,24728377,10.1371/journal.pone.0094655,A meta-analysis of the diagnostic accuracy of two commercial NS1 antigen ELISA tests for early dengue virus detection,2014,PLoS ONE,"Da Costa, V.G.; Marques-Silva, A.C.; Moreli, M.L.",Article,19326203,9,4,e94655
embase,NCT02107677,,,Determination of Estimated Specificity of DENV Detect NS1 ELISAs,2014,clinicaltrials.gov,,Clinical Trial,,,,
embase,372952126,24690324,10.1186/1756-3305-7-155,Preliminary evaluation on the efficiency of the kit Platelia Dengue NS1 Ag-ELISA to detect dengue virus in dried Aedes aegypti: A potential tool to improve dengue surveillance,2014,Parasites and Vectors,"Sylvestre, G.; Gandini, M.; De Araújo, J.M.; Kubelka, C.F.; Lourenço-De-Oliveira, R.; MacIel-De-Freitas, R.",Article,17563305,7,1,155
embase,71634682,,10.1016/j.ijid.2014.03.1348,Performance and cost-effectiveness of immunochromatography based rapid diagnostic test (RDT) kits in diagnosis of dengue infection in resource limited set up,2014,International Journal of Infectious Diseases,"Mitra, S.; Choudhari, R.; Nori, H.; Prabhakar, A.P.; Abraham, O.; Jeyaseelan, V.; Abraham, A.M.; Jude, J.A.; Muliyil, J.",Conference Abstract,12019712,21,,
embase,372838736,24646519,10.1371/journal.pone.0090037,Diagnosing dengue at the point-of-care: Utility of a rapid combined diagnostic kit in Singapore,2014,PLoS ONE,"Gan, V.C.; Tan, L.-K.; Lye, D.C.; Pok, K.-Y.; Mok, S.-Q.; Chua, R.C.-R.; Leo, Y.-S.; Ng, L.-C.",Article,19326203,9,3,e90037
embase,372836602,24643062,10.1371/journal.pone.0090704,Caveolin-1 in lipid rafts interacts with dengue virus NS3 during polyprotein processing and replication in HMEC-1 cells,2014,PLoS ONE,"Cordero, J.G.; Juárez, M.L.; González-Y-Merchand, J.A.; Barrón, L.C.; Castañeda, B.G.",Article,19326203,9,3,e90704
embase,372479430,,,Association DENV1 and DENV2 infection with high serum levels of soluble thrombomodulin and VEGF in patients with dengue fever and dengue hemorrhagic fever,2014,International Journal of Clinical and Experimental Medicine,"del Moral-Hernández, O.; Martínez-Hernández, N.E.; Mosso-Pani, M.A.; Hernández-Sotelo, D.; Illades-Aguiar, B.; Flores-Alfaro, E.; Antonio-Vejar, V.; Leyva-Vázquez, M.A.",Article,19405901,7,2,
embase,NCT02059122,,,Determination of Estimated Sensitivity for Dengue NS1 ELISAs,2014,clinicaltrials.gov,,Clinical Trial,,,,
embase,370234202,24161816,10.1016/j.jviromet.2013.10.019,Comparison of a commercial dengue IgM capture ELISA with dengue antigen focus reduction microneutralization test and the centers for disease control dengue IgM capture-ELISA,2014,Journal of Virological Methods,"Welch, R.J.; Chang, G.J.J.; Litwin, C.M.",Article,01660934,195,,
embase,372297410,23843297,10.1002/adhm.201300150,Cellulose-based diagnostic devices for diagnosing serotype-2 dengue fever in human serum,2014,Advanced Healthcare Materials,"Wang, H.-K.; Tsai, C.-H.; Chen, K.-H.; Tang, C.-T.; Leou, J.-S.; Li, P.-C.; Tang, Y.-L.; Hsieh, H.-J.; Wu, H.-C.; Cheng, C.-M.",Article,21922659,3,2,
embase,372951897,24739838,10.4103/0377-4929.130905,Early dengue diagnosis by nonstructural protein 1 antigen detection: Rapid immunochromotography versus two the enzyme-linked immunosorbent assay kits,2014,Indian Journal of Pathology and Microbiology,"Stephen, S.; Charles, M.V.P.; Anitharaj, V.; Deepa, C.; Umadevi, S.",Article,09745130,57,1,
embase,372977459,,10.1016/S2222-1808(14)60588-0,"The 2011 outbreak of dengue virus infection in Malwa region of Punjab, India-an evaluation of various diagnostic tests",2014,Asian Pacific Journal of Tropical Disease,"Jindal, N.; Bansal, R.; Dhuria, N.",Article,22221808,4,5,
embase,373033763,24747585,10.1016/j.jviromet.2014.02.031,A simple heat dissociation method increases significantly the ELISA detection sensitivity of the nonstructural-1 glycoprotein in patients infected with DENV type-4,2014,Journal of Virological Methods,"Lima, M.D.R.Q.; Nogueira, R.M.R.; Filippis, A.M.B.D.; Nunes, P.C.G.; Sousa, C.S.D.; Silva, M.H.D.; Santos, F.B.D.",Article,18790984,204,,
embase,373580302,24984164,10.1016/j.ijid.2014.02.002,NS1-based tests with diagnostic utility for confirming dengue infection: A meta-analysis,2014,International Journal of Infectious Diseases,"Zhang, H.; Li, W.; Wang, J.; Peng, H.; Che, X.; Chen, X.; Zhou, Y.",Article,18783511,26,,
embase,373715943,,10.1016/j.trivac.2014.07.002,Virological confirmation of suspected dengue in a Phase 2 Latin American vaccine trial: Implications for vaccine efficacy evaluation,2014,Trials in Vaccinology,"Boaz, M.; Janosczyk, H.; Garg, S.; Yost, S.; Hildreth, S.W.; Dayan, G.; Starr-Spires, L.",Article,18794378,3,1,
embase,373783989,,10.4103/0974-777X.138504,Clinical applicability of various dengue diagnostic tests in resource-limited endemic settings,2014,Journal of Global Infectious Diseases,"Mishra, B.; Gupta, P.K.; Dhiman, V.; Pujhari, S.K.; Sharma, M.; Ratho, R.K.",Article,09748245,6,3,
embase,373797737,,10.7860/JCDR/2014/8589.4697,"NS1 antigen capture ELISA an effective method for diagnosis of early dengue infection - Report of an outbreak at Angul district, Odisha, India",2014,Journal of Clinical and Diagnostic Research,"Mahapatra, D.; Sarangi, G.; Mahapatra, A.; Paty, B.P.; Das, P.; Chayani, N.",Article,0973709X,8,8,
embase,52949429,24390973,10.1002/jmv.23879,NS1 antigen testing for the diagnosis of dengue in returned Israeli travelers,2014,Journal of Medical Virology,"Fuchs, I.; Bin, H.; Schlezinger, S.; Schwartz, E.",Article,10969071,86,12,
embase,53062161,24657172,10.1016/j.diagmicrobio.2014.02.001,Detection of the dengue virus NS1 antigen using an enzyme immunoassay,2014,Diagnostic Microbiology and Infectious Disease,"Anderson, N.W.; Jespersen, D.J.; Rollins, L.; Seaton, B.; Prince, H.E.; Theel, E.S.",Article,18790070,79,2,
embase,53109851,24732134,10.1016/j.jim.2014.03.028,Dengue NS1 and prM antibodies increase the sensitivity of acute dengue diagnosis test and differentiate from Japanese encephalitis infection,2014,Journal of Immunological Methods,"Gowri Sankar, S.; Balaji, T.; Venkatasubramani, K.; Thenmozhi, V.; Dhananjeyan, K.J.; Paramasivan, R.; Tyagi, B.K.; John Vennison, S.",Article,18727905,407,,
embase,600050187,25229228,10.1590/S0036-46652014000500014,"False-negative dengue cases in Roraima, Brazil: An approach regarding the high number of negative results by NS1 AG kits",2014,Revista do Instituto de Medicina Tropical de Sao Paulo,"Acosta, P.O.A.; Granja, F.; Meneses, C.A.; Nascimento, I.A.S.; Sousa, D.D.; Lima Júnior, W.P.; Naveca, F.G.",Article,16789946,56,5,
embase,600347654,,10.1016/j.trivac.2014.07.002,Virological confirmation of suspected dengue in a phase 2 Latin American vaccine trial: Implications for vaccine efficacy evaluation,2014,Trials in Vaccinology,"Boaz, M.; Janosczyk, H.; Garg, S.; Yost, S.; Hildreth, S.W.; Dayan, G.; Starr-Spires, L.",Article,18794378,3,,
embase,600788608,,10.3390/diagnostics4040165,Screen printed carbon electrode based electrochemical immunosensor for the detection of dengue NS1 antigen,2014,Diagnostics,"Parkash, O.; Yean, C.Y.; Shueb, R.H.",Article,20754418,4,4,
embase,601112936,25330157,10.1371/journal.pntd.0003171,Evaluation of Commercially Available Diagnostic Tests for the Detection of Dengue Virus NS1 Antigen and Anti-Dengue Virus IgM Antibody,2014,PLoS Neglected Tropical Diseases,"Hunsperger, E.A.; Yoksan, S.; Buchy, P.; Nguyen, V.C.; Sekaran, S.D.; Enria, D.A.; Vazquez, S.; Cartozian, E.; Pelegrino, J.L.; Artsob, H.; Guzman, M.G.; Olliaro, P.; Zwang, J.; Guillerm, M.; Kliks, S.; Halstead, S.; Peeling, R.W.; Margolis, H.S.",Article,19352735,8,10,
embase,601112978,25275493,10.1371/journal.pntd.0003193,Evaluation of a Dengue NS1 Antigen Detection Assay Sensitivity and Specificity for the Diagnosis of Acute Dengue Virus Infection,2014,PLoS Neglected Tropical Diseases,"Hermann, L.L.; Thaisomboonsuk, B.; Poolpanichupatam, Y.; Jarman, R.G.; Kalayanarooj, S.; Nisalak, A.; Yoon, I.-K.; Fernandez, S.",Article,19352735,8,10,
embase,603614037,24696345,10.1007/978-1-4939-0348-1_19,Investigating dengue virus nonstructural protein 5 (NS5) nuclear import,2014,Methods in Molecular Biology,"Fraser, J.E.; Rawlinson, S.M.; Wang, C.; Jans, D.A.; Wagstaff, K.M.",Article,10643745,1138,,
embase,605587618,,10.12669/pjms.301.4173,Evaluation of efficacy of various immunochromatographic rapid tests for dengue diagnosis,2014,Pakistan Journal of Medical Sciences,"Naz, A.; Zahid, D.; Murky, S.N.; Nadeem, M.; Sil, B.K.; Shamsi, T.S.",Article,1682024X,30,1,
embase,52938485,24571329,10.1186/1471-2334-13-611,Performance of commercial dengue NS1 ELISA and molecular analysis of NS1 gene of dengue viruses obtained during surveillance in Indonesia,2013,BMC Infectious Diseases,"Aryati, A.; Trimarsanto, H.; Yohan, B.; Wardhani, P.; Fahri, S.; Sasmono, R.T.",Article,14712334,13,1,611
embase,370511141,,10.12669/pjms.301.4173,Evaluation of efficacy of various immunochromatographic rapid tests for dengue diagnosis,2013,Pakistan Journal of Medical Sciences,"Naz, A.; Zahid, D.; Murky, S.N.; Nadeem, M.; Sil, B.K.; Shamsi, T.S.",Article,1682024X,30,1,
embase,52666115,23828316,10.1007/s10544-013-9787-3,Micro-spot with integrated pillars (MSIP) for detection of dengue virus NS1,2013,Biomedical Microdevices,"Gunda, N.S.K.; Singh, M.; Purwar, Y.; Shah, S.L.; Kaur, K.; Mitra, S.K.",Article,13872176,15,6,
embase,52861509,24238889,10.1016/j.jcv.2013.10.021,Dengue-4 false negative results by Panbio@sup_begin®@sup_endDengue Early ELISA assay in Brazil,2013,Journal of Clinical Virology,"Colombo, T.E.; Vedovello, D.; Araki, C.S.; Cogo-Moreira, H.; dos Santos, I.N.P.; Reis, A.F.N.; Costa, F.R.; Cruz, L.E.A.A.; Casagrande, L.; Regatieri, L.J.; Junior, J.F.; Bronzoni, R.V.D.M.; Schmidt, D.J.; Nogueira, M.L.",Article,13866532,58,4,
embase,372407374,24260501,10.1371/journal.pone.0080891,The diagnostic and prognostic value of dengue non-structural 1 antigen detection in a hyper-endemic region in Indonesia,2013,PLoS ONE,"Kosasih, H.; Alisjahbana, B.; Widjaja, S.; Nurhayati,; De Mast, Q.; Parwati, I.; Blair, P.J.; Burgess, T.H.; Van Der Ven, A.; Williams, M.",Article,19326203,8,11,e80891
embase,71311947,,,Significant increased NS1 elisa sensitivity due to immune-complex dissociation in dengue virus type 4 cases in Brazil,2013,American Journal of Tropical Medicine and Hygiene,"Lima, M.; Nogueira, R.M.; De Filippis, A.M.; Nunes, P.; Sousa, C.; Da Silva, M.H.; Dos santos, F.",Conference Abstract,00029637,89,5,
embase,71311952,,,"Evaluation of a dengue rapid diagnostic test used during a dengue outbreak-republic of the Marshall Islands, 2011-2012",2013,American Journal of Tropical Medicine and Hygiene,"Sharp, T.M.; Hunsperger, E.; Nilles, E.; Perez-Padilla, J.; Tikomaidraubuta, K.; Azures, E.; Lalita, P.; Santiago, G.; Munoz-Jordan, J.; Langidrik, J.; Chen, T.H.; Margolis, H.; Tomashek, K.",Conference Abstract,00029637,89,5,
embase,71312422,,,"The dengue vaccine initiative project: Passive facility-based fever surveillance in children and adults of santa cruz comuna of medellin, Colombia, and bang phae district of ratchaburi province, Thailand",2013,American Journal of Tropical Medicine and Hygiene,"Lim, J.K.; Carabali, M.; Sung Lee, K.; Limkittikul, K.; Egurrola, J.; Chanthavanich, P.; Velez, I.; Amarasinghe, A.; Osorio, J.; Sirivichayakul, C.; Thiry, G.",Conference Abstract,00029637,89,5,
embase,71312430,,,Detection of ns1 protein in acute phase serum samples is not enough to make the diagnosis of dengue-4 infections in Brazil,2013,American Journal of Tropical Medicine and Hygiene,"Silva, F.M.; Feitosa, A.L.; Sobral, M.C.; Abrão, E.P.; Neto, J.G.; Castro-Jorge, L.A.; Espósito, D.L.; Passos, L.M.; Santa Maria, M.L.; Fonseca, B.A.",Conference Abstract,00029637,89,5,
embase,71312445,,,Evaluation of the clinical and laboratory diagnosis in patients with suspected dengue,2013,American Journal of Tropical Medicine and Hygiene,"Fontes, R.M.; Silva, D.A.; Guimarães, A.L.; Maia, A.R.; Colares, J.K.; Lima, D.M.",Conference Abstract,00029637,89,5,
embase,370198766,,10.2147/IMCRJ.S50708,Dengue fever triggering systemic lupus erythematosus and lupus nephritis: A case report,2013,International Medical Case Reports Journal,"Talib, S.H.; Bhattu, S.R.; Bhattu, R.; Deshpande, S.G.; Dahiphale, D.B.",Article,1179142X,6,1,
embase,52770063,,10.1186/1423-0127-20-65,Dengue virus infection induces autophagy: An in vivo study,2013,Journal of Biomedical Science,"Lee, Y.-R.; Hu, H.-Y.; Kuo, S.-H.; Lei, H.-Y.; Lin, Y.-S.; Yeh, T.-M.; Liu, C.-C.; Liu, H.-S.",Article,10217770,20,1,65
embase,52242198,23041057,10.1016/j.jmii.2012.07.011,Laboratory diagnostics of dengue fever: An emphasis on the role of commercial dengue virus nonstructural protein 1 antigen rapid test,2013,"Journal of Microbiology, Immunology and Infection","Huang, C.-H.; Kuo, L.-L.; Yang, K.D.; Lin, P.-S.; Lu, P.-L.; Lin, C.-C.; Chang, K.; Chen, T.-C.; Lin, W.-R.; Lin, C.-Y.; Chen, Y.-H.; Wu, H.-S.",Article,16841182,46,5,
embase,369588534,23740481,10.1099/vir.0.054395-0,An interaction between the methyltransferase and RNA dependent RNA polymerase domains of the West Nile virus NS5 protein,2013,Journal of General Virology,"Tan, S.E.; Hobson-Peters, J.M.; Stoermer, M.J.; Fairlie, D.P.; Khromykh, A.A.; Hall, R.A.",Article,00221317,94,PART9,
embase,52684248,23871166,10.1016/j.jcv.2013.06.015,"Evaluation of laboratory tests for dengue diagnosis in clinical specimens from consecutive patients with suspected dengue in Belo Horizonte, Brazil",2013,Journal of Clinical Virology,"Ferraz, F.O.; Bomfim, M.R.Q.; Totola, A.H.; Ávila, T.V.; Cisalpino, D.; Pessanha, J.E.M.; de Souza, D.D.G.; Teixeira Júnior, A.L.; Nogueira, M.L.; Bruna-Romero, O.; Teixeira, M.M.",Article,13866532,58,1,
embase,52330885,,10.1016/j.mjafi.2012.07.017,Reverse transcription loop-mediated isothermal amplification (RT-LAMP) for diagnosis of dengue,2013,Medical Journal Armed Forces India,"Sahni, A.K.; Grover, N.; Sharma, A.; Khan, I.D.; Kishore, J.",Article,03771237,69,3,
embase,368935756,23691632,,Use of dried blood blotted on filter paper to detect dengue IgM antibody and dengue NS1 antigen,2013,Southeast Asian Journal of Tropical Medicine and Public Health,"Chakravarti, A.; Siddiqui, O.; Malik, S.; Uppal, B.",Article,01251562,44,2,
embase,369919418,23853584,10.1371/journal.ppat.1003440,The Interactomes of Influenza Virus NS1 and NS2 Proteins Identify New Host Factors and Provide Insights for ADAR1 Playing a Supportive Role in Virus Replication,2013,PLoS Pathogens,"de Chassey, B.; Aublin-Gex, A.; Ruggieri, A.; Meyniel-Schicklin, L.; Pradezynski, F.; Davoust, N.; Chantier, T.; Tafforeau, L.; Mangeot, P.-E.; Ciancia, C.; Perrin-Cocon, L.; Bartenschlager, R.; André, P.; Lotteau, V.",Article,15537366,9,7,e1003440
embase,52627467,23760532,10.1007/s00253-013-5021-8,Evaluation and analysis of dengue virus enhancing and neutralizing activities using simple high-throughput assays,2013,Applied Microbiology and Biotechnology,"Li, X.-Q.; Chen, J.; Huang, Y.-F.; Ding, X.-X.; Liu, L.-D.; Qiu, L.-W.; Pan, Y.-X.; Deng, Y.-Q.; Hu, D.-M.; Di, B.; Qin, C.-F.; Che, X.-Y.",Article,01757598,97,14,
embase,368006949,23270684,10.1016/j.molimm.2012.11.007,Preliminary evaluation of DNA vaccine candidates encoding dengue-2 prM/E and NS1: Their immunity and protective efficacy in mice,2013,Molecular Immunology,"Lu, H.; Xu, X.-F.; Gao, N.; Fan, D.-Y.; Wang, J.; An, J.",Article,01615890,54,2,
embase,71064496,,10.1007/s13337-013-0132-5,Early diagnosis of dengue by combining the use of NS-1 antigen and IGM antibody elisa,2013,Indian Journal of Virology,"Thakur, P.; Kumar, S.; Chakravarti, A.",Conference Abstract,09702822,24,1,
embase,71211235,,10.1136/archdischild-2013-304107.128,Profile of dengue viral infection among children treated in a community hospital over one year and comparison of efficacy of ns1 antigen assay with mac-elisa for diagnosis of dengue,2013,Archives of Disease in Childhood: Education and Practice Edition,"Padankatti, S.; Elangovan, D.; Thomas, K.",Conference Abstract,17430585,98,,
embase,52616915,23725365,10.1186/1471-2334-13-254,Prevalence and incidence of dengue virus and antibody placental transfer during late pregnancy in central Brazil,2013,BMC Infectious Diseases,"Argolo, A.F.L.T.; Féres, V.C.R.; Silveira, L.A.; Oliveira, A.C.M.; Pereira, L.A.; Júnior, J.B.S.; Braga, C.; Martelli, C.M.T.",Article,14712334,13,1,254
embase,368982448,23717529,10.1371/journal.pone.0064056,Underreporting of Dengue-4 in Brazil Due to Low Sensitivity of the NS1 Ag Test in Routine Control Programs,2013,PLoS ONE,"Sea, V.R.F.; Cruz, A.C.R.; Gurgel, R.Q.; Nunes, B.T.D.; Silva, E.V.P.; Dolabella, S.S.; Santos, R.L.C.d.",Article,19326203,8,5,e64056
embase,368774150,23781709,,Analysis of real time PCR amplification efficiencies from three genomic region of dengue virus,2013,Investigacion Clinica (Venezuela),"Odreman-Macchioli, M.; Vielma, S.; Atchley, D.; Comach, G.; Ramirez, A.; Pérez, S.; Téllez, L.; Quintero, B.; Hernández, E.; Muñoz, M.; Mendoza, J.",Article,05355133,54,1,
embase,52485092,23577865,10.1111/jtm.12018,Detection of dengue virus nonstructural protein 1 (NS1) by using ELISA as a useful laboratory diagnostic method for dengue virus infection of international travelers,2013,Journal of Travel Medicine,"Moi, M.L.; Omatsu, T.; Tajima, S.; Lim, C.-K.; Kotaki, A.; Ikeda, M.; Harada, F.; Ito, M.; Saijo, M.; Kurane, I.; Takasaki, T.",Article,11951982,20,3,
embase,368694510,23555265,10.1371/journal.ppat.1003265,Dengue Virus Co-opts UBR4 to Degrade STAT2 and Antagonize Type I Interferon Signaling,2013,PLoS Pathogens,"Morrison, J.; Laurent-Rolle, M.; Maestre, A.M.; Rajsbaum, R.; Pisanelli, G.; Simon, V.; Mulder, L.C.F.; Fernandez-Sesma, A.; García-Sastre, A.",Article,15537366,9,3,e1003265
embase,366409761,22981010,,Immunospot assay based on fluorescent nanoparticles for Dengue fever detection.,2013,Biosensors & bioelectronics,"Linares, E.M.; Pannuti, C.S.; Kubota, L.T.; Thalhammer, S.",Article,18734235,41,,
embase,52204273,,10.1016/j.bios.2012.08.005,Immunospot assay based on fluorescent nanoparticles for Dengue fever detection,2013,Biosensors and Bioelectronics,"Linares, E.M.; Pannuti, C.S.; Kubota, L.T.; Thalhammer, S.",Article,09565663,41,1,
embase,368535156,23516407,10.1371/journal.pone.0057514,Mapping the Interactions of Dengue Virus NS1 Protein with Human Liver Proteins Using a Yeast Two-Hybrid System: Identification of C1q as an Interacting Partner,2013,PLoS ONE,"Silva, E.M.; Conde, J.N.; Allonso, D.; Nogueira, M.L.; Mohana-Borges, R.",Article,19326203,8,3,e57514
embase,368037065,,,Immunospot assay based on fluorescent nanoparticles for Dengue fever detection,2013,Biosensors and Bioelectronics,"Linares, E.M.; Pannuti, C.S.; Kubota, L.T.; Thalhammer, S.",Article,09565663,41,1,
embase,368249260,23375045,10.1016/S1995-7645(13)60035-8,"Evaluation of NS1Ag and IgM antibodies against dengue, importance for epidemiological surveillance",2013,Asian Pacific Journal of Tropical Medicine,"Singla, N.; Kaur, P.; Chander, J.",Article,19957645,6,3,
embase,52264823,23081772,10.1007/s00253-012-4419-z,Identification of B cell epitopes of dengue virus 2 NS3 protein by monoclonal antibody,2013,Applied Microbiology and Biotechnology,"Tian, Y.; Chen, W.; Yang, Y.; Xu, X.; Zhang, J.; Wang, J.; Xiao, L.; Chen, Z.",Article,01757598,97,4,
embase,368151004,23349667,10.1371/journal.pone.0050765,Estimating the True Accuracy of Diagnostic Tests for Dengue Infection Using Bayesian Latent Class Models,2013,PLoS ONE,"Pan-ngum, W.; Blacksell, S.D.; Lubell, Y.; Pukrittayakamee, S.; Bailey, M.S.; de Silva, H.J.; Lalloo, D.G.; Day, N.P.J.; White, L.J.; Limmathurotsakul, D.",Article,19326203,8,1,e50765
embase,366338700,23530846,10.1517/17530059.2012.718759,New development in the diagnosis of dengue infections,2013,Expert Opinion on Medical Diagnostics,"Rathakrishnan, A.; Sekaran, S.D.",Review,17530067,7,1,
embase,369642685,,10.1016/j.jopr.2013.05.013,Development of an ultrasensitive hetero-sandwich ELISA assay based on bispecific monoclonal antibody for the detection of dengue NS1 protein,2013,Journal of Pharmacy Research,"Ganguly, A.; Malabadi, R.B.; Lobenberg, R.; Suresh, M.R.; Sunwoo, H.H.",Article,09746943,7,5,
embase,369814725,,10.3390/bios3030297,"Comparison of surface plasmon resonance, resonant waveguide grating biosensing and enzyme linked immunosorbent assay (ELISA) in the evaluation of a dengue virus immunoassay",2013,Biosensors,"Hu, D.; Fry, S.R.; Huang, J.X.; Ding, X.; Qiu, L.; Pan, Y.; Chen, Y.; Jin, J.; McElnea, C.; Buechler, J.; Che, X.; Cooper, M.A.",Article,20796374,3,3,
embase,370248736,23880886,10.4161/hv.25673,DENV-2 subunit proteins fused to CR2 receptor-binding domain (P28)-induces specific and neutralizing antibodies to the Dengue virus in mice,2013,Human Vaccines and Immunotherapeutics,"García-Machorro, J.; López-González, M.; Barrios-Rojas, O.; Fernández-Pomares, C.; Sandoval-Montes, C.; Santos-Argumedo, L.; Villegas-Sepúlveda, N.; Gutiérrez-Castañeda, B.; Cedillo-Barrón, L.",Article,2164554X,9,11,
embase,372170402,24386498,10.1371/journal.pntd.0002580,Detection of Serotype-Specific Antibodies to the Four Dengue Viruses Using an Immune Complex Binding (ICB) ELISA,2013,PLoS Neglected Tropical Diseases,"Emmerich, P.; Mika, A.; Schmitz, H.",Article,19352735,7,12,e2580
embase,372802732,24116697,,Dengue fever cases in Czech workers returning from the Maldives,2013,"Epidemiologie, Mikrobiologie, Imunologie","Milan, T.; Dora, T.; Hana, R.; Pavel, K.; Jan, G.; Jan, D.; Václav, C.; Květoslava, B.; Petr, H.; Jan, M.; Naděžda, S.; Hana, Z.; Vilma, M.; František, S.",Article,12107913,62,3,
embase,52236869,23036176,10.1016/j.tvjl.2012.08.019,Review of diagnostic plaque reduction neutralization tests for flavivirus infection,2013,Veterinary Journal,"Maeda, A.; Maeda, J.",Review,15322971,195,1,
embase,366164906,,10.4081/ni.2012.e15,Dengue: A new challenge,2012,Neurology International,"Puccioni-Sohler, M.; Orsini, M.; Soares, C.N.",Review,20358385,4,3,
embase,366179139,23100478,10.1128/CVI.00535-12,"Low sensitivity of NS1 protein tests evidenced during a dengue type 2 virus outbreak in Santos, Brazil, in 2010",2012,Clinical and Vaccine Immunology,"Felix, A.C.; Romano, C.M.; De Campos Centrone, C.; Rodrigues, C.L.; Villas-Boas, L.; Araújo, E.S.; De Matos, A.M.; Carvalho, K.I.; Martelli, C.M.T.; Kallas, È.G.; Pannuti, C.S.; Levi, J.E.",Article,15566811,19,12,
embase,366386933,22546090,,"Epitope reactions can be gauged by relative antibody discriminating specificity (RADS) values supported by deletion, substitution and cysteine bridge formation analyses: potential uses in pathogenesis studies.",2012,BMC research notes,"Falconar, A.K.",Article,17560500,5,,
embase,368017409,,10.1155/2012/956875,"Expression, purification, and evaluation of diagnostic potential and immunogenicity of a recombinant NS3 protein from all serotypes of dengue virus",2012,Journal of Tropical Medicine,"Álvarez-Rodríguez, L.M.; Ramos-Ligonio, A.; Rosales-Encina, J.L.; Martínez-Cázares, M.T.; Parissi-Crivelli, A.; López-Monteon, A.",Article,16879686,,,956875
embase,368067391,23301110,10.1371/journal.pntd.0001993,"Field Evaluation and Impact on Clinical Management of a Rapid Diagnostic Kit That Detects Dengue NS1, IgM and IgG",2012,PLoS Neglected Tropical Diseases,"Andries, A.-C.; Duong, V.; Ngan, C.; Ong, S.; Huy, R.; Sroin, K.K.; Te, V.; Y, B.; Try, P.L.; Buchy, P.",Article,19352727,6,12,e1993
embase,52262961,22940425,10.1016/j.antiviral.2012.08.006,"Fluorescent primuline derivatives inhibit hepatitis C virus NS3-catalyzed RNA unwinding, peptide hydrolysis and viral replicase formation",2012,Antiviral Research,"Ndjomou, J.; Kolli, R.; Mukherjee, S.; Shadrick, W.R.; Hanson, A.M.; Sweeney, N.L.; Bartczak, D.; Li, K.; Frankowski, K.J.; Schoenen, F.J.; Frick, D.N.",Article,01663542,96,2,
embase,71041265,,,"Use of commercial elisa kits in determining the presence of dengue virus nonstructural protein (NS1), anti-dengue IGG and anti-dengue IGM in human serum samples supporting dengue vaccine development",2012,American Journal of Tropical Medicine and Hygiene,"Bartlett, W.C.; Chu, N.R.; Boaz, M.; Yoksan, S.; Hogrefe, W.; Bixler, G.; Hildreth, S.",Conference Abstract,00029637,87,5,
embase,71041712,,,Challenges to dengue reporting and surveillance in trinidad and tobago: Laboratory diagnostics in the absence of sufficient clinical data,2012,American Journal of Tropical Medicine and Hygiene,"Sahadeo, N.S.; Brown, A.; Carrington, L.; Carrington, C.V.",Conference Abstract,00029637,87,5,
embase,365598002,,10.4269/ajtmh.2012.12-0043,Short report: Comparison of performance of serum and plasma in panbio dengue and Japanese encephalitis virus enzyme-linked immunosorbent assays,2012,American Journal of Tropical Medicine and Hygiene,"Blacksell, S.D.; Lee, S.J.; Chanthongthip, A.; Taojaikong, T.; Thongpaseuth, S.; Hübscher, T.; Newton, P.N.",Article,00029637,87,3,
embase,366349473,22826488,,Comparison of performance of serum and plasma in panbio dengue and Japanese encephalitis virus enzyme-linked immunosorbent assays.,2012,The American journal of tropical medicine and hygiene,"Blacksell, S.D.; Lee, S.J.; Chanthongthip, A.; Taojaikong, T.; Thongpaseuth, S.; Hübscher, T.; Newton, P.N.",Article,14761645,87,3,
embase,70946325,,10.1111/imm.12002,CD4@sup_begin+@sup_end T and B cell antigenic determinants are aligned in secondary dengue infections,2012,Immunology,"Rivino, L.; Kumaran, E.; Jovanovic, V.; Teo, E.W.; Pang, S.W.; Hanson, B.J.; Smith, K.G.; Bertoletti, A.; Kemeny, M.D.; MacAry, P.A.",Conference Abstract,00192805,137,,
embase,71016235,,10.1111/j.1423-0410.2012.01615-2.x,Comparing the yield of dengue viremic blood donations using NS1 antigen (AG) and nucleic acid testing (NAT),2012,Vox Sanguinis,"Stramer, L.; Carrick, M.; Linnen, J.; Munõz-Jordán, L.; Hunsperger, E.; Foster, G.A.; Boucher, C.; Miller, D.; Dickson, S.; Lanteri, C.; Bentsen, C.",Conference Abstract,00429007,103,,
embase,70868267,,10.1111/j.1751-553X.2012.01436.x,Pseudobasophilia on the sysmex-xe 2100: A useful screening tool for primary dengue infection in endemic areas.,2012,International Journal of Laboratory Hematology,"Pai, S.",Conference Abstract,17515521,34,,
embase,70869173,,10.1016/j.ijid.2012.05.984,Antibody persistence and safety 3 years after CYD tetravalent dengue vaccination: Follow-up results from a phase I trial in the Philippines,2012,International Journal of Infectious Diseases,"Capeding, M.R.Z.; Wartel, A.; Boaz, M.; Laot, T.; Crevat, D.",Conference Abstract,12019712,16,,
embase,70869375,,10.1016/j.ijid.2012.05.522,Diagnosis of dengue virus infection with IgA anti Dengue rapid tests,2012,International Journal of Infectious Diseases,"Hartono, A.; Sari, S.K.",Conference Abstract,12019712,16,,
embase,70869387,,10.1016/j.ijid.2012.05.534,Generation of anti-dengue nonstructural protein 1monoclonal antibodies for early and rapid detection of dengue virus infection,2012,International Journal of Infectious Diseases,"Lin, S.-W.; Chuang, Y.-C.; Yeh, T.-M.",Conference Abstract,12019712,16,,
embase,70869397,,10.1016/j.ijid.2012.05.544,Comparative evaluation of dengue NS1 antigen detection assay and Indirect Fluorescent-Antibody (IFA) test for detection of dengue virus in C6/36 cell line,2012,International Journal of Infectious Diseases,"Sharma, P.; Mittal, V.; Chhabra, M.; Jaiswal, R.; Singh, P.; Rawat, D.S.; Chauhan, L.S.; Rai, A.",Conference Abstract,12019712,16,,
embase,364815133,22570528,10.1155/2012/379738,Approaches for the development of rapid serological assays for surveillance and diagnosis of infections caused by zoonotic flaviviruses of the japanese encephalitis virus serocomplex,2012,Journal of Biomedicine and Biotechnology,"Hobson-Peters, J.",Article,11107243,2012,,379738
embase,364702005,22441389,10.1128/CVI.05717-11,Comparison of seven commercial antigen and antibody enzyme-linked immunosorbent assays for detection of acute dengue infection,2012,Clinical and Vaccine Immunology,"Blacksell, S.D.; Jarman, R.G.; Gibbons, R.V.; Tanganuchitcharnchai, A.; Mammen Jr., M.P.; Nisalak, A.; Kalayanarooj, S.; Bailey, M.S.; Premaratna, R.; De Silva, H.J.; Day, N.P.J.; Lalloog, D.G.",Article,15566811,19,5,
embase,364858107,22419801,10.1128/JVI.07081-11,The magnitude of dengue virus NS1 protein secretion is strain dependent and does not correlate with severe pathologies in the mouse infection model,2012,Journal of Virology,"Watanabe, S.; Tan, K.H.; Rathore, A.P.S.; Rozen-Gagnon, K.; Shuai, W.; Ruedl, C.; Vasudevan, S.G.",Article,0022538X,86,10,
embase,364626290,22499428,10.1590/S0036-46652012000200012,"Apropos ""Evaluation of dengue NS1 antigen detection for diagnosis in public health laboratories, São Paulo State, 2009""",2012,Revista do Instituto de Medicina Tropical de Sao Paulo,"Arya, S.C.; Agarwal, N.",Letter,00364665,54,2,
embase,70678341,,,Clinico-serological co-relation in clinically suspected cases of dengue fever,2012,Australasian Medical Journal,"Mulchandani, N.G.; Chopdekar, K.",Conference Abstract,18361935,5,1,
embase,364001281,,10.2217/fvl.11.129,The importance of accurate diagnosis of dengue fever,2012,Future Virology,"Wiwanitkit, V.",Review,17460794,7,1,
embase,364166410,,10.4103/0976-3147.91928,Acute neuromuscular weakness associated with dengue infection,2012,Journal of Neurosciences in Rural Practice,"Hira, H.; Kaur, A.; Shukla, A.",Article,09763147,3,1,
embase,364260594,23444623,,Evaluation of the SD Dengue Duo diagnosis system for detection of NS1 protein and IgM and IgG dengue antibodies,2012,Revista Cubana de Medicina Tropical,"Sandoval, J.J.V.; Amores, D.R.; Susana Vázquez Ramudo, C.; Gutiérrez, N.C.; Tirado, C.M.G.G.",Article,03750760,64,1,
embase,364382240,,10.1684/vir.2012.0433,Biological diagnosis of dengue,2012,Virologie,"Najioullah, F.; Viron, F.; Paturel, L.; Césaire, R.",Review,12678694,16,1,
embase,51719949,22040846,10.1016/j.jviromet.2011.10.006,Monoclonal antibodies against dengue NS2B and NS3 proteins for the study of protein interactions in the flaviviral replication complex,2012,Journal of Virological Methods,"Moreland, N.J.; Tay, M.Y.F.; Lim, E.; Rathore, A.P.S.; Lim, A.P.C.; Hanson, B.J.; Vasudevan, S.G.",Article,01660934,179,1,
embase,51721607,22084954,10.1111/j.1469-0691.2011.03694.x,Evaluation and use of NS1 IgM antibody detection for acute dengue virus diagnosis: Report from an outbreak investigation,2012,Clinical Microbiology and Infection,"Gowri Sankar, S.; Dhananjeyan, K.J.; Paramasivan, R.; Thenmozhi, V.; Tyagi, B.K.; John Vennison, S.",Article,1198743X,18,1,
embase,363085033,22012979,10.1128/CVI.05285-11,Evaluation of six commercial point-of-care tests for diagnosis of acute dengue infections: The need for combining NS1 antigen and IgM/IgG antibody detection to achieve acceptable levels of accuracy,2011,Clinical and Vaccine Immunology,"Blacksell, S.D.; Jarman, R.G.; Bailey, M.S.; Tanganuchitcharnchai, A.; Jenjaroen, K.; Gibbons, R.V.; Paris, D.H.; Premaratna, R.; De Silva, H.J.; Lalloo, D.G.; Day, N.P.J.",Article,15566811,18,12,
embase,51660957,21996098,10.1016/j.diagmicrobio.2011.08.020,Dengue nonstructural protein 1 antigen in the urine as a rapid and convenient diagnostic test during the febrile stage in patients with dengue infection,2011,Diagnostic Microbiology and Infectious Disease,"Chuansumrit, A.; Chaiyaratana, W.; Tangnararatchakit, K.; Yoksan, S.; Flamand, M.; Sakuntabhai, A.",Article,07328893,71,4,
embase,70591687,,10.1111/j.1423-0410.2011.01546.x,Dengue fever viral exposure rates among australian blood donors during local outbreaks,2011,Vox Sanguinis,"Flower, R.L.P.; Fryk, J.; Hyland, C.; McBride, J.; Ritchie, S.; Faddy, H.",Conference Abstract,00429007,101,,
embase,71043147,,,Permissiveness of bone marrow progenitor cells for dengue virus infection,2011,American Journal of Tropical Medicine and Hygiene,"Clark, K.B.; Noisakran, S.; Hsiao, H.-M.; Villinger, F.; Ansari, A.; Perng, G.C.",Conference Abstract,00029637,85,6,
embase,71043490,,,Rapid diagnosis of dengue in a hospital-based cohort,2011,American Journal of Tropical Medicine and Hygiene,"Gan, V.C.; Dimatatac, F.; Thein, T.-L.; Lye, D.C.; Leo, Y.-S.",Conference Abstract,00029637,85,6,
embase,71043503,,,Evaluation of commercially available dengue diagnostic tests: NS1 and IGM rapid tests and NS1 ELISAs,2011,American Journal of Tropical Medicine and Hygiene,"Hunsperger, E.A.; Yoksan, S.; Buchy, P.; Nguyen, V.C.; Sekaran, S.D.; Enria, D.; Vazquez, S.; Cartozian, E.; Artsob, H.; Guzman, M.; Kliks, S.; Peeling, R.; Guillerm, M.; Zwang, J.; Margolis, H.",Conference Abstract,00029637,85,6,
embase,70771644,,,"Discriminant value of volume, conductivity and scatter properties of leucocytes (VCS technology) for rapid and reliable diagnosis of malaria and dengue fever",2011,Blood,"Bhargava, M.; Sharma, P.; Sukhachev, D.",Conference Abstract,00064971,118,21,
embase,363132686,22183454,10.1590/S0036-46652011000600003,"Evaluation of Dengue NS1 antigen detection for diagnosis in public health laboratories, São Paulo state, 2009",2011,Revista do Instituto de Medicina Tropical de Sao Paulo,"Bisordi, I.; Rocco, I.M.; Suzuki, A.; Katz, G.; Silveira, V.R.; Maeda, A.Y.; de Souza, R.P.; Bassi, M.G.; del Tedesco, E.F.; Freitas, E.; Bessa, T.A.F.",Article,00364665,53,6,
embase,51561549,21824813,10.1016/j.jcv.2011.07.009,Dengue virus isolation relying on antibody-dependent enhancement mechanism using FcγR-expressing BHK cells and a monoclonal antibody with infection-enhancing capacity,2011,Journal of Clinical Virology,"Moi, M.L.; Lim, C.-K.; Tajima, S.; Kotaki, A.; Saijo, M.; Takasaki, T.; Kurane, I.",Article,13866532,52,3,
embase,362260686,21706934,,Use of dengue NS1 antigen for early diagnosis of dengue virus infection,2011,Southeast Asian Journal of Tropical Medicine and Public Health,"Kassim, F.M.; Izati, M.N.; TgRogayah, T.; Apandi, Y.M.; Saat, Z.",Article,01251562,42,3,
embase,362260687,21706935,,"Evaluation of rapid immunochromatographic NS1 test,anti-dengue IgM tést,semi-nested PCR and IgM ELISA for detection of Dengue virus",2011,Southeast Asian Journal of Tropical Medicine and Public Health,"Tontulawat, P.; Pongsiri, P.; Thongmee, C.; Theamboonlers, A.; Kamolvarin, N.; Poovorawan, Y.",Article,01251562,42,3,
embase,51557924,21798288,10.1016/j.jviromet.2011.07.003,Detection of the dengue non-structural 1 antigen in cerebral spinal fluid samples using a commercially available enzyme-linked immunosorbent assay,2011,Journal of Virological Methods,"Araújo, F.M.C.; Brilhante, R.S.N.; Cavalcanti, L.P.G.; Rocha, M.F.G.; Cordeiro, R.A.; Perdigão, A.C.B.; Miralles, I.S.; Araújo, L.C.; Araújo, R.M.C.; Lima, E.G.; Sidrim, J.J.C.",Article,01660934,177,1,
embase,70589602,,,Dengue fever imported to the Czech Republic: Characterization of cases and evaluation of diagnostic methods,2011,Tropical Medicine and International Health,"Stejskal, F.; Trojanek, M.; Sojkova, N.; Tomickova, D.; Maixner, J.; Maresova, V.",Conference Abstract,13602276,16,,
embase,51440800,21575706,10.1016/j.micpath.2011.04.011,Subcellular localizations and time-course expression of dengue envelope and non-structural 1 proteins in human endothelial cells,2011,Microbial Pathogenesis,"Poungsawai, J.; Kanlaya, R.; Pattanakitsakul, S.-N.; Thongboonkerd, V.",Article,08824010,51,3,
embase,51488130,21700306,10.1016/j.virol.2011.06.002,Use of a tandem affinity purification assay to detect interactions between West Nile and dengue viral proteins and proteins of the mosquito vector,2011,Virology,"Colpitts, T.M.; Cox, J.; Nguyen, A.; Feitosa, F.; Krishnan, M.N.; Fikrig, E.",Article,00426822,417,1,
embase,362246865,21811645,10.1371/journal.pntd.0001244,Clinical and virological factors influencing the performance of a ns1 antigen-capture assay and potential use as a marker of dengue disease severity,2011,PLoS Neglected Tropical Diseases,"Duong, V.; Ly, S.; Try, P.; Tuiskunen, A.; Ong, S.; Chroeung, N.; Lundkvist, A.; Leparc-Goffart, I.; Deubel, V.; Vong, S.; Buchy, P.",Article,19352727,5,7,e1244
embase,362379546,,10.4103/0974-777X.83528,Development of ASSURE® dengue IgA rapid test for the detection of anti-dengue IgA from dengue infected patients,2011,Journal of Global Infectious Diseases,"Tan, Y.Y.; Sekaran, S.D.; Wang, S.M.; Ahmed, F.; Hossain, A.; Sil, B.K.",Article,0974777X,3,3,
embase,362914235,21722533,,[Production and characterization of the monoclonal antibodies against nonstructural 1 protein of DENV-4].,2011,Xi bao yu fen zi mian yi xue za zhi = Chinese journal of cellular and molecular immunology,"Ding, X.X.; Di, B.; Che, X.Y.",Article,10078738,27,7,
embase,361702311,21519138,,"Evaluation of nonstructural 1 protein rapid test for dengue virus at the Narita Airport Quarantine Station, Japan",2011,Japanese Journal of Infectious Diseases,"Sugimoto, M.; Haseyama, M.; Ishida, Y.; Yoshida, S.; Kamiya, K.",Article,13446304,64,2,
embase,361885674,21508167,10.1128/CVI.00040-11,Serological evaluation of suspected West Nile virus human cases following its introduction during a dengue outbreak in Puerto Rico in 2007,2011,Clinical and Vaccine Immunology,"Hunsperger, E.; Beltran, M.; Acosta, L.N.; Jordan-Munoz, J.; Torres, J.; Luce, R.; Tomashek, K.M.",Article,15566811,18,6,
embase,361885676,21525305,10.1128/CVI.00024-11,Comparison of two generations of the panbio dengue NS1 capture enzyme-linked immunosorbent assay,2011,Clinical and Vaccine Immunology,"Lima, M.D.R.Q.; Nogueira, R.M.R.; De Filippis, A.M.B.; Dos Santos, F.B.",Article,15566811,18,6,
embase,362172890,21874746,,A comparative evaluation of dengue diagnostic tests based on singleacute serum samples for laboratory confi rmation of acute dengue,2011,Malaysian Journal of Pathology,"Chua, K.B.; Mustafa, B.; Abdul Wahab, A.H.; Chem, Y.K.; Khairul, A.H.; Kumarasamy, V.; Mariam, M.; Nurhasmimi, H.; Abdul Rasid, K.",Article,01268635,33,1,
embase,361887740,21572520,10.1371/journal.pntd.0001147,A new approach to dengue fatal cases diagnosis: NS1 antigen capture in tissues,2011,PLoS Neglected Tropical Diseases,"Lima, M.R.Q.; Nogueira, R.M.R.; Schatzmayr, H.G.; de Filippis, A.M.B.; Limonta, D.; dos Santos, F.B.",Article,19352727,5,5,e1147
embase,361961820,,,Dengue duo rapid test: A valuable screening test for dengue outbreak,2011,Journal of Pure and Applied Microbiology,"Jayasimha, V.L.; Basavarajappa, K.G.; Yogesh Babu, K.V.; Niranjan, H.P.; Vijayanath, V.",Article,09737510,5,1,
embase,51251221,21277249,10.1016/j.jcv.2011.01.001,The development of a novel serotyping-NS1-ELISA to identify serotypes of dengue virus,2011,Journal of Clinical Virology,"Puttikhunt, C.; Prommool, T.; U-thainual, N.; Ong-ajchaowlerd, P.; Yoosook, K.; Tawilert, C.; Duangchinda, T.; Jairangsri, A.; Tangthawornchaikul, N.; Malasit, P.; Kasinrerk, W.",Article,13866532,50,4,
embase,51262806,21284891,10.1186/1743-422X-8-47,"Kinetics of non-structural protein 1, IgM and IgG antibodies in dengue type 1 primary infection",2011,Virology Journal,"Hu, D.; Di, B.; Ding, X.; Wang, Y.; Chen, Y.; Pan, Y.; Wen, K.; Wang, M.; Che, X.",Article,1743422X,8,,47
embase,361426229,21228146,10.1128/CVI.00462-10,Full serotype- and group-specific NS1 capture enzyme-linked immunosorbent assay for rapid differential diagnosis of dengue virus infection,2011,Clinical and Vaccine Immunology,"Ding, X.; Hu, D.; Chen, Y.; Di, B.; Jin, G.; Pan, Y.; Qiu, L.; Wang, Y.; Wen, K.; Wang, M.; Che, X.",Article,15566811,18,3,
embase,362316290,21710849,,Detection of dengue infection by combining the use of an NS1 antigen based assay with antibody detection.,2011,The Southeast Asian journal of tropical medicine and public health,"Chakravarti, A.; Kumar, A.; Malik, S.",Article,01251562,42,2,
embase,51209711,21241843,10.1016/j.aca.2010.12.011,Biosensors and rapid diagnostic tests on the frontier between analytical and clinical chemistry for biomolecular diagnosis of dengue disease: A review,2011,Analytica Chimica Acta,"Teles, F.S.R.R.",Short Survey,00032670,687,1,
embase,361114322,21251561,10.1016/j.diagmicrobio.2010.09.021,Prospective evaluation of nonstructural 1 enzyme-linked immunosorbent assay and rapid immunochromatographic tests to detect dengue virus in patients with acute febrile illness,2011,Diagnostic Microbiology and Infectious Disease,"Najioullah, F.; Combet, E.; Paturel, L.; Martial, J.; Koulmann, L.; Thomas, L.; Hatchuel, Y.; Cabié, A.; Cesaire, R.",Article,07328893,69,2,
embase,71500372,,,Variation of dengue NS1 antigen measured by commercial ELISA kit in various forms of dengue infections and assessment of the association between NS1 antigen level and disease severity,2011,BMC Proceedings,"Duong, V.; Ly, S.; Ong, S.; Chroeung, N.; Try, P.L.; Deubel, V.; Vong, S.; Buchy, P.",Conference Abstract,17536561,5,,
embase,71500440,,,The viral agents of Acute Encephalitis Sydrome in Ben Tre province 2008-2010,2011,BMC Proceedings,"Huu, T.N.; Quang, L.C.; Quoc, D.K.; Van Tinh, P.; Loan, H.T.K.; Thao, N.T.T.; Van Tu, P.; Huong, V.T.Q.",Conference Abstract,17536561,5,,
embase,360167410,20958892,10.1111/j.1365-3156.2010.02641.x,Predictive diagnostic value of the tourniquet test for the diagnosis of dengue infection in adults,2011,Tropical Medicine and International Health,"Mayxay, M.; Phetsouvanh, R.; Moore, C.E.; Chansamouth, V.; Vongsouvath, M.; Sisouphone, S.; Vongphachanh, P.; Thaojaikong, T.; Thongpaseuth, S.; Phongmany, S.; Keolouangkhot, V.; Strobel, M.; Newton, P.N.",Article,13602276,16,1,
embase,361324349,21304196,10.4103/0255-0857.76525,Evaluation of a commercial Dengue NS1 enzyme-linked immunosorbent assay for early diagnosis of dengue infection,2011,Indian Journal of Medical Microbiology,"Shrivastava, A.; Dash, P.; Tripathi, N.; Sahni, A.; Gopalan, N.; Lakshmana Rao, P.",Article,19983646,29,1,
embase,362058195,21713023,10.1371/journal.pntd.0001199,The diagnostic sensitivity of Dengue Rapid test assays is significantly enhanced by using a combined Antigen and Antibody testing approach,2011,PLoS Neglected Tropical Diseases,"Fry, S.R.; Meyer, M.; Semple, M.G.; Simmons, C.P.; Sekaran, S.D.; Huang, J.X.; McElnea, C.; Huang, C.-Y.; Valks, A.; Young, P.R.; Cooper, M.A.",Article,19352735,5,6,e1199
embase,362255214,21788702,10.7883/yoken.64.284,Nonstructural protein 1 antibody-based epitope-Blocking enzyme-linked immunosorbent assay to differentiate Japanese encephalitis virus from dengue virus infections in humans,2011,Japanese Journal of Infectious Diseases,"Konishi, E.; Konishi, M.",Article,18842836,64,4,
embase,362255231,21788719,10.7883/yoken.jjid.2011.4243,"Apropos ""Evaluation of Nonstructural 1 Protein Rapid Test for Dengue Virus at the Narita Airport Quarantine Station, Japan """,2011,Japanese Journal of Infectious Diseases,"Arya, S.C.; Agarwal, N.",Letter,18842836,64,4,
embase,360018958,20884152,10.1016/j.diagmicrobio.2010.07.007,Evaluation of ASSURE@sup_begin®@sup_endDengue IgA Rapid Test using dengue-positive and dengue-negative samples,2010,Diagnostic Microbiology and Infectious Disease,"Ahmed, F.; Mursalin, H.; Alam, M.T.; Amin, R.; Sekaran, S.D.; Wang, S.M.; Tan, Y.Y.; Sil, B.K.; Hossain, M.A.",Article,07328893,68,4,
embase,360131027,20426686,10.1089/vbz.2008.0176,Evaluation of nonstructural 1 antigen assays for the diagnosis and surveillance of dengue in Singapore,2010,Vector-Borne and Zoonotic Diseases,"Pok, K.-Y.; Lai, Y.-L.; Sng, J.; Ng, L.-C.",Article,15303667,10,10,
embase,360139929,21115848,10.1128/JCM.01668-10,Nonstructural protein NS1: Giving a new structure to dengue diagnosis,2010,Journal of Clinical Microbiology,"Singh, M.P.; Goyal, K.; Ratho, R.K.",Letter,00951137,48,12,
embase,51184585,21134275,10.1186/1743-422X-7-361,Comparison of the diagnostic accuracy of commercial NS1-based diagnostic tests for early dengue infection,2010,Virology Journal,"Osorio, L.; Ramirez, M.; Bonelo, A.; Villar, L.A.; Parra, B.",Article,1743422X,7,,361
embase,70442100,,,Evaluation of a rapid assay for detection of dengue early marker nonstructural protein 1 (NS1),2010,American Journal of Tropical Medicine and Hygiene,"Fry, S.; Semple, M.; Meyer, M.; McElnea, C.; Young, P.; Valks, A.; Huang, C.-Y.",Conference Abstract,00029637,83,5,
embase,51089337,,10.1016/j.diagmicrobio.2010.07.007,Evaluation of ASSURE@sup_begin®@sup_endDengue IgA Rapid Test using dengue-positive and dengue-negative samples,2010,Diagnostic Microbiology and Infectious Disease,"Ahmed, F.; Mursalin, H.; Alam, M.T.; Amin, R.; Sekaran, S.D.; Wang, S.M.; Tan, Y.Y.; Sil, B.K.; Hossain, M.A.",Article in Press,07328893,,,
embase,359454288,20496327,,Dengue antibodies in Polish travellers returning from the tropics. Evaluation of serological tests.,2010,International maritime health,"Goljan, J.; Myjak, P.; Nahorski, W.; Kubica-Biernat, B.; Felczak-Korzybska, I.; Kowalczyk, D.; Kuna, A.; Kotłowski, A.",Article,16419251,61,1,
embase,359380079,20727470,10.1016/j.diagmicrobio.2010.04.004,NS1 antigen as an early diagnostic marker in dengue: Report from India,2010,Diagnostic Microbiology and Infectious Disease,"Singh, M.P.; Majumdar, M.; Singh, G.; Goyal, K.; Preet, K.; Sarwal, A.; Mishra, B.; Ratho, R.K.",Article,07328893,68,1,
embase,362140178,20810840,10.4269/ajtmh.2010.10-0117,"Early diagnosis of dengue infection using a commercial dengue duo rapid test kit for the detection of NS1, IGM, and IGG",2010,American Journal of Tropical Medicine and Hygiene,"Wang, S.M.; Sekaran, S.D.",Article,00029637,83,3,
embase,70261899,,10.1186/1742-4690-7-S1-P185,"Comparison of a novel real-time RT-PCR, NS1 antigen detection and serology in early diagnosis of dengue in travelers",2010,Retrovirology,"Huhtamo, E.",Conference Abstract,17424690,7,,
embase,70287960,,10.1111/j.1537-2995.2010.02833-1.x,Investigational dengue virus blood donor screening in Puerto Rico with an NSI antigen test,2010,Transfusion,"Stramer, S.L.; Miller, D.D.; Dickson, S.; Colon, G.M.; Merced, C.; Hunsperger, E.A.; Muñoz, J.L.; Lanteri, M.C.; Tobler, L.H.; Bentsen, C.",Conference Abstract,00411132,50,,
embase,359327601,20573879,10.1128/JCM.02142-09,Evaluation of a commercial SD dengue virus NS1 antigen capture enzyme-linked immunosorbent assay kit for early diagnosis of dengue virus infection,2010,Journal of Clinical Microbiology,"Wang, S.M.; Sekaran, S.D.",Article,00951137,48,8,
embase,359519026,20578057,10.1002/jmv.21814,Clinical evaluation of the NS1 antigen-capture ELISA for early diagnosis of dengue virus infection in Brazil,2010,Journal of Medical Virology,"Castro-Jorge, L.A.; Machado, P.R.L.; Fávero, C.A.; Borges, M.C.; Passos, L.M.R.; De Oliveira, R.M.; Fonseca, B.A.L.",Article,01466615,82,8,
embase,359487294,21063991,,"Investigation of dengue virus and yellow fever virus seropositivities in blood donors from central/Northern Anatolia, Turkey",2010,Mikrobiyoloji Bulteni,"Ergünay, K.; Saygan, M.B.; Aydoǧan, S.; Litzba, N.; Niedrig, M.; Pinar, A.; Us, D.",Article,03749096,44,3,
embase,359899923,20625558,10.1371/journal.pntd.0000738,Comparison of three commercially available dengue NS1 antigen capture assays for acute diagnosis of Dengue in Brazil,2010,PLoS Neglected Tropical Diseases,"Lima, M.R.Q.; Nogueira, R.M.R.; Schatzmayr, H.G.; dos Santos, F.B.",Article,,4,7,e738
embase,358950972,20410325,10.1128/CVI.00041-10,Utility of a commercial nonstructural protein 1 antigen capture kit as a dengue virus diagnostic tool,2010,Clinical and Vaccine Immunology,"Bessoff, K.; Phoutrides, E.; Delorey, M.; Acosta, L.N.; Hunsperger, E.",Article,15566811,17,6,
embase,358741224,20404453,10.4103/0255-0857.62484,Dengue NS1 antigen detection: A useful tool in early diagnosis of dengue virus infection,2010,Indian Journal of Medical Microbiology,"Datta, S.; Wattal, C.",Article,19983646,28,2,
embase,70125167,,10.1016/j.ijid.2010.02.1588,Utility of dengue antigen-capture ELISA in the diagnosis of dengue Fever in the real world,2010,International Journal of Infectious Diseases,"Kalimuddin, S.; Leong, H.N.; Bai, X.L.; Lim, S.H.; Chan, K.P.",Conference Abstract,12019712,14,,
embase,70125869,,10.1016/j.ijid.2010.02.422,Detection and differentiation of Dengue infections with highly sensitive real-time PCRs,2010,International Journal of Infectious Diseases,"Kaiser, M.; Bray, D.; Benlhassan-Chahour, K.; Bissuel, F.; Huc Anais, P.; Rozenbaum, W.; Ellerbrok, H.",Conference Abstract,12019712,14,,
embase,358843995,20184855,,"A case of dengue type 3 virus infection imported from Africa to Italy, October 2009",2010,Eurosurveillance,"Nisii, C.; Carletti, F.; Castilletti, C.; Bordi, L.; Meschi, S.; Selleri, M.; Chiappini, R.; Travaglini, D.; Antonini, M.; Castorina, S.; Lauria, F.N.; Narciso, P.; Gentile, M.; Martini, L.; Di Perri, G.; Audagnotto, S.; Biselli, R.; Lastilla, M.; Di Caro, A.; Capobianchi, M.; Ippolito, G.",Article,15607917,15,7,
embase,359815639,20929654,,"Dengue virus infection in travellers returning from Benin to France, july - august, 2010",2010,Eurosurveillance,"Mol, M.L.; Ujiie, M.; Takasaki, T.; Kurane, I.",Letter,15607917,15,39,
embase,359899858,20824173,10.1371/journal.pntd.0000811,Multi-country evaluation of the sensitivity and specificity of two commercially-available NS1 ELISA assays for dengue diagnosis,2010,PLoS Neglected Tropical Diseases,"Guzman, M.G.; Jaenisch, T.; Gaczkowski, R.; Hang, V.T.T.; Sekaran, S.D.; Kroeger, A.; Vazquez, S.; Ruiz, D.; Martinez, E.; Mercado, J.C.; Balmaseda, A.; Harris, E.; Dimano, E.; Leano, P.S.A.; Yoksan, S.; Villegas, E.; Benduzu, H.; Villalobos, I.; Farrar, J.; Simmons, C.P.",Article,19352735,4,8,e811
embase,50726182,19963435,10.1016/j.jcv.2009.11.001,"Early diagnosis of dengue in travelers: Comparison of a novel real-time RT-PCR, NS1 antigen detection and serology",2010,Journal of Clinical Virology,"Huhtamo, E.; Hasu, E.; Uzcátegui, N.Y.; Erra, E.; Nikkari, S.; Kantele, A.; Vapalahti, O.; Piiparinen, H.",Article,13866532,47,1,
embase,50632458,19733994,10.1016/j.diagmicrobio.2009.07.022,Evaluation of dengue NS1 antigen detection tests with acute sera from patients infected with dengue virus in Venezuela,2009,Diagnostic Microbiology and Infectious Disease,"Ramirez, A.H.; Moros, Z.; Comach, G.; Zambrano, J.; Bravo, L.; Pinto, B.; Vielma, S.; Cardier, J.; Liprandi, F.",Article,07328893,65,3,
embase,70336576,,,Evaluation of an Improved ELISA for Detection of Dengue NS1,2009,American Journal of Tropical Medicine and Hygiene,"McElnea, C.; Warren, J.; Mateo, L.; Valks, A.",Conference Abstract,00029637,81,5,
embase,70252693,,10.1111/j.1365-3156.2009.02353.x,Comparison of a NS1 capture enzyme-linked immunosorbent assay with Conventional and Real time PCR for diagnosis of primary and secundary acute dengue virus infection,2009,Tropical Medicine and International Health,"Tateno, A.F.; Boas, L.S.V.; Guilharde, A.O.; Turchi, M.D.; Martelli, C.M.; Levi, J.; Pannuti, C.S.; Souza, V.A.U.",Conference Abstract,13602276,14,,
embase,70252694,,10.1111/j.1365-3156.2009.02353.x,Multi-country evaluation of the sensitivity and specificity of two commercially available NS1 ELISA assays for dengue diagnosis,2009,Tropical Medicine and International Health,"Guzman, M.G.; Jaenisch, T.; Gaczkowski, R.; Hang, V.T.T.; Devi, S.; Horstick, O.; Kroeger, A.; Simmons, C.P.",Conference Abstract,13602276,14,,
embase,70253139,,10.1111/j.1365-3156.2009.02354-3.x,Microbiological analysis of travellers with febrile illness returning to the Netherlands,2009,Tropical Medicine and International Health,"Hopman, J.; Stelma, F.; Ahmed, A.; Van Der Ven, A.; Brouwer, A.-M.; Keuter, M.; Hartskeerl, R.; Beckers, P.; Galama, J.; Sturm, P.; Sauerwein, R.",Conference Abstract,13602276,14,,
embase,355896836,20021846,,To evaluate the neutralizing abilities of anti-dengue virus antibodies with nonstructural protein 1 antigen capture enzyme-linked immunosorbent assay,2009,Zhonghua yu fang yi xue za zhi [Chinese journal of preventive medicine],"Wen, K.; Ding, Y.Q.; Qiu, L.W.; Pan, Y.X.; Cai, J.P.; Yue, C.F.; Di, B.; Che, X.Y.",Article,02539624,43,8,
embase,NCT00946218,,,Diagnosis and Characterization of Dengue Fever in Children,2009,clinicaltrials.gov,,Clinical Trial,,,,
embase,50427588,19232857,10.1016/j.diagmicrobio.2009.01.004,Evaluation of dengue nonstructural protein 1 antigen strip for the rapid diagnosis of patients with dengue infection,2009,Diagnostic Microbiology and Infectious Disease,"Chaiyaratana, W.; Chuansumrit, A.; Pongthanapisith, V.; Tangnararatchakit, K.; Lertwongrath, S.; Yoksan, S.",Article,07328893,64,1,
embase,50427589,19232865,10.1016/j.diagmicrobio.2009.01.002,Evaluation of dengue NS1 test kits for the diagnosis of dengue fever,2009,Diagnostic Microbiology and Infectious Disease,"McBride, W.J.H.",Article,07328893,64,1,
embase,50427584,19232866,10.1016/j.diagmicrobio.2008.12.009,Detection of dengue nonstructural 1 (NS1) protein in Vietnamese patients with fever,2009,Diagnostic Microbiology and Infectious Disease,"Phuong, H.L.; Thai, K.T.D.; Nga, T.T.T.; Giao, P.T.; Hung, L.Q.; Binh, T.Q.; Nam, N.V.; Groen, J.; de Vries, P.J.",Article,07328893,63,4,
embase,50348703,19022293,10.1016/j.jviromet.2008.10.016,Performance of a commercial rapid dengue NS1 antigen immunochromatography test with reference to dengue NS1 antigen-capture ELISA,2009,Journal of Virological Methods,"Zainah, S.; Wahab, A.H.A.; Mariam, M.; Fauziah, M.K.; Khairul, A.H.; Roslina, I.; Sairulakhma, A.; Kadimon, S.S.; Jais, M.S.M.; Chua, K.B.",Article,01660934,155,2,
embase,354056646,19020106,10.1128/CVI.00212-08,Development of an antigen capture immunoassay based on monoclonal antibodies specific for dengue virus serotype 2 nonstructural protein 1 for early and rapid identification of dengue virus serotype 2 infections,2009,Clinical and Vaccine Immunology,"Qiu, L.-W.; Di, B.; Wen, K.; Wang, X.-S.; Liang, W.-H.; Wang, Y.-D.; Pan, Y.-X.; Wang, M.; Ding, Y.-Q.; Che, X.-Y.",Article,15566811,16,1,
embase,354579380,19156192,10.1371/journal.pntd.0000360,"Diagnostic accuracy of NS1 ELISA and lateral flow rapid tests for dengue sensitivity, specificity and relationship to viraemia and antibody responses",2009,PLoS Neglected Tropical Diseases,"Hang, V.T.; Nguyet, N.M.; Trung, D.T.; Tricou, V.; Yoksan, S.; Dung, N.M.; Ngoc, T.V.; Hien, T.T.; Farrar, J.; Wills, B.; Simmons, C.P.",Article,19352735,3,1,e360
embase,354600547,19232865,,Evaluation of dengue NS1 test kits for the diagnosis of dengue fever.,2009,Diagnostic microbiology and infectious disease,"McBride, W.J.",Article,18790070,64,1,
embase,352693812,18796718,10.1099/vir.0.83620-0,Association of dengue virus NS1 protein with lipid rafts,2008,Journal of General Virology,"Noisakran, S.; Dechtawewat, T.; Avirutnan, P.; Kinoshita, T.; Siripanyaphinyo, U.; Puttikhunt, C.; Kasinrerk, W.; Malasit, P.; Sittisombut, N.",Article,00221317,89,10,
embase,352620054,18685015,10.1128/CVI.00140-08,Comparison of two commercially available dengue virus (DENV) NS1 capture enzyme-linked immunosorbent assays using a single clinical sample for diagnosis of acute DENV infection,2008,Clinical and Vaccine Immunology,"Bessoff, K.; Delorey, M.; Sun, W.; Hunsperger, E.",Article,15566811,15,10,
embase,352678418,18714359,10.1371/journal.pntd.0000280,Evaluation of two new commercial tests for the diagnosis of acute dengue virus infection using NS1 antigen detection in human serum,2008,PLoS Neglected Tropical Diseases,"Dussart, P.; Petit, L.; Labeau, B.; Bremand, L.; Leduc, A.; Moua, D.; Matheus, S.; Baril, L.",Article,,2,8,e280
embase,355310789,,,Appropriate laboratory tests for the diagnosis of dengue infection at a general hospital in Southern Thailand,2008,Asian Biomedicine,"Congpuong, K.; Chuchan, S.; Kwangthong, S.; Kangchaingone, Y.; Darakapong, A.",Article,19057415,2,4,
embase,354034450,18582213,10.1089/hyb.2008.0001,Production and characterization of monoclonal antibody specific to recombinant dengue multi-epitope protein,2008,Hybridoma,"Abhyankar, A.V.; Bhargava, R.; Jana, A.M.; Sahni, A.K.; Rao, P.V.L.",Article,15540014,27,3,
embase,351380783,18191361,10.1016/j.diagmicrobio.2007.11.010,Evaluation of an NS1 antigen detection for diagnosis of acute dengue infection in patients with acute febrile illness,2008,Diagnostic Microbiology and Infectious Disease,"Lapphra, K.; Sangcharaswichai, A.; Chokephaibulkit, K.; Tiengrim, S.; Piriyakarnsakul, W.; Chakorn, T.; Yoksan, S.; Wattanamongkolsil, L.; Thamlikitkul, V.",Article,07328893,60,4,
embase,351206907,18205232,10.1002/jmv.21091,Defining the levels of secreted non-structural protein NS1 after West Nile virus infection in cell culture and mice,2008,Journal of Medical Virology,"Kyung, M.C.; Diamond, M.S.",Article,01466615,80,3,
embase,350245435,17889487,10.1016/j.diagmicrobio.2007.07.011,Evaluation of the Panbio dengue virus nonstructural 1 antigen detection and immunoglobulin M antibody enzyme-linked immunosorbent assays for the diagnosis of acute dengue infections in Laos,2008,Diagnostic Microbiology and Infectious Disease,"Blacksell, S.D.; Mammen Jr., M.P.; Thongpaseuth, S.; Gibbons, R.V.; Jarman, R.G.; Jenjaroen, K.; Nisalak, A.; Phetsouvanh, R.; Newton, P.N.; Day, N.P.J.",Article,07328893,60,1,
embase,352525115,17676230,,Laboratory diagnosis in suspected cases of dengue,2007,Saudi Medical Journal,"Arya, S.C.; Agarwal, N.",Letter,03795284,28,8,
embase,350291614,18052531,10.1371/journal.ppat.0030183,Secreted NS1 of dengue virus attaches to the surface of cells via interactions with heparan sulfate and chondroitin sulfate E,2007,PLoS Pathogens,"Avirutnan, P.; Zhang, L.; Punyadee, N.; Manuyakorn, A.; Puttikhunt, C.; Kasinrerk, W.; Malasit, P.; Atkinson, J.P.; Diamond, M.S.",Article,15537366,3,11,
embase,47302867,17683980,10.1016/j.jcv.2007.06.008,Evaluation of immunoglobulin M and G capture enzyme-linked immunosorbent assay Panbio kits for diagnostic dengue infections,2007,Journal of Clinical Virology,"Arya, S.C.; Agarwal, N.",Letter,13866532,40,1,
embase,351396799,17609831,,Evaluating the sensitivity of a commercial dengue NS1 antigen-capture ELISA for early diagnosis of acute dengue virus infection,2007,Singapore Medical Journal,"Kumarasamy, V.; Chua, S.K.; Hassan, Z.; Wahab, A.H.A.; Chem, Y.K.; Mohamad, M.; Chua, K.B.",Article,00375675,48,7,
embase,46597287,17356302,10.1159/000100567,Susceptibility of mouse macrophage J774 to dengue virus infection,2007,Intervirology,"Moreno-Altamirano, M.M.B.; Sánchez-García, F.J.; Legorreta-Herrera, M.; Aguilar-Carmona, I.",Article,03005526,50,3,
embase,46201707,17140671,10.1016/j.jviromet.2006.11.001,Evaluation of a commercial dengue NS1 antigen-capture ELISA for laboratory diagnosis of acute dengue virus infection,2007,Journal of Virological Methods,"Kumarasamy, V.; Wahab, A.H.A.; Chua, S.K.; Hassan, Z.; Chem, Y.K.; Mohamad, M.; Chua, K.B.",Article,01660934,140,1-2,
embase,44774161,17065431,10.2353/jmoldx.2006.060019,A prospective clinical study on the use of reverse transcription-polymerase chain reaction for the early diagnosis of dengue fever,2006,Journal of Molecular Diagnostics,"Singh, K.; Lale, A.; Ooi, E.E.; Chiu, L.-L.; Chow, V.T.K.; Tambyah, P.; Koay, E.S.C.",Article,15251578,8,5,
embase,46768874,16988003,10.1128/CVI.00229-06,Evaluation of an enzyme immunoassay for detection of dengue virus NS1 antigen in human serum,2006,Clinical and Vaccine Immunology,"Dussart, P.; Labeau, B.; Lagathu, G.; Louis, P.; Nunes, M.R.T.; Rodrigues, S.G.; Storck-Herrmann, C.; Cesaire, R.; Morvan, J.; Flamand, M.; Baril, L.",Article,15566811,13,11,
embase,46035066,,,Antigen capture enzyme-linked immunosorbent assay for specific detection of dengue virus serotype 1 non-structural protein,2006,Chinese Journal of Microbiology and Immunology,"Xu, H.; Hao, W.; Pan, Y.-X.; Di, B.; He, L.-J.; Qiu, L.-W.; Wang, Y.-D.; Liao, Z.-Y.; Che, X.-Y.",Article,02545101,26,9,
embase,44228583,16891505,10.1128/JCM.00777-06,Serotype 1-specific monoclonal antibody-based antigen capture immunoassay for detection of circulating nonstructural protein NS1: Implications for early diagnosis and serotyping of dengue virus infections,2006,Journal of Clinical Microbiology,"Xu, H.; Di, B.; Pan, Y.-X.; Qiu, L.-W.; Wang, Y.-D.; Hao, W.; He, L.-J.; Yuen, K.-Y.; Che, X.-Y.",Article,00951137,44,8,
embase,44241597,16859538,10.1186/1471-2334-6-120,Clinical features and pitfalls in the laboratory diagnosis of dengue in travellers,2006,BMC Infectious Diseases,"Wichmann, O.; Stark, K.; Shu, P.-Y.; Niedrig, M.; Frank, C.; Huang, J.-H.; Jelinek, T.",Article,14712334,6,,120
embase,40711256,,,"Current status of dengue diagnosis at the center for disease control, Taiwan",2004,@hit_startDengue@hit_end Bulletin,"Shu, P.-Y.; Chang, S.-F.; Yueh, Y.-Y.; Chow, L.; Chien, L.-J.; Kuo, Y.-C.; Su, C.-L.; Liao, T.-L.; Lin, T.-H.; Huang, J.-H.",Article,1020895X,28,,
embase,38747495,15184425,10.1128/JCM.42.6.2489-2494.2004,Dengue virus serotyping based on envelope and membrane and nonstructural protein NS1 serotype-specific capture Immunoglobulin M enzyme-linked immunosorbent assays,2004,Journal of Clinical Microbiology,"Shu, P.-Y.; Chen, L.-K.; Chang, S.-F.; Su, C.-L.; Chien, L.-J.; Chin, C.; Lin, T.-H.; Huang, J.-H.",Article,00951137,42,6,
embase,37220256,13679612,10.1099/vir.0.19228-0,Identification of a dengue virus type 2 (DEN-2) serotype-specific B-cell epitope and detection of DEN-2-immunized animal serum samples using an epitope-based peptide antigen,2003,Journal of General Virology,"Wu, H.-C.; Jung, M.-Y.; Chiu, C.-Y.; Chao, T.-T.; Lai, S.-C.; Jan, J.-T.; Shaio, M.-F.",Article,00221317,84,10,
embase,37338219,12922127,10.1016/S0264-410X(03)00310-4,Evaluation of protective efficacy and immune mechanisms of using a non-structural protein NS1 in DNA vaccine against dengue 2 virus in mice,2003,Vaccine,"Wu, S.-F.; Liao, C.-L.; Lin, Y.-L.; Yeh, C.-T.; Chen, L.-K.; Huang, Y.-F.; Chou, H.-Y.; Huang, J.-L.; Shaio, M.-F.; Sytwu, H.-K.",Article,0264410X,21,25-26,
embase,36890447,12853395,10.1128/CDLI.10.4.622-630.2003,Comparison of capture immunoglobulin M (IgM) and IgG enzyme-linked immunosorbent assay (ELISA) and nonstructural protein NS1 serotype-specific IgG ELISA for differentiation of primary and secondary dengue virus infections,2003,Clinical and Diagnostic Laboratory Immunology,"Shu, P.-Y.; Chen, L.-K.; Chang, S.-F.; Yueh, Y.-Y.; Chow, L.; Chien, L.-J.; Chin, C.; Lin, T.-H.; Huang, J.-H.",Article,1071412X,10,4,
embase,36355886,12668268,10.1016/S0166-0934(03)00045-4,Production of anti-dengue NS1 monoclonal antibodies by DNA immunization,2003,Journal of Virological Methods,"Puttikhunt, C.; Kasinrerk, W.; Srisa-ad, S.; Duangchinda, T.; Silakate, W.; Moonsom, S.; Sittisombut, N.; Malasit, P.",Article,01660934,109,1,
embase,36983519,12886411,,"Comparative immunological recognition of proteins from New Guinea ""C"" dengue virus type 2 prototype and from a dengue virus type 2 strain isolated in the State of Rio de Janeiro, Brazil.",2003,Memórias do Instituto Oswaldo Cruz,"Côrtes, L.M.; Barth, O.M.; Pantoja, J.R.; Alves, C.R.",Article,00740276,98,3,
embase,36173917,,10.1016/S0003-2670(02)01529-5,Development of immunochips for the detection of dengue viral antigens,2003,Analytica Chimica Acta,"Su, C.-C.; Wu, T.-Z.; Chen, L.-K.; Yang, H.-H.; Tai, D.-F.",Article,00032670,479,2,
embase,34130856,11825945,10.1128/JCM.40.02.376-381.2002,Enzyme-linked immunosorbent assay specific to dengue virus type 1 nonstructural protein NS1 reveals circulation of the antigen in the blood during the acute phase of disease in patients experiencing primary or secondary infections,2002,Journal of Clinical Microbiology,"Alcon, S.; Talarmin, A.; Debruyne, M.; Falconar, A.; Deubel, V.; Flamand, M.",Article,00951137,40,2,
embase,32954518,11574589,10.1128/JCM.39.10.3672-3677.2001,Flow cytometry compared with indirect immunofluorescence for rapid detection of dengue virus type 1 after amplification in tissue culture,2001,Journal of Clinical Microbiology,"Kao, C.-L.; Wu, M.-C.; Chiu, Y.-H.; Lin, J.-L.; Wu, Y.-C.; Yueh, Y.-Y.; Chen, L.-K.; Shaio, M.-F.; King, C.-C.",Article,00951137,39,10,
embase,32175738,11166901,10.1016/S0264-410X(00)00391-1,Antibody to the nonstructural protein NS1 of Japanese encephalitis virus: Potential application of mAb-based indirect ELISA to differentiate infection from vaccination,2001,Vaccine,"Shu, P.-Y.; Chen, L.-K.; Chang, S.-F.; Yueh, Y.-Y.; Chow, L.; Chien, L.-J.; Chin, C.; Lin, T.-H.; Huang, J.-H.",Article,0264410X,19,13-14,
embase,30688689,11002252,10.1002/1096-9071(200010)62:2<224::AID-JMV14>3.0.CO;2-C,Dengue NS1-specific antibody responses: Isotype distribution and serotyping in patients with dengue fever and dengue hemorrhagec fever,2000,Journal of Medical Virology,"Shu, P.-Y.; Chen, L.-K.; Chang, S.-F.; Yueh, Y.-Y.; Chow, L.; Chien, L.-J.; Chin, C.; Lin, T.-H.; Huang, J.-H.",Article,01466615,62,2,
embase,30140558,10698995,10.1128/jcm.38.3.1053-1057.2000,An antigen capture enzyme-linked immunosorbent assay reveals high levels of the dengue virus protein NS1 in the sera of infected patients,2000,Journal of Clinical Microbiology,"Young, P.R.; Hilditch, P.A.; Bletchly, C.; Halloran, W.",Article,00951137,38,3,
embase,28553373,9890415,10.1002/(SICI)1096-9071(199901)57:1<1::AID-JMV1>3.0.CO;2-T,Antibody responses to an immunodominant nonstructural 1 synthetic peptide in patients with dengue fever and dengue hemorrhagic fever,1999,Journal of Medical Virology,"Huang, J.-H.; Wey, J.-J.; Sun, Y.-C.; Chin, C.; Chien, L.-J.; Wu, Y.-C.",Article,01466615,57,1,
embase,128326371,9805082,,An immunoenzyme assay for the detection of monoclonal antibodies against the E and NS1 proteins of the dengue virus,1995,Revista cubana de medicina tropical,"Vázquez, S.; Pupo, M.; Pelegrino, J.L.; Morier, L.; Castillo, A.; Otero, A.; Guzmán, M.G.",Article,03750760,47,2,
embase,23192874,8389081,10.1006/viro.1993.1318,The effects of site-directed mutagenesis on the dimerization and secretion of the NS1 protein specified by dengue virus,1993,Virology,"Pryor, M.J.; Wright, P.J.",Article,00426822,194,2,
embase,20279846,2143542,10.1128/jvi.64.9.4356-4363.1990,Immunization of mice with recombinant vaccinia virus expressing authentic dengue virus nonstructural protein NS1 protects against lethal dengue virus encephalitis,1990,Journal of Virology,"Falgout, B.; Bray, M.; Schlesinger, J.J.; Lai, C.-J.",Article,0022538X,64,9,
