sources,pmid,doi,pui,ut,pii,title,year,journal
embase|pubmed,42509367,10.1007/s00284-026-05001-1,2047845416,,,Molecular and Serological Surveillance of Dengue Virus and Vector Dynamics in the Highlands of Southwestern Saudi Arabia.,2026,Curr Microbiol
embase|pubmed,42480195,10.1016/j.vaccine.2026.128929,2047724992,,,Beyond neutralization: A comprehensive framework for evaluating humoral immunity induced by a live-attenuated tetravalent dengue vaccine.,2026,Vaccine
embase|pubmed,42351458,10.3390/diagnostics16121799,2046657313,,,"Analytical and Clinical Evaluation of the STANDARD M10 Arbovirus Panel for Dengue Detection, Serotyping, and Multiplex Arboviral Screening in the Americas.",2026,Diagnostics (Basel)
pubmed,42317899,10.7759/cureus.109055,,,,Comparison of Colorimetric (Enzyme-Linked Immunosorbent Assay (ELISA)) and Chemiluminescent Immunoassay (CLIA) Methods for Detection of Dengue Nonstructural Protein 1 (NS1) Antigen in Acute Dengue Infection.,2026,Cureus
embase|pubmed,42251926,10.1016/j.cca.2026.121146,2046217922,,,Biomarker-driven biosensing strategies for early risk stratification in severe dengue.,2026,Clin Chim Acta
embase|pubmed,42248681,10.1002/cmdc.70337,2046140427,,,Synthesis and Evaluation of Aromatic Sulfonamide and Disulfonamide Derivatives as Dengue Virus NS3-NS5 Interaction Inhibitors.,2026,ChemMedChem
embase|pubmed,42148577,10.1128/spectrum.03669-25,2047556428,,,"Multicenter evaluation of a single-device dengue antibody/antigen rapid test for simultaneous detection of NS1, IgM, and IgG.",2026,Microbiol Spectr
embase|pubmed,42044185,10.1371/journal.pntd.0014295,651046439,,,Improved and customized dengue serodiagnostics through combined NS1/IgM testing and novel dual-cut-off IgG ELISA.,2026,PLoS Negl Trop Dis
pubmed,41884452,10.5501/wjv.v15.i1.117079,,,,Seroprevalence and clinical profile of dengue infection among acute febrile patients at a rural tertiary care hospital.,2026,World J Virol
embase|pubmed,41833174,10.1016/j.talanta.2026.129666,2043820194,,,Chopped optical biosensing enables temporal background subtraction for high-sensitivity fluorescence immunoassays.,2026,Talanta
embase|pubmed,41827002,10.1186/s13071-025-07241-9,2044913278,,,"Control and mitigation of dengue and Zika virus transmission in a hospital in Recife, Brazil: a successful experience with an integrated control program against Aedes aegypti.",2026,Parasit Vectors
embase|pubmed,41708567,10.1007/s00604-026-07917-8,650293785,,,"Plasmonic sensors for dengue virus detection: technological advances, challenges, future directions.",2026,Mikrochim Acta
embase|pubmed,41681713,10.3390/diagnostics16030395,2043166187,,,Combined Analytical and Clinical Performance Evaluation of a Novel Dengue NS1 Rapid Test in a Real-World Endemic Setting.,2026,Diagnostics (Basel)
embase|pubmed,41662405,10.1371/journal.pntd.0013984,2044157648,,,"Assessing the diagnostic performance of clinical, serological and molecular approaches to improve dengue case detection in the Peruvian Amazon.",2026,PLoS Negl Trop Dis
embase|pubmed,41601210,10.1111/tmi.70088,2042866350,,,Evaluating Three Rapid Tests for Dengue in Febrile Patients in a Dengue-Endemic Area.,2026,Trop Med Int Health
embase|pubmed,41578914,10.1002/jmv.70820,2042695791,,,Utility of Recombinant Envelope Domain III as a Diagnostic Antigen for the Specific Detection of Kyasanur Forest Disease.,2026,J Med Virol
embase|pubmed,41557724,10.1371/journal.pntd.0013883,2043543540,,,"Tracking the clinico-microbiological profile and molecular characterization of dengue cases during the monsoon-season in Belagavi, Karnataka.",2026,PLoS Negl Trop Dis
embase|pubmed,41545441,10.1038/s41598-026-35952-1,649952397,,,Evaluation of polyclonal antibodies raised in rabbits against dengue NS1 antigen.,2026,Sci Rep
embase|pubmed,41516578,10.3390/s26010145,649893858,,,"Next-Generation Diagnostic Technologies for Dengue Virus Detection: Microfluidics, Biosensing, CRISPR, and AI Approaches.",2025,Sensors (Basel)
embase|pubmed,41206443,10.1093/inthealth/ihaf116,2047332295,,,Combining non-structural protein 1 and IgM tests for acute dengue diagnosis in Saudi Arabia.,2026,Int Health
embase|pubmed,41183705,10.1016/j.jim.2025.114000,2041056163,,,Development of a sensitive sandwich ELISA for the envelope domain III protein of dengue virus type 2.,2025,J Immunol Methods
embase|pubmed,41171893,10.1371/journal.pntd.0013168,2037407890,,,Engineered Nanobodies for early and accurate diagnosis of dengue virus infection.,2025,PLoS Negl Trop Dis
embase|pubmed,40882150,10.4103/jvbd.jvbd_136_25,2046293419,,,Diagnostic accuracy of three dengue NS1 antigen ELISA kits in comparison to chemiluminescence immunoassay.,2026,J Vector Borne Dis
embase|pubmed,40835166,10.1016/j.jiac.2025.102797,2040195403,,,"Dengue virus serotype 4 infection diagnosed not by rapid antigen test, but by real-time reverse transcription-PCR and enzyme-linked immunosorbent assay: A case report.",2025,J Infect Chemother
embase|pubmed,40788955,10.1371/journal.pntd.0013250,2037123630,,,"Development of an affordable multiplex quantitative RT-PCR assay for early detection and surveillance of Dengue, Chikungunya, and co-infections from clinical samples in resource-limited settings.",2025,PLoS Negl Trop Dis
embase|pubmed,40751696,10.1002/jmv.70541,2035582762,,,Prospective Evaluation of the FUJIFILM SILVAMP Dengue NS1 Ag for Early Dengue Detection: A Multicenter Study in Thailand.,2025,J Med Virol
embase|pubmed,40571886,10.1007/s12033-025-01469-7,2035077677,,,"Uncovering the Unique Epitopes: Validation of In-Silico Synthesized Tetravalent Dengue Vaccine (dvac) Through Cloning, Expression, and Immunogenic Analysis.",2026,Mol Biotechnol
embase|pubmed,40503688,10.1021/acs.bioconjchem.5c00153,2039139862,,,Multilayer Fluorescent Immunoassay for Early and Sensitive Dengue Virus Detection Using Host and Viral Biomarkers.,2025,Bioconjug Chem
pubmed,40209729,10.1016/j.lanmic.2025.101088,,,,"Evaluating the performance of common reference laboratory tests for acute dengue diagnosis: a systematic review and meta-analysis of RT-PCR, NS1 ELISA, and IgM ELISA.",2025,Lancet Microbe
embase|pubmed,40097175,10.3343/alm.2024.0558,646864390,,,Sensitivity and Specificity of an All-in-one Cartridge-based Dengue Real-time Reverse Transcription-PCR for Point-of-care Detection and Serotyping of Dengue Virus in Samples from Indonesian Patients.,2025,Ann Lab Med
embase|pubmed,39977056,10.21149/15407,646638101,,,Evolution of Zika prevalence in a dengue hyperendemic municipality in Southern Mexico after the outbreak of 2015 to 2017.,2024,Salud Publica Mex
embase|pubmed,39972477,10.1186/s12929-024-01116-4,2033370513,,,A non-structural protein 1 substitution of dengue virus enhances viral replication by interfering with the antiviral signaling pathway.,2025,J Biomed Sci
pubmed,39759638,10.7759/cureus.75174,,,,Assessing the Diagnostic Value of Mean Monocyte Volume and Hematological Parameters in Predicting Dengue Fever: A Cross-Sectional Analysis.,2024,Cureus
embase|pubmed,39636259,10.4103/jvbd.jvbd_151_24,2040423501,,,"Prevalence and seasonal patterns of vector-borne diseases in patients presenting with acute febrile illness in a tertiary care hospital in Puducherry, India: A prospective observational study.",2025,J Vector Borne Dis
embase|pubmed,39620308,10.1002/jmv.70100,2032463221,,,Serotype-Specific Dengue Virus IgG Assay Using EDIII-Based Recombinant Proteins and Its Application in an Endemic Population in Northeast Brazil.,2024,J Med Virol
embase|pubmed,39550979,10.1016/j.diagmicrobio.2024.116588,2035717474,,,Exploring potential application of anti-dengue NS1 human polyclonal antibodies for detection of dengue virus infection.,2025,Diagn Microbiol Infect Dis
embase|pubmed,39435048,10.1155/2024/5588127,2034063216,,,Support Vector Machine Outperforms Other Machine Learning Models in Early Diagnosis of Dengue Using Routine Clinical Data.,2024,Adv Virol
embase|pubmed,39194193,10.1128/jcm.00593-24,2035377878,,,Comparison of the sensitivity and specificity of commercial anti-dengue virus IgG tests to identify persons eligible for dengue vaccination.,2024,J Clin Microbiol
embase|pubmed,39134458,10.1089/vbz.2024.0009,2034061890,,,Commercial Enzyme-Linked Immunosorbent Assay Kit Is Useful for Detection of Recombinant and Secretory Nonstructural-1 Protein Antigen of Dengue Virus.,2024,Vector Borne Zoonotic Dis
embase|pubmed,39113381,10.4103/jvbd.jvbd_45_23,2037803939,,,A study on evaluation and correlation of serological methods and platelet count for diagnosis of dengue virus infection.,2025,J Vector Borne Dis
embase|pubmed,38980575,10.1007/s40291-024-00728-8,2030522735,,,Identification of Immunodominant Epitopes of Dengue Virus 2 Envelope and NS1 Proteins: Evaluating the Diagnostic Potential of a Synthetic Peptide.,2024,Mol Diagn Ther
embase|pubmed,38942174,10.1016/j.jviromet.2024.114991,2033064404,,,Diagnostic accuracy of Dengue NS1 lateral flow immunoassay in comparison to reverse transcriptase polymerase chain reaction and enzyme linked Immunosorbent Assay.,2024,J Virol Methods
embase|pubmed,38793670,10.3390/v16050788,2029949483,,,Comparison of Five Serological Methods for the Detection of West Nile Virus Antibodies.,2024,Viruses
pubmed,38681627,10.1016/j.heliyon.2024.e29329,,,,Development of an Enzyme-Linked Immunosorbent Assay (ELISA) as a tool to detect NS1 of dengue virus serotype 2 in female Aedes aegypti eggs for the surveillance of dengue fever transmission.,2024,Heliyon
embase|pubmed,38518559,10.1016/j.bios.2024.116218,2031169158,,,Urinary dengue NS1 detection on Au-decorated ZnO nanowire platform.,2024,Biosens Bioelectron
embase|pubmed,38503028,10.1016/j.diagmicrobio.2024.116227,2031098346,,,Systematic review and meta-analysis: assessing the accuracy of rapid immunochromatographic tests in dengue diagnosis.,2024,Diagn Microbiol Infect Dis
pubmed,38482314,10.4103/jfmpc.jfmpc_1171_23,,,,A comparative study of NS1 and IgM using enzyme-linked immunosorbent assay and immunochromatography test for detection of dengue.,2024,J Family Med Prim Care
embase|pubmed,38436801,10.1007/s00604-024-06259-7,643653507,,,Point-of-care dengue detection: polydopamine-modified electrode for rapid NS1 protein testing for clinical samples.,2024,Mikrochim Acta
embase|pubmed,38345251,10.3791/66130,643490041,,,Portable Paper-Based Immunoassay Combined with Smartphone Application for Colorimetric and Quantitative Detection of Dengue NS1 Antigen.,2024,J Vis Exp
embase|pubmed,38313186,10.25122/jml-2022-0300,643422206,,,Non-structural protein 1 and hematology parameters as predictors of dengue virus infection severity in Indonesia.,2023,J Med Life
embase|pubmed,38291109,10.1038/s41598-024-52123-2,643377935,,,Development of a quantitative NS1 antigen enzyme-linked immunosorbent assay (ELISA) for Zika virus detection using a novel virus-specific mAb.,2024,Sci Rep
embase|pubmed,38257751,10.3390/v16010050,2028106780,,,Diagnosis of Imported Dengue and Zika Virus Infections in Italy from November 2015 to November 2022: Laboratory Surveillance Data from a National Reference Laboratory.,2023,Viruses
pubmed,38005845,10.3390/v15112167,,,,Direct Dengue Virus Genome Sequencing from Antigen NS1 Rapid Diagnostic Tests: A Proof-of-Concept with the Standard Q Dengue Duo Assay.,2023,Viruses
embase|pubmed,37963312,10.1097/inf.0000000000004163,2029914088,,,NS1-Specific Antibody Response Facilitates the Identification of Children With Dengue and Zika in Hyperendemic Areas.,2024,Pediatr Infect Dis J
embase|pubmed,37780908,10.1007/s13337-023-00831-0,2024623409,,,Utility of CDC DENV1-4 real time PCR assay and trioplex assay for the diagnosis of dengue in patients with acute febrile illness.,2023,Virusdisease
pubmed,37767431,10.4103/jfmpc.jfmpc_1176_22,,,,Seroprevalence and incidence of primary dengue infection and its correlation with fetomaternal prognosis in Western Rajasthan.,2023,J Family Med Prim Care
embase|pubmed,37766342,10.3390/v15091936,2025691801,,,Multi-epitope Antigen for Specific Serological Detection of Dengue Viruses.,2023,Viruses
embase|pubmed,37766300,10.3390/v15091894,2025691658,,,Advanced Detection Method for Dengue NS1 Protein Using Ultrasensitive ELISA with Thio-NAD Cycling.,2023,Viruses
pubmed,37647515,10.1021/acs.analchem.3c01363,,,,Designing Quantum Capacitive Peptide Interfaces for Electroanalytical Applications.,2023,Anal Chem
embase|pubmed,37573050,10.1016/j.ijmmb.2023.100376,2025007339,,,Prospective study to compare results of FIA (fluorescent immunoassay) test with gold standard ELISA test in Dengue NS1 patients admitted in a tertiary care hospital.,2023,Indian J Med Microbiol
embase|pubmed,37554332,10.3389/fimmu.2023.1202055,2024843837,,,Identification of prior dengue-naïve Dengvaxia recipients with an increased risk for symptomatic dengue during fever surveillance in the Philippines.,2023,Front Immunol
embase|pubmed,37499611,10.1016/j.psj.2023.102926,641895413,,,Linear epitope identification of monoclonal antibodies against the duck Tembusu virus NS1.,2023,Poult Sci
embase|pubmed,37427537,10.1039/d3nr01858j,641770555,,,Development of a thermochromic lateral flow assay to improve sensitivity for dengue virus serotype 2 NS1 detection.,2023,Nanoscale
pubmed,37417532,10.1080/14737159.2023.2234815,,,,Diagnostic approaches for dengue infection.,2023,Expert Rev Mol Diagn
embase|pubmed,37263391,10.1016/j.jim.2023.113503,2024825269,,,Expression of recombinant dengue virus type 1 non-structural protein 1 in mammalian cells and preliminary assessment of its suitability to detect human IgG antibodies elicited by viral infection.,2023,J Immunol Methods
embase|pubmed,37261378,10.1155/2023/3995366,2024965533,,,Diagnosis of Acute Dengue Virus Infection Using Enzyme-Linked Immunosorbent Assay and Real-Time PCR.,2023,Can J Infect Dis Med Microbiol
embase|pubmed,37200264,10.1371/journal.pone.0285878,2024676142,,,A nonstructural protein 1 capture enzyme-linked immunosorbent assay specific for dengue viruses.,2023,PLoS One
embase|pubmed,37130982,10.1007/s11306-023-02011-z,2023045756,,,Integrated clinical and metabolomic analysis of dengue infection shows molecular signatures associated with host-pathogen interaction in different phases of the disease.,2023,Metabolomics
embase|pubmed,37112887,10.3390/v15040904,2023008938,,,Laboratory Evaluation and Field Testing of Dengue NS1 and IgM/IgG Rapid Diagnostic Tests in an Epidemic Context in Senegal.,2023,Viruses
embase|pubmed,37036441,10.1080/08820139.2023.2195432,2022468801,,,Production and Characterization of Two Specific ZIKV Antigens Based on Bioinformatic Analysis and Serological Screening.,2023,Immunol Invest
embase|pubmed,36992364,10.3390/v15030654,2022315219,,,Identification of Zika Virus NS1-Derived Peptides with Potential Applications in Serological Tests.,2023,Viruses
embase|pubmed,36980445,10.3390/diagnostics13061137,2022294092,,,"Performance of VIDAS(®) Diagnostic Tests for the Automated Detection of Dengue Virus NS1 Antigen and of Anti-Dengue Virus IgM and IgG Antibodies: A Multicentre, International Study.",2023,Diagnostics (Basel)
embase|pubmed,36888805,10.17843/rpmesp.2022.394.11471,2022854421,,,Diagnostic performance of the rapid test for the detection of NS1 antigen and IgM and IgG anti-antibodies against dengue virus.,2022,Rev Peru Med Exp Salud Publica
embase|pubmed,36828533,10.3390/tropicalmed8020117,2021805654,,,Diagnostic Performance of Dengue NS1 and Antibodies by Serum Concentration Technique.,2023,Trop Med Infect Dis
embase|pubmed,36548675,10.3390/tropicalmed7120420,2020734688,,,"Analysis of a Dengue Virus Outbreak in Rosso, Senegal 2021.",2022,Trop Med Infect Dis
pubmed,36512513,10.1021/acs.analchem.2c03521,,,,Spin-Enhanced Lateral Flow Immunoassay for High-Sensitivity Detection of Nonstructural Protein NS1 Serotypes of the Dengue Virus.,2022,Anal Chem
embase|pubmed,36426952,10.4049/jimmunol.2200251,2021402168,,,Generation of a Large Repertoire of Monoclonal Antibodies against Dengue Virus NS1 Antigen and the Development of a Novel NS1 Detection Enzyme-Linked Immunosorbent Assay.,2022,J Immunol
embase|pubmed,36355890,10.3390/tropicalmed7110348,2021951711,,,Development of an Anti-Zika and Anti-Dengue IgM ELISA Assay: Evaluation of Cross Reactivity and Validation.,2022,Trop Med Infect Dis
pubmed,36303183,10.1186/s12985-022-01904-0,,,,"Performance of the onstructural 1 Antigen Rapid Test for detecting all four DENV serotypes in clinical specimens from Bangkok, Thailand.",2022,Virol J
pubmed,36298682,10.3390/v14102127,,,,"Assessment of Dengue and Chikungunya Infections among Febrile Patients Visiting Four Healthcare Centres in Yaoundé and Dizangué, Cameroon.",2022,Viruses
embase|pubmed,36287995,10.3390/tropicalmed7100254,2019762263,,,Combining Immunoassays to Identify Zika Virus Infection in Dengue-Endemic Areas.,2022,Trop Med Infect Dis
embase|pubmed,36241653,10.1038/s41598-022-21581-x,639280212,,,A performance comparison between fluorescent immunoassay and immunochromatography for rapid dengue detection in clinical specimens.,2022,Sci Rep
pubmed,36194728,10.1021/acs.analchem.2c02012,,,,Detection of Dengue Virus 2 with Single Infected Mosquito Resolution Using Yeast Affinity Bionanofragments and Plasmonic SERS Nanoboxes.,2022,Anal Chem
embase|pubmed,35988010,10.1007/s10096-022-04485-6,2018719415,,,A systematic review and meta-analysis on the accuracy of rapid immunochromatographic tests for dengue diagnosis.,2022,Eur J Clin Microbiol Infect Dis
embase|pubmed,35886607,10.3390/ijerph19148756,2018305711,,,Diagnostic Accuracy of Various Immunochromatographic Tests for NS1 Antigen and IgM Antibodies Detection in Acute Dengue Virus Infection.,2022,Int J Environ Res Public Health
pubmed,35811081,10.1016/j.ijid.2022.07.013,,,,"COVID-19 serum can be cross-reactive and neutralizing against the dengue virus, as observed by the dengue virus neutralization test.",2022,Int J Infect Dis
embase|pubmed,35747186,10.1016/j.eclinm.2022.101478,2018632683,,,Evaluation of Zika rapid tests as aids for clinical diagnosis and epidemic preparedness.,2022,EClinicalMedicine
embase|pubmed,35708411,10.4103/0972-9062.328975,638270133,,,Detection of recombinant dengue virus 2 NS1 protein in Aedes aegypti mosquitoes using commercial Dengue NS1 ELISA kit.,2022,J Vector Borne Dis
pubmed,35685859,10.48327/mtsi.2021.183,,,,[Prevalence of dengue fever in patients with febrile syndrome at the Sylvanus Olympio Teaching Hospital of Lomé (Togo) in 2017].,2021,Med Trop Sante Int
embase|pubmed,35604130,10.1128/spectrum.00711-21,2019045577,,,Performance Evaluation of a Dengue IgG Rapid Diagnostic Test Designed to Determine Dengue Serostatus as Part of Prevaccination Screening.,2022,Microbiol Spectr
embase|pubmed,35507552,10.1371/journal.pntd.0010365,2016959908,,,Combining rapid diagnostic tests to estimate primary and post-primary dengue immune status at the point of care.,2022,PLoS Negl Trop Dis
pubmed,35497567,10.1039/d1ra05009e,,,,LSPR based on-chip detection of dengue NS1 antigen in whole blood.,2021,RSC Adv
embase|pubmed,35397074,10.1007/s10096-022-04441-4,2015582260,,,Non-structural protein 1 (NS1) variants from dengue virus clinical samples revealed mutations that influence NS1 production and secretion.,2022,Eur J Clin Microbiol Infect Dis
embase|pubmed,35389998,10.1371/journal.pntd.0010266,2016585199,,,Smartphone multiplex microcapillary diagnostics using Cygnus: Development and evaluation of rapid serotype-specific NS1 detection with dengue patient samples.,2022,PLoS Negl Trop Dis
pubmed,35313403,10.4103/aam.aam_72_20,,,,"Dengue seropositivity among blood donors in a tertiary hospital in Kerala, Southern India.",2022,Ann Afr Med
pubmed,35222574,10.4314/ahs.v21i3.20,,,,A comparative study of serological diagnosis of Dengue outbreak 2019.,2021,Afr Health Sci
embase|pubmed,35074951,10.4103/0972-9062.321747,637157388,,,Diagnostic accuracy of commercially available immunochromatographic rapid tests for diagnosis of dengue in India.,2021,J Vector Borne Dis
embase|pubmed,35001928,10.47665/tb.38.4.105,637034985,,,Evaluation of commercial serological assays in Malaysia for detection of anti-Zika virus antibodies.,2021,Trop Biomed
pubmed,34931760,10.1002/kjm2.12490,,,,Evaluation of a new NS1 rapid diagnostic test using a single acute-phase serum panel collected during the largest dengue outbreak in Taiwan history in 2015.,2022,Kaohsiung J Med Sci
pubmed,34929668,10.4269/ajtmh.20-1651,,,,Capacity of a Multiplex IgM Antibody Capture ELISA to Differentiate Zika and Dengue Virus Infections in Areas of Concurrent Endemic Transmission.,2021,Am J Trop Med Hyg
pubmed,34926034,10.7759/cureus.19516,,,,Severe Dengue With Multisystem Inflammatory Syndrome in Children Due to COVID-19: A Co-infection Case Series.,2021,Cureus
embase|pubmed,34883813,10.3390/s21237809,636870110,,,Development of a Dengue Virus Serotype-Specific Non-Structural Protein 1 Capture Immunochromatography Method.,2021,Sensors (Basel)
embase|pubmed,34880307,10.1038/s41598-021-02965-x,636864753,,,Dengue NS1 antigen kit shows high sensitivity for detection of recombinant dengue virus-2 NS1 antigen spiked with Aedes aegypti mosquitoes.,2021,Sci Rep
embase|pubmed,34854666,10.1021/acssensors.1c01524,636839090,,,Gravity-Driven Microfluidic Siphons: Fluidic Characterization and Application to Quantitative Immunoassays.,2021,ACS Sens
embase|pubmed,34733567,10.3126/nje.v11i3.37712,2015179022,,,"Clinical and Molecular facets of Dengue Virus infection from Bengaluru, South India.",2021,Nepal J Epidemiol
embase|pubmed,34724872,10.1080/15321819.2021.1984252,2014110377,,,Comparison of two rapid test kits with real time polymerase chain reaction for early diagnosis of dengue in Sri Lanka.,2022,J Immunoassay Immunochem
pubmed,34709642,10.1007/978-1-0716-1879-0_12,,,,Serological Diagnosis of Dengue.,2022,Methods Mol Biol
embase|pubmed,34583255,10.1016/j.cyto.2021.155713,2014748264,,,The relationship between changes in IL-2 / IL-18 and liver enzyme with dengue severity.,2021,Cytokine
embase|pubmed,34555500,10.1016/j.ijid.2021.09.009,2015098555,,,NS1-based ELISA test efficiently detects dengue infections without cross-reactivity with Zika virus.,2021,Int J Infect Dis
embase|pubmed,34504185,10.1038/s41598-021-97339-8,636106100,,,Competitive ELISA for a serologic test to detect dengue serotype-specific anti-NS1 IgGs using high-affinity UB-DNA aptamers.,2021,Sci Rep
embase|pubmed,34372606,10.3390/v13071401,2013070570,,,Laboratory Findings in Patients with Probable Dengue Diagnosis from an Endemic Area in Colombia in 2018.,2021,Viruses
embase|pubmed,34359311,10.3390/diagnostics11071228,2007852145,,,Evaluation of VIDAS(®) Diagnostic Assay Prototypes Detecting Dengue Virus NS1 Antigen and Anti-Dengue Virus IgM and IgG Antibodies.,2021,Diagnostics (Basel)
embase|pubmed,34293361,10.1016/j.ijbiomac.2021.07.083,2013673395,,,"Non-structural protein 1 from Zika virus: Heterologous expression, purification, and potential for diagnosis of Zika infections.",2021,Int J Biol Macromol
pubmed,34290707,10.3389/fimmu.2021.686691,,,,"Dynamics of the Magnitude, Breadth and Depth of the Antibody Response at Epitope Level Following Dengue Infection.",2021,Front Immunol
embase|pubmed,34280138,10.4269/ajtmh.21-0134,2015096300,,,Serological Differences after Acute Zika Virus Infections between Children and Adults: Implication for Use of a Serological Test.,2021,Am J Trop Med Hyg
embase|pubmed,34280136,10.4269/ajtmh.20-1558,2014691321,,,Performance of a New Microfluidic Dengue NS1 Immuno-magnetic Agglutination Assay for the Rapid Diagnosis of Dengue Infection in Adults.,2021,Am J Trop Med Hyg
pubmed,34232731,10.1128/jvi.00619-21,,,,"Identification of Anti-Premembrane Antibody as a Serocomplex-Specific Marker To Discriminate Zika, Dengue, and West Nile Virus Infections.",2021,J Virol
pubmed,34201849,10.3390/bios11070206,,,,Dengue Detection: Advances in Diagnostic Tools from Conventional Technology to Point of Care.,2021,Biosensors (Basel)
embase|pubmed,34193660,10.7883/yoken.jjid.2020.1109,2015645307,,,Development and Evaluation of Two Double-Antibody Sandwich ELISAs for Detecting Severe Fever with Thrombocytopenia Syndrome Virus Infection.,2022,Jpn J Infect Dis
embase|pubmed,34104155,10.12669/pjms.37.3.3369,2006812448,,,Screening of ZIKA virus infection among dengue-like illness patients with negative RT-PCR for dengue virus in Punjab - Pakistan.,2021,Pak J Med Sci
embase|pubmed,34014983,10.1371/journal.pntd.0009445,2007395259,,,Rapid testing requires clinical evaluation for accurate diagnosis of dengue disease: A passive surveillance study in Southern Malaysia.,2021,PLoS Negl Trop Dis
embase|pubmed,33919324,10.3390/diagnostics11050741,2007317684,,,Comparable Accuracies of Nonstructural Protein 1- and Envelope Protein-Based Enzyme-Linked Immunosorbent Assays in Detecting Anti-Dengue Immunoglobulin G Antibodies.,2021,Diagnostics (Basel)
embase|pubmed,33900180,10.3201/eid2705.190121,2011962526,,,"Engineered NS1 for Sensitive, Specific Zika Virus Diagnosis from Patient Serology.",2021,Emerg Infect Dis
pubmed,33835996,10.12659/ajcr.928865,,,,False-Positive Nonstructural Protein 1 Antigen in a Patient with Philadelphia Chromosome-Positive Acute Lymphoblastic Leukemia: A Case Report with Literature Review.,2021,Am J Case Rep
embase|pubmed,33793682,10.1371/journal.pone.0249602,2011629000,,,Rapid diagnostic tests for the detection of recent dengue infections: An evaluation of six kits on clinical specimens.,2021,PLoS One
pubmed,33782214,10.4269/ajtmh.20-1449,,,,Comparison of Anti-Dengue and Anti-Zika IgG on a Plasmonic Gold Platform with Neutralization Testing.,2021,Am J Trop Med Hyg
embase|pubmed,33635874,10.1371/journal.pntd.0009065,2006792194,,,High performance dengue virus antigen-based serotyping-NS1-ELISA (plus): A simple alternative approach to identify dengue virus serotypes in acute dengue specimens.,2021,PLoS Negl Trop Dis
embase|pubmed,33533869,10.1590/0074-02760200287,634186023,,,Dengue diagnostics: serious inaccuracies are likely to occur if pre-analytical conditions are not strictly followed.,2021,Mem Inst Oswaldo Cruz
pubmed,33475609,10.47391/jpma.1038,,,,Frequency of Dengue Virus Serotype 1 in Lahore by In-house assay.,2020,J Pak Med Assoc
embase|pubmed,33421159,10.1002/jmv.26790,2010496586,,,Detection and confirmation of dengue pre- and postintroduction of dengue NS1-antigen test at the University Malaya Medical Centre: An observational study.,2021,J Med Virol
embase|pubmed,33245437,10.1007/s00705-020-04892-0,633539047,,,Use of whole blood over plasma enhances the detection of dengue virus RNA: possible utility in dengue vaccine trials.,2021,Arch Virol
pubmed,33241785,10.4269/ajtmh.20-0795,,,,Zika Virus Disease Comparing Children and Adults in a Dengue-Endemic Setting.,2020,Am J Trop Med Hyg
embase|pubmed,33228680,10.1186/s12936-020-03502-3,2007355315,,,Performance evaluation of machine learning-based infectious screening flags on the HORIBA Medical Yumizen H550 Haematology Analyzer for vivax malaria and dengue fever.,2020,Malar J
embase|pubmed,33212068,10.1016/s1473-3099(20)30695-2,2010241153,,,Accuracy and efficacy of pre-dengue vaccination screening for previous dengue infection with five commercially available immunoassays: a retrospective analysis of phase 3 efficacy trials.,2021,Lancet Infect Dis
embase|pubmed,33180784,10.1371/journal.pntd.0008747,2005927892,,,Performance of molecular and serologic tests for the diagnosis of scrub typhus.,2020,PLoS Negl Trop Dis
pubmed,33176708,10.1186/s12879-020-05568-5,,,,Dengue in Western Uganda: a prospective cohort of children presenting with undifferentiated febrile illness.,2020,BMC Infect Dis
embase|pubmed,33169584,10.13345/j.cjb.200117,633392751,,,[Development and characterization of serotype-specific monoclonal antibodies against Dengue virus NS1].,2020,Sheng Wu Gong Cheng Xue Bao
embase|pubmed,33106679,10.1038/s41596-020-0390-9,2007071190,,,Label-free capacitive assaying of biomarkers for molecular diagnostics.,2020,Nat Protoc
pubmed,33017959,10.1109/embc44109.2020.9176003,,,,Optimal Scree-CNN for Detecting NS1 Molecular Fingerprint from Salivary SERS Spectra.,2020,Annu Int Conf IEEE Eng Med Biol Soc
embase|pubmed,33008118,10.3390/v12101114,2008030164,,,Expansion and Refinement of Deep Sequence-Coupled Biopanning Technology for Epitope-Specific Antibody Responses in Human Serum.,2020,Viruses
embase|pubmed,32991592,10.1371/journal.pone.0239710,2008017864,,,Evaluation of rapid diagnostic tests to detect dengue virus infections in Taiwan.,2020,PLoS One
embase|pubmed,32964929,10.1093/trstmh/traa088,2010109087,,,"Combined score based on arterial lactate, aspartate transaminase and prolonged capillary refill time is a useful diagnostic criterion for identifying severe dengue.",2020,Trans R Soc Trop Med Hyg
embase|pubmed,32925941,10.1371/journal.pntd.0008603,2005179858,,,Comparison of dengue case classification schemes and evaluation of biological changes in different dengue clinical patterns in a longitudinal follow-up of hospitalized children in Cambodia.,2020,PLoS Negl Trop Dis
embase|pubmed,32841419,10.1002/jmv.26455,2006953186,,,Preparation and application of yellow fever virus NS1 protein-specific monoclonal antibodies.,2021,J Med Virol
embase|pubmed,32832567,10.1155/2020/1820325,2007521830,,,Detection of Dengue Virus-Specific IgM and IgG Antibodies through Peptide Sequences of Envelope and NS1 Proteins for Serological Identification.,2020,J Immunol Res
embase|pubmed,32829138,10.1016/j.jcv.2020.104584,2007510928,,,High specificity of OraQuick® rapid HIV-1/2 antibody testing during dengue infection.,2020,J Clin Virol
embase|pubmed,32762658,10.1186/s12879-020-05248-4,632556826,,,Point-of-care thrombocyte function testing using multiple-electrode aggregometry in dengue patients: an explorative study.,2020,BMC Infect Dis
embase|pubmed,32731875,10.1186/s12985-020-01389-9,632502347,,,"Association of genotype III of dengue virus serotype 3 with disease outbreak in Eastern Sudan, 2019.",2020,Virol J
pubmed,32714016,10.1016/j.sjbs.2020.06.018,,,,Surface plasmon resonance analysis for detecting non-structural protein 1 of dengue virus in Indonesia.,2020,Saudi J Biol Sci
embase|pubmed,32659449,10.1016/j.ijid.2020.07.008,2007542194,,,"Performance of rapid tests in the management of dengue fever imported cases in Lazio, Italy 2014-2019.",2020,Int J Infect Dis
embase|pubmed,32656109,10.18683/germs.2020.1193,2004504554,,,A case report of acute disseminated encephalomyelitis following severe dengue in a child.,2020,Germs
embase|pubmed,32655070,10.4103/0972-9062.289392,632606658,,,Assessment of NS1 protein as an early diagnostic marker for Kyasanur forest disease virus.,2019,J Vector Borne Dis
embase|pubmed,32611971,10.7883/yoken.jjid.2019.431,2005853762,,,"Circulation of Various Dengue Serotypes in a Community-Based Study in Jakarta, Indonesia.",2021,Jpn J Infect Dis
embase|pubmed,32579555,10.1371/journal.pntd.0008203,2004651973,,,Serotype-specific detection of dengue viruses in a nonstructural protein 1-based enzyme-linked immunosorbent assay validated with a multi-national cohort.,2020,PLoS Negl Trop Dis
pubmed,32554305,10.1016/j.jcv.2020.104509,,,,"Triple positivity for nonstructural antigen 1, immunoglobulin M and immunoglobulin G is predictive of severe thrombocytopaenia related to dengue infection.",2020,J Clin Virol
embase|pubmed,32520127,10.1590/0102-311x00225618,632046808,,,Rapid immunochromatographic tests for the diagnosis of dengue: a systematic review and meta-analysis.,2020,Cad Saude Publica
embase|pubmed,32517281,10.3390/diagnostics10060379,2006836771,,,NS1 Recombinant Proteins Are Efficiently Produced in Pichia pastoris and Have Great Potential for Use in Diagnostic Kits for Dengue Virus Infections.,2020,Diagnostics (Basel)
embase|pubmed,32491129,10.1590/0001-3765202020190883,631970080,,,"Immunological Memory to Zika Virus in a University Community in Colombia, South America.",2020,An Acad Bras Cienc
pubmed,32484863,10.1093/trstmh/traa027,,,,Correlation of serostatus and viraemia levels among Indian dengue patients at the time of first diagnosis.,2020,Trans R Soc Trop Med Hyg
embase|pubmed,32478506,10.1021/acsnano.9b09049,631955459,,,Repurposing Old Antibodies for New Diseases by Exploiting Cross-Reactivity and Multicolored Nanoparticles.,2020,ACS Nano
pubmed,32426600,10.1021/acsomega.0c00367,,,,Capture-Layer Lateral Flow Immunoassay: A New Platform Validated in the Detection and Quantification of Dengue NS1.,2020,ACS Omega
pubmed,36132417,10.1039/d0na00251h,,,,A magnetic immunoconjugate nanoplatform for easy colorimetric detection of the NS1 protein of dengue virus in infected serum.,2020,Nanoscale Adv
embase|pubmed,32418268,10.1002/jmv.26024,2006821274,,,A novel anti-NS2BNS3pro antibody-based indirect ELISA test for the diagnosis of dengue virus infections.,2021,J Med Virol
embase|pubmed,32182271,10.1371/journal.pone.0230337,2005259912,,,"Assessment of diagnostic and analytic performance of the SD Bioline Dengue Duo test for dengue virus (DENV) infections in an endemic area (Savannakhet province, Lao People's Democratic Republic).",2020,PLoS One
embase|pubmed,32164538,10.1186/s12879-020-4911-5,631199594,,,Diagnostic accuracy and utility of three dengue diagnostic tests for the diagnosis of acute dengue infection in Malaysia.,2020,BMC Infect Dis
embase|pubmed,32134017,10.4103/ijmr.ijmr_613_18,631162370,,,Comparative assessment of commercial enzyme-linked immunosorbent assay & rapid diagnostic tests used for dengue diagnosis in India.,2020,Indian J Med Res
embase|pubmed,32107080,10.1016/j.pathol.2020.01.438,2005055481,,,Fever in the returned traveller: the utility of the Platelia Dengue NS1 antigen enzyme immunoassay for the diagnosis of dengue in a non-endemic setting.,2020,Pathology
embase|pubmed,32069280,10.1371/journal.pntd.0008082,2003981762,,,Evaluation of a novel microfluidic immuno-magnetic agglutination assay method for detection of dengue virus NS1 antigen.,2020,PLoS Negl Trop Dis
embase|pubmed,32005065,10.21037/apm.2019.12.11,630793771,,,"A survey of clinical and laboratory characteristics of dengue fever epidemic from 2014 to 2018 in Guangzhou, China.",2020,Ann Palliat Med
embase|pubmed,31995566,10.1371/journal.pntd.0008039,2004642121,,,Comparative specificity and sensitivity of NS1-based serological assays for the detection of flavivirus immune response.,2020,PLoS Negl Trop Dis
pubmed,31967302,10.1093/infdis/jiaa018,,,,Using NS1 Flavivirus Protein Microarray to Infer Past Infecting Dengue Virus Serotype and Number of Past Dengue Virus Infections in Vietnamese Individuals.,2021,J Infect Dis
pubmed,31954721,10.1016/j.bjid.2019.12.004,,,,Diagnostic parameters and reliability of four rapid immunochromatographic tests for dengue 4.,2020,Braz J Infect Dis
embase|pubmed,31945940,10.1109/embc.2019.8856427,630649014,,,Reduced Featured k-NN Classifier Model Optimal for Classification of Dengue Fever from Salivary Raman Spectra.,2019,Annu Int Conf IEEE Eng Med Biol Soc
embase|pubmed,31893321,10.1186/s13568-019-0926-y,2003963322,,,Optimization and scale-up production of Zika virus ΔNS1 in Escherichia coli: application of Response Surface Methodology.,2019,AMB Express
embase|pubmed,31819129,10.1038/s41598-019-55160-4,630119325,,,The inability of a dengue NS1 ELISA to detect Zika infections.,2019,Sci Rep
embase|pubmed,31798807,10.4314/mmj.v30i4.11,630060447,,,"A cross sectional study of dengue virus infection in febrile patients presumptively diagnosed of malaria in Maiduguri and Jos plateau, Nigeria.",2018,Malawi Med J
embase|pubmed,31710119,10.1111/1348-0421.12757,2004056350,,,A synthetic peptide analog of in silico-predicted immunogenic epitope unique to dengue virus serotype 2 NS1 antigen specifically binds immunoglobulin G antibodies raised in rabbits.,2020,Microbiol Immunol
embase|pubmed,31616598,10.7717/peerj.7852,629668094,,,"Characterization of dengue cases among patients with an acute illness, Central Department, Paraguay.",2019,PeerJ
embase|pubmed,31562846,10.1016/j.actatropica.2019.105201,2003315476,,,Serological tests reveal significant cross-reactive human antibody responses to Zika and Dengue viruses in the Mexican population.,2020,Acta Trop
embase|pubmed,31552611,10.1007/s12250-019-00160-x,2003420641,,,Development and Evaluation of a Universal and Supersensitive NS1-Based Luciferase Immunosorbent Assay to Detect Zika Virus-Specific IgG.,2020,Virol Sin
embase|pubmed,31487279,10.1371/journal.pntd.0007047,2003458892,,,"Dengue and chikungunya among outpatients with acute undifferentiated fever in Kinshasa, Democratic Republic of Congo: A cross-sectional study.",2019,PLoS Negl Trop Dis
embase|pubmed,31442225,10.1371/journal.pntd.0007649,2003458864,,,A high-throughput and multiplex microsphere immunoassay based on non-structural protein 1 can discriminate three flavivirus infections.,2019,PLoS Negl Trop Dis
embase|pubmed,31416485,10.1186/s12985-019-1204-y,628923974,,,"Evaluation of novel rapid detection kits for dengue virus NS1 antigen in Dhaka, Bangladesh, in 2017.",2019,Virol J
embase|pubmed,31392955,10.4269/ajtmh.19-0270,2002851836,,,Use of a Blockade-of-Binding ELISA and Microneutralization Assay to Evaluate Zika Virus Serostatus in Dengue-Endemic Areas.,2019,Am J Trop Med Hyg
embase|pubmed,31372218,10.1002/cti2.1066,628675667,,,Novel differential linear B-cell epitopes to identify Zika and dengue virus infections in patients.,2019,Clin Transl Immunology
embase|pubmed,31240885,10.3343/alm.2019.39.6.566,628518663,,,Comparison of Six Commercial Diagnostic Tests for the Detection of Dengue Virus Non-Structural-1 Antigen and IgM/IgG Antibodies.,2019,Ann Lab Med
embase|pubmed,31090222,10.1002/jmv.25504,628614604,,,Epidemiological and clinical suspicion of congenital Zika virus infection: Serological findings in mothers and children from Brazil.,2019,J Med Virol
pubmed,30983805,10.4103/jlp.jlp_140_18,,,,Can rapid dengue diagnostic kits be trusted? A comparative study of commercially available rapid kits for serodiagnosis of dengue fever.,2019,J Lab Physicians
embase|pubmed,30971466,10.1128/jcm.00221-19,2002222253,,,Development of an Enzyme-Linked Immunosorbent Assay for Rapid Detection of Dengue Virus (DENV) NS1 and Differentiation of DENV Serotypes during Early Infection.,2019,J Clin Microbiol
embase|pubmed,30961645,10.1186/s13104-019-4250-z,627294172,,,Predictive value of persistent NS1 antigen positivity beyond 3rd day for dengue haemorrhagic fever in Sri Lankan children.,2019,BMC Res Notes
embase|pubmed,30865680,10.1371/journal.pone.0213451,2001700806,,,"Comparative evaluation of three dengue duo rapid test kits to detect NS1, IgM, and IgG associated with acute dengue in children in Myanmar.",2019,PLoS One
embase|pubmed,30840708,10.1371/journal.pone.0213301,2001674493,,,Accuracy of the SD BIOLINE Dengue Duo for rapid point-of-care diagnosis of dengue.,2019,PLoS One
embase|pubmed,30782365,10.1016/j.aca.2018.12.043,2001476710,,,Smartphone-based fluorescent lateral flow immunoassay platform for highly sensitive point-of-care detection of Zika virus nonstructural protein 1.,2019,Anal Chim Acta
embase|pubmed,30779938,10.1016/j.jviromet.2019.02.005,2001610529,,,Added value of IgA antibodies against Zika virus non-structural protein 1 in the diagnosis of acute Zika virus infections.,2019,J Virol Methods
embase|pubmed,30727040,10.1111/trf.15007,626314106,,,"Risk of transfusion-associated dengue: screening of blood donors from Pune, western India.",2019,Transfusion
embase|pubmed,30587193,10.1186/s12985-018-1105-5,625710560,,,Combination of ELISA screening and seroneutralisation tests to expedite Zika virus seroprevalence studies.,2018,Virol J
embase|pubmed,30562608,10.1016/j.jviromet.2018.12.005,2001406522,,,Recombinant DENV 2 NS5: An effective antigen for diagnosis of DENV infection.,2019,J Virol Methods
embase|pubmed,30541932,10.1128/jcm.01506-18,2001731277,,,Comprehensive Evaluation of Differential Serodiagnosis between Zika and Dengue Viral Infections.,2019,J Clin Microbiol
embase|pubmed,30429254,10.1128/jcm.01464-18,626206509,,,Combination of Nonstructural Protein 1-Based Enzyme-Linked Immunosorbent Assays Can Detect and Distinguish Various Dengue Virus and Zika Virus Infections.,2019,J Clin Microbiol
embase|pubmed,30342068,10.1016/j.jviromet.2018.10.011,2001236663,,,Validation of serological and molecular methods for diagnosis of zika virus infections.,2019,J Virol Methods
embase|pubmed,30335151,10.1093/infdis/jiy606,628002369,,,Highly Sensitive and Specific Zika Virus Serological Assays Using a Magnetic Modulation Biosensing System.,2019,J Infect Dis
embase|pubmed,30096193,10.1371/journal.pone.0202304,623480778,,,Comparison of two rapid diagnostic tests during a large dengue virus serotype 3 outbreak in the Solomon Islands in 2013.,2018,PLoS One
embase|pubmed,30087165,10.1128/mbio.00755-18,624497659,,,T Cell Responses to Nonstructural Protein 3 Distinguish Infections by Dengue and Zika Viruses.,2018,mBio
embase|pubmed,30029548,10.3390/v10070379,623142173,,,Comparative Evaluation of Indirect Immunofluorescence and NS-1-Based ELISA to Determine Zika Virus-Specific IgM.,2018,Viruses
embase|pubmed,29964076,10.1016/j.jviromet.2018.06.018,2000934551,,,Multi-laboratory comparison of three commercially available Zika IgM enzyme-linked immunosorbent assays.,2018,J Virol Methods
embase|pubmed,29947711,10.1590/0074-02760170433,623330825,,,Validation and reliability of the rapid diagnostic test 'SD Bioeasy Dengue Duo' for dengue diagnosis in Brazil: a phase III study.,2018,Mem Inst Oswaldo Cruz
embase|pubmed,29912689,10.3201/eid2407.171170,623218877,,,Use of Urea Wash ELISA to Distinguish Zika and Dengue Virus Infections.,2018,Emerg Infect Dis
embase|pubmed,33601826,,634346790,,,Evaluation of a commercial dengue combo rapid test kit for the detection of NS1 and IgM.,2018,Trop Biomed
embase|pubmed,29751761,10.1186/s12985-018-1000-0,622074285,,,"Evaluation of an immunochromatography rapid diagnosis kit for detection of chikungunya virus antigen in India, a dengue-endemic country.",2018,Virol J
embase|pubmed,29661824,10.4049/jimmunol.1701790,622441852,,,Development of Dengue Virus Serotype-Specific NS1 Capture Assays for the Rapid and Highly Sensitive Identification of the Infecting Serotype in Human Sera.,2018,J Immunol
pubmed,29609533,10.1186/s12879-018-3058-0,,,,Prolonged persistence of IgM against dengue virus detected by commonly used commercial assays.,2018,BMC Infect Dis
embase|pubmed,29567514,10.1016/j.jviromet.2018.03.007,623977423,,,Development of an anti-dengue NS1 IgG ELISA to evaluate exposure to dengue virus.,2018,J Virol Methods
embase|pubmed,29529852,10.3347/kjp.2018.56.1.61,621404495,,,Development of a Rapid Diagnostic Test Kit to Detect IgG/IgM Antibody against Zika Virus Using Monoclonal Antibodies to the Envelope and Non-structural Protein 1 of the Virus.,2018,Korean J Parasitol
embase|pubmed,29486726,10.1186/s12879-018-3012-1,620867751,,,Concurrent methicillin-resistant Staphylococcus aureus septicemia and pyomyositis in a patient with dengue hemorrhagic fever: a case report.,2018,BMC Infect Dis
pubmed,29429267,10.3760/cma.j.issn.0253-9624.2018.02.005,,,,[Comparison of Dengue viral nonstructural protein 1 antigen testing kits].,2018,Zhonghua Yu Fang Yi Xue Za Zhi
embase|pubmed,29409531,10.1186/s12985-018-0925-7,620541576,,,Development and characterization of serotype-specific monoclonal antibodies against the dengue virus-4 (DENV-4) non-structural protein (NS1).,2018,Virol J
embase|pubmed,29379526,10.1155/2017/4687182,620794266,,,Performance Evaluation of Commercial Dengue Diagnostic Tests for Early Detection of Dengue in Clinical Samples.,2017,J Trop Med
embase|pubmed,29305550,10.1128/jcm.01785-17,620927556,,,Comparison of Four Serological Methods and Two Reverse Transcription-PCR Assays for Diagnosis and Surveillance of Zika Virus Infection.,2018,J Clin Microbiol
embase|pubmed,29176643,10.1038/s41598-017-16231-6,628218056,,,Development of a quantitative NS1-capture enzyme-linked immunosorbent assay for early detection of yellow fever virus infection.,2017,Sci Rep
embase|pubmed,29167907,10.11622/smedj.2017100,619405269,,,Definitive tests for dengue fever: when and which should I use?,2017,Singapore Med J
embase|pubmed,29107414,10.1016/j.diagmicrobio.2017.09.001,618953908,,,Kinetics of anti-ZIKV antibodies after Zika infection using two commercial enzyme-linked immunoassays.,2018,Diagn Microbiol Infect Dis
embase|pubmed,29063886,10.4103/ijmm.ijmm_15_455,619007351,,,Evaluation of concurrent malaria and dengue infections among febrile patients.,2017,Indian J Med Microbiol
embase|pubmed,29020159,10.1093/cid/cix672,619398901,,,Distinguishing Secondary Dengue Virus Infection From Zika Virus Infection With Previous Dengue by a Combination of 3 Simple Serological Tests.,2017,Clin Infect Dis
embase|pubmed,28978319,10.1186/s12879-017-2764-3,618525442,,,Acute undifferentiated fever in India: a multicentre study of aetiology and diagnostic accuracy.,2017,BMC Infect Dis
embase|pubmed,28964768,10.1016/j.actatropica.2017.09.025,618514343,,,"Clinical, laboratory, and demographic determinants of hospitalization due to dengue in 7613 patients: A retrospective study based on hierarchical models.",2018,Acta Trop
embase|pubmed,28893984,10.1073/pnas.1708148114,618472395,,,"Nanoswitch-linked immunosorbent assay (NLISA) for fast, sensitive, and specific protein detection.",2017,Proc Natl Acad Sci U S A
embase|pubmed,28852878,10.1007/s00430-017-0517-y,618172787,,,Compensating for cross-reactions using avidity and computation in a suspension multiplex immunoassay for serotyping of Zika versus other flavivirus infections.,2017,Med Microbiol Immunol
embase|pubmed,28851293,10.1186/s12879-017-2679-z,618042616,,,Precisão e confiabilidade de um teste imuno-cromatográfico rápido NS1 para diagnóstico DENV-1 no ponto de atendimento e no laboratório.,2017,BMC Infect Dis
embase|pubmed,28831747,10.1007/s10096-017-3083-8,617952531,,,Prospective evaluation of the SD BIOLINE Dengue Duo rapid test during a dengue virus epidemic.,2017,Eur J Clin Microbiol Infect Dis
pubmed,28749765,10.4269/ajtmh.17-0003,,,,Generation and Characterization of Antinonstructural Protein 1 Monoclonal Antibodies and Development of Diagnostics for Dengue Virus Serotype 2.,2017,Am J Trop Med Hyg
embase|pubmed,28740517,10.1155/2017/8072491,617261065,,,Dengue Virus NS1 Protein as a Diagnostic Marker: Commercially Available ELISA and Comparison to qRT-PCR and Serological Diagnostic Assays Currently Used by the State of Florida.,2017,J Trop Med
embase|pubmed,28716913,10.1073/pnas.1704984114,617593572,,,Antibody-based assay discriminates Zika virus infection from other flaviviruses.,2017,Proc Natl Acad Sci U S A
embase|pubmed,28712153,10.1111/tmi.12931,618639321,,,Proteomic analysis reveals the enhancement of human serum apolipoprotein A-1(APO A-1) in individuals infected with multiple dengue virus serotypes.,2017,Trop Med Int Health
pubmed,28706387,10.4103/0974-2727.208265,,,,Comparison of nonstructural protein-1 antigen detection by rapid and enzyme-linked immunosorbent assay test and its correlation with polymerase chain reaction for early diagnosis of dengue.,2017,J Lab Physicians
embase|pubmed,28683141,10.1371/journal.pone.0180669,617170152,,,Isolation of serotype-specific antibodies against dengue virus non-structural protein 1 using phage display and application in a multiplexed serotyping assay.,2017,PLoS One
embase|pubmed,28620811,10.1007/s00705-017-3429-7,621526846,,,"Serological, molecular and clinical correlates of dengue from a tertiary care centre in Chennai, India.",2017,Arch Virol
embase|pubmed,28591316,10.1590/0074-02760160468,618035361,,,"Molecular detection of mixed infections with multiple dengue virus serotypes in suspected dengue samples in Tamaulipas, Mexico.",2017,Mem Inst Oswaldo Cruz
embase|pubmed,28505571,10.1016/j.jcv.2017.05.001,616109111,,,Re-evaluation of routine dengue virus serology in travelers in the era of Zika virus emergence.,2017,J Clin Virol
embase|pubmed,28389145,10.1016/j.diagmicrobio.2017.03.015,615342209,,,Serodiagnosis of dengue virus infection using commercially available antibody and NS1 antigen ELISAs.,2017,Diagn Microbiol Infect Dis
embase|pubmed,28367875,10.7883/yoken.jjid.2016.231,618509346,,,"Laboratory and Molecular Characterization of Dengue Viruses in a 2014 Outbreak in Guangfo Region, Southern China.",2017,Jpn J Infect Dis
embase|pubmed,28367194,10.12669/pjms.331.11237,614514319,,,"Evaluation of Non-Structural Protein-1(NS1) positive patients of 2013 dengue outbreak in Khyber Pakhtunkhwa, Pakistan.",2017,Pak J Med Sci
embase|pubmed,28284209,10.1186/s12879-017-2306-z,614737833,,,Increased sensitivity of NS1 ELISA by heat dissociation in acute dengue 4 cases.,2017,BMC Infect Dis
embase|pubmed,28274665,10.1016/j.pathol.2016.11.013,614667288,,,Introduction of a rapid diagnostic dengue NS1 antigen-IgM/IgG combination assay associated with a reduced inpatient length of stay.,2017,Pathology
pubmed,28148797,10.1128/jvi.02133-16,,,,Patterns of Cellular Immunity Associated with Experimental Infection with rDEN2Δ30 (Tonga/74) Support Its Suitability as a Human Dengue Virus Challenge Strain.,2017,J Virol
embase|pubmed,28094237,10.1016/j.ebiom.2017.01.008,614111851,,,A Multiplex Microsphere Immunoassay for Zika Virus Diagnosis.,2017,EBioMedicine
embase|pubmed,28052760,10.1186/s12879-016-2128-4,613947475,,,Evaluation of the importance of fever with respect to dengue prognosis according to the 2009 WHO classification: a retrospective study.,2017,BMC Infect Dis
embase|pubmed,28042883,10.1002/jmv.24764,614601433,,,Utility of dengue NS1 antigen rapid diagnostic test for use in difficult to reach areas and its comparison with dengue NS1 ELISA and qRT-PCR.,2017,J Med Virol
embase|pubmed,28006649,10.2807/1560-7917.es.2016.21.50.30426,613891485,,,"Serodiagnosis of Zika virus (ZIKV) infections by a novel NS1-based ELISA devoid of cross-reactivity with dengue virus antibodies: a multicohort study of assay performance, 2015 to 2016.",2016,Euro Surveill
embase|pubmed,27955870,10.1016/j.diagmicrobio.2016.09.020,613961106,,,Evaluation of a pan-serotype point-of-care rapid diagnostic assay for accurate detection of acute dengue infection.,2017,Diagn Microbiol Infect Dis
embase|pubmed,27955749,10.1016/j.apjtm.2016.10.007,613775551,,,NS1 antigen: A new beam of light in the early diagnosis of dengue infection.,2016,Asian Pac J Trop Med
embase|pubmed,27894268,10.1186/s12879-016-2053-6,613418873,,,Differentiating secondary from primary dengue using IgG to IgM ratio in early dengue: an observational hospital based clinico-serological study from North India.,2016,BMC Infect Dis
embase|pubmed,27834337,10.4103/0971-5916.193300,613166431,,,A novel indirect ELISA for diagnosis of dengue fever.,2016,Indian J Med Res
embase|pubmed,27347853,10.3201/eid2209.160725,612290823,,,Specificity of Dengue NS1 Antigen in Differential Diagnosis of Dengue and Zika Virus Infection.,2016,Emerg Infect Dis
embase|pubmed,27278716,10.1038/srep27663,621883496,,,The Use of NS1 Rapid Diagnostic Test and qRT-PCR to Complement IgM ELISA for Improved Dengue Diagnosis from Single Specimen.,2016,Sci Rep
embase|pubmed,27225409,10.1128/jcm.00521-16,611412440,,,Use of a Rapid Test for Diagnosis of Dengue during Suspected Dengue Outbreaks in Resource-Limited Regions.,2016,J Clin Microbiol
embase|pubmed,27190798,10.7860/jcdr/2016/15758.7562,609700097,,,Evaluation of NS1 Antigen Detection for Early Diagnosis of Dengue in a Tertiary Hospital in Southern India.,2016,J Clin Diagn Res
embase|pubmed,27185768,10.4269/ajtmh.15-0492,611570615,,,"Evaluation of Commercially Available Assays for Diagnosis of Acute Dengue in Schoolchildren During an Epidemic Period in Medellin, Colombia.",2016,Am J Trop Med Hyg
embase|pubmed,27184801,10.1186/s12879-016-1551-x,610362998,,,"Evaluation of the performances of six commercial kits designed for dengue NS1 and anti-dengue IgM, IgG and IgA detection in urine and saliva clinical specimens.",2016,BMC Infect Dis
embase|pubmed,27142330,10.1016/j.vaccine.2016.04.070,610229775,,,Introducing dengue vaccine: Implications for diagnosis in dengue vaccinated subjects.,2016,Vaccine
embase|pubmed,27102820,10.1016/j.vaccine.2016.04.028,610050100,,,Detection of dengue cases by serological testing in a dengue vaccine efficacy trial: Utility for efficacy evaluation and impact of future vaccine introduction.,2016,Vaccine
embase|pubmed,27086157,10.1016/j.apjtm.2016.03.010,609610786,,,"Dengue outbreak in Swat and Mansehra, Pakistan 2013: An epidemiological and diagnostic perspective.",2016,Asian Pac J Trop Med
embase|pubmed,27067800,10.1093/jme/tjw034,617578450,,,"Vector Surveillance for Dengue Virus Detection in the Archipelago of Fernando de Noronha, Brazil.",2016,J Med Entomol
embase|pubmed,27004576,,609171734,,,Comparative evaluation of validity and cost-benefit analysis of rapid diagnostic test (RDT) kits in diagnosis of dengue infection using composite reference criteria: A cross-sectional study from south India.,2016,J Vector Borne Dis
embase|pubmed,26991505,10.1002/jmv.24529,611516059,,,"Changing pattern of dengue virus serotypes circulating during 2008-2012 and reappearance of dengue serotype 3 may cause outbreak in Kolkata, India.",2016,J Med Virol
embase|pubmed,26984143,10.1093/infdis/jiw103,612012351,,,Performance of Dengue Diagnostic Tests in a Single-Specimen Diagnostic Algorithm.,2016,J Infect Dis
embase|pubmed,26941578,10.7150/ijms.13680,608551125,,,Macrophage Activation Syndrome-Associated Markers in Severe Dengue.,2016,Int J Med Sci
embase|pubmed,26927901,10.1371/journal.pntd.0004477,608697926,,,"Laboratory-Enhanced Dengue Sentinel Surveillance in Colombo District, Sri Lanka: 2012-2014.",2016,PLoS Negl Trop Dis
embase|pubmed,26867379,,611484854,,,EVALUATION OF A COMMERCIAL RAPID TEST KIT FOR DETECTION OF ACUTE DENGUE INFECTION.,2015,Southeast Asian J Trop Med Public Health
embase|pubmed,26822788,10.1186/s12879-016-1368-7,607946635,,,Accuracy of clinical criteria and an immunochromatographic strip test for dengue diagnosis in a DENV-4 epidemic.,2016,BMC Infect Dis
embase|pubmed,26709822,10.1371/journal.pntd.0004255,607461903,,,Cissampelos pareira Linn: Natural Source of Potent Antiviral Activity against All Four Dengue Virus Serotypes.,2015,PLoS Negl Trop Dis
embase|pubmed,26669014,,607636453,,,"Status of circulating immune complexes, IL8 titers and cryoglobulins in patients with dengue infection.",2015,Indian J Exp Biol
embase|pubmed,26610481,10.3390/ijms161126069,607020234,,,Establishment and Comparison of Two Different Diagnostic Platforms for Detection of DENV1 NS1 Protein.,2015,Int J Mol Sci
embase|pubmed,26599483,10.1016/j.bios.2015.11.030,608647181,,,Detection of dengue NS1 antigen using long-range surface plasmon waveguides.,2016,Biosens Bioelectron
embase|pubmed,26591143,,607542605,,,Catching Dengue Early: Clinical Features and Laboratory Markers of Dengue Virus Infection.,2015,J Assoc Physicians India
embase|pubmed,26499030,,610687644,,,The Dilemma of Reactive NS1 Antigen test in Dengue Fever.,2015,Indian Pediatr
embase|pubmed,26406240,10.1371/journal.pntd.0004100,606211305,,,Value of Routine Dengue Diagnostic Tests in Urine and Saliva Specimens.,2015,PLoS Negl Trop Dis
embase|pubmed,26293345,10.1186/s12879-015-1088-4,605664164,,,Evaluation of the diagnostic accuracy of nonstructural protein 1 Ag-based tests for dengue virus in Asian population: a meta-analysis.,2015,BMC Infect Dis
embase|pubmed,26260863,10.1016/j.jmii.2015.05.008,605554206,,,Improving dengue viral antigens detection in dengue patient serum specimens using a low pH glycine buffer treatment.,2017,J Microbiol Immunol Infect
embase|pubmed,26193930,10.1186/s12879-015-1022-9,605231739,,,Immunoglobulin G (IgG) to IgM ratio in secondary adult dengue infection using samples from early days of symptoms onset.,2015,BMC Infect Dis
embase|pubmed,26173484,10.1186/s12929-015-0164-9,605183096,,,"The performance of the SD BIOLINE Dengue DUO® rapid immunochromatographic test kit for the detection of NS1 antigen, IgM and IgG antibodies during a dengue type 1 epidemic in Jamaica.",2015,J Biomed Sci
embase|pubmed,26119545,,605121141,,,Comparison of E and NS1 antigens capture ELISA to detect dengue viral antigens from mosquitoes.,2015,J Vector Borne Dis
embase|pubmed,26118588,10.1002/jmv.24314,605233823,,,"Clinical evaluation of dengue RNA, NS1, and IgM for diagnosis of dengue in Southern China.",2016,J Med Virol
embase|pubmed,26070890,10.1016/j.jviromet.2015.06.003,605285738,,,Development and characterization of mouse monoclonal antibodies against monomeric dengue virus non-structural glycoprotein 1 (NS1).,2015,J Virol Methods
embase|pubmed,25597820,10.1038/srep07865,615317051,,,Electrical detection of dengue biomarker using egg yolk immunoglobulin as the biological recognition element.,2015,Sci Rep
embase|pubmed,25588659,10.1128/jcm.03042-14,603213042,,,Multicountry prospective clinical evaluation of two enzyme-linked immunosorbent assays and two rapid diagnostic tests for diagnosing dengue fever.,2015,J Clin Microbiol
embase|pubmed,25502522,10.1128/jcm.02735-14,601779096,,,Nonstructural protein 1-specific immunoglobulin M and G antibody capture enzyme-linked immunosorbent assays in diagnosis of flaviviral infections in humans.,2015,J Clin Microbiol
pubmed,25492656,10.5578/mb.8301,,,,"[Flavivirus seroepidemiology in blood donors in Mersin province, Turkey].",2014,Mikrobiyol Bul
embase|pubmed,25455901,10.1016/j.jviromet.2014.10.005,600311273,,,"Rapid detection and differentiation of dengue virus serotypes by NS1 specific reverse transcription loop-mediated isothermal amplification (RT-LAMP) assay in patients presenting to a tertiary care hospital in Hyderabad, India.",2015,J Virol Methods
embase|pubmed,25412170,10.1371/journal.pone.0113411,600550183,,,Evaluation of dengue NS1 antigen rapid tests and ELISA kits using clinical samples.,2014,PLoS One
embase|pubmed,25366086,10.1186/s12879-014-0570-8,601324216,,,Dengue NS1 antigen as a marker of severe clinical disease.,2014,BMC Infect Dis
embase|pubmed,25330157,10.1371/journal.pntd.0003171,601112936,,,Evaluation of commercially available diagnostic tests for the detection of dengue virus NS1 antigen and anti-dengue virus IgM antibody.,2014,PLoS Negl Trop Dis
embase|pubmed,25303282,10.1371/journal.pone.0108623,600125311,,,Development of a double antibody sandwich ELISA for West Nile virus detection using monoclonal antibodies against non-structural protein 1.,2014,PLoS One
embase|pubmed,25302194,10.7860/jcdr/2014/8589.4697,373797737,,,"NS1 Antigen Capture ELISA an Effective Method for Diagnosis of Early Dengue Infection - Report of an Outbreak at Angul District, Odisha, India.",2014,J Clin Diagn Res
embase|pubmed,25275493,10.1371/journal.pntd.0003193,601112978,,,Evaluation of a dengue NS1 antigen detection assay sensitivity and specificity for the diagnosis of acute dengue virus infection.,2014,PLoS Negl Trop Dis
embase|pubmed,25268134,10.1371/journal.pone.0108445,600079904,,,"Characteristics of a dengue outbreak in a remote pacific island chain--Republic of The Marshall Islands, 2011-2012.",2014,PLoS One
embase|pubmed,25253212,,604081352,,,"Comparison of NS1 antigen detection ELISA, real time RT-PCR and virus isolation for rapid diagnosis of dengue infection in acute phase.",2014,J Vector Borne Dis
embase|pubmed,25242312,10.1016/j.jcv.2014.08.021,600354548,,,Approach to non-invasive sampling in dengue diagnostics: exploring virus and NS1 antigen detection in saliva and urine of travelers with dengue.,2014,J Clin Virol
embase|pubmed,25229228,10.1590/s0036-46652014000500014,600050187,,,"False-negative dengue cases in Roraima, Brazil: an approach regarding the high number of negative results by NS1 ag kits.",2014,Rev Inst Med Trop Sao Paulo
embase|pubmed,25191051,10.4103/0974-777x.138504,373783989,,,Clinical applicability of various dengue diagnostic tests in resource-limited endemic settings.,2014,J Glob Infect Dis
embase|pubmed,25102066,10.1371/journal.pone.0103815,373700992,,,Performance of Simplexa dengue molecular assay compared to conventional and SYBR green RT-PCR for detection of dengue infection in Indonesia.,2014,PLoS One
embase|pubmed,24984164,10.1016/j.ijid.2014.02.002,373580302,,,NS1-based tests with diagnostic utility for confirming dengue infection: a meta-analysis.,2014,Int J Infect Dis
embase|pubmed,24779373,10.1186/1756-3305-7-205,372991080,,,Apropos: 'Preliminary evaluation on the efficiency of the kit Platelia Dengue NS1 Ag-ELISA to detect dengue virus in dried Aedes aegypti: a potential tool to improve dengue surveillance'.,2014,Parasit Vectors
pubmed,24751715,10.1371/journal.pone.0095263,,,,Development of VHH antibodies against dengue virus type 2 NS1 and comparison with monoclonal antibodies for use in immunological diagnosis.,2014,PLoS One
embase|pubmed,24747585,10.1016/j.jviromet.2014.02.031,373033763,,,A simple heat dissociation method increases significantly the ELISA detection sensitivity of the nonstructural-1 glycoprotein in patients infected with DENV type-4.,2014,J Virol Methods
embase|pubmed,24739838,10.4103/0377-4929.130905,372951897,,,Early dengue diagnosis by nonstructural protein 1 antigen detection: rapid immunochromotography versus two the enzyme-linked immunosorbent assay kits.,2014,Indian J Pathol Microbiol
embase|pubmed,24732134,10.1016/j.jim.2014.03.028,53109851,,,Dengue NS1 and prM antibodies increase the sensitivity of acute dengue diagnosis test and differentiate from Japanese encephalitis infection.,2014,J Immunol Methods
embase|pubmed,24728377,10.1371/journal.pone.0094655,372981390,,,A meta-analysis of the diagnostic accuracy of two commercial NS1 antigen ELISA tests for early dengue virus detection.,2014,PLoS One
embase|pubmed,24690324,10.1186/1756-3305-7-155,372952126,,,Preliminary evaluation on the efficiency of the kit Platelia Dengue NS1 Ag-ELISA to detect dengue virus in dried Aedes aegypti: a potential tool to improve dengue surveillance.,2014,Parasit Vectors
embase|pubmed,24657172,10.1016/j.diagmicrobio.2014.02.001,53062161,,,Detection of the dengue virus NS1 antigen using an enzyme immunoassay.,2014,Diagn Microbiol Infect Dis
embase|pubmed,24646519,10.1371/journal.pone.0090037,372838736,,,Diagnosing dengue at the point-of-care: utility of a rapid combined diagnostic kit in Singapore.,2014,PLoS One
embase|pubmed,24639854,10.12669/pjms.301.4173,605587618,,,Evaluation of efficacy of various immunochromatographic rapid tests for dengue diagnosis.,2014,Pak J Med Sci
embase|pubmed,24571329,10.1186/1471-2334-13-611,52938485,,,Performance of commercial dengue NS1 ELISA and molecular analysis of NS1 gene of dengue viruses obtained during surveillance in Indonesia.,2013,BMC Infect Dis
embase|pubmed,24390973,10.1002/jmv.23879,52949429,,,NS1 antigen testing for the diagnosis of dengue in returned Israeli travelers.,2014,J Med Virol
embase|pubmed,24386498,10.1371/journal.pntd.0002580,372170402,,,Detection of serotype-specific antibodies to the four dengue viruses using an immune complex binding (ICB) ELISA.,2013,PLoS Negl Trop Dis
embase|pubmed,26852684,10.3390/diagnostics4040165,600788608,,,Screen Printed Carbon Electrode Based Electrochemical Immunosensor for the Detection of Dengue NS1 Antigen.,2014,Diagnostics (Basel)
embase|pubmed,24260501,10.1371/journal.pone.0080891,372407374,,,The diagnostic and prognostic value of dengue non-structural 1 antigen detection in a hyper-endemic region in Indonesia.,2013,PLoS One
embase|pubmed,24238889,10.1016/j.jcv.2013.10.021,52861509,,,Dengue-4 false negative results by Panbio® Dengue Early ELISA assay in Brazil.,2013,J Clin Virol
embase|pubmed,24161816,10.1016/j.jviromet.2013.10.019,370234202,,,Comparison of a commercial dengue IgM capture ELISA with dengue antigen focus reduction microneutralization test and the Centers for Disease Control dengue IgM capture-ELISA.,2014,J Virol Methods
embase|pubmed,24116697,,372802732,,,[Dengue fever cases in Czech workers returning from the Maldives].,2013,Epidemiol Mikrobiol Imunol
embase|pubmed,23871166,10.1016/j.jcv.2013.06.015,52684248,,,"Evaluation of laboratory tests for dengue diagnosis in clinical specimens from consecutive patients with suspected dengue in Belo Horizonte, Brazil.",2013,J Clin Virol
embase|pubmed,23843297,10.1002/adhm.201300150,372297410,,,Cellulose-based diagnostic devices for diagnosing serotype-2 dengue fever in human serum.,2014,Adv Healthc Mater
embase|pubmed,23781709,,368774150,,,Analysis of real time PCR amplification efficiencies from three genomic region of dengue virus.,2013,Invest Clin
embase|pubmed,23760532,10.1007/s00253-013-5021-8,52627467,,,Evaluation and analysis of dengue virus enhancing and neutralizing activities using simple high-throughput assays.,2013,Appl Microbiol Biotechnol
embase|pubmed,23725365,10.1186/1471-2334-13-254,52616915,,,Prevalence and incidence of dengue virus and antibody placental transfer during late pregnancy in central Brazil.,2013,BMC Infect Dis
embase|pubmed,23717529,10.1371/journal.pone.0064056,368982448,,,Underreporting of Dengue-4 in Brazil due to low sensitivity of the NS1 Ag test in routine control programs.,2013,PLoS One
embase|pubmed,23691632,,368935756,,,Use of dried blood blotted on filter paper to detect dengue IgM antibody and dengue NS1 antigen.,2013,Southeast Asian J Trop Med Public Health
embase|pubmed,23577865,10.1111/jtm.12018,52485092,,,Detection of dengue virus nonstructural protein 1 (NS1) by using ELISA as a useful laboratory diagnostic method for dengue virus infection of international travelers.,2013,J Travel Med
embase|pubmed,23530846,10.1517/17530059.2012.718759,366338700,,,New development in the diagnosis of dengue infections.,2013,Expert Opin Med Diagn
embase|pubmed,23444623,,364260594,,,[Evaluation of the SD Dengue Duo diagnosis system for detection of NS1 protein and IgM and IgG dengue antibodies].,2012,Rev Cubana Med Trop
embase|pubmed,23375045,10.1016/s1995-7645(13)60035-8,368249260,,,"Evaluation of NS1Ag and IgM antibodies against dengue, importance for epidemiological surveillance.",2013,Asian Pac J Trop Med
embase|pubmed,23349667,10.1371/journal.pone.0050765,368151004,,,Estimating the true accuracy of diagnostic tests for dengue infection using bayesian latent class models.,2013,PLoS One
embase|pubmed,25586260,10.3390/bios3030297,369814725,,,"Comparison of surface plasmon resonance, resonant waveguide grating biosensing and enzyme linked immunosorbent assay (ELISA) in the evaluation of a dengue virus immunoassay.",2013,Biosensors (Basel)
embase|pubmed,23270684,10.1016/j.molimm.2012.11.007,368006949,,,Preliminary evaluation of DNA vaccine candidates encoding dengue-2 prM/E and NS1: their immunity and protective efficacy in mice.,2013,Mol Immunol
embase|pubmed,23258983,10.1155/2012/956875,368017409,,,"Expression, purification, and evaluation of diagnostic potential and immunogenicity of a recombinant NS3 protein from all serotypes of dengue virus.",2012,J Trop Med
embase|pubmed,23081772,10.1007/s00253-012-4419-z,52264823,,,Identification of B cell epitopes of dengue virus 2 NS3 protein by monoclonal antibody.,2013,Appl Microbiol Biotechnol
embase|pubmed,23041057,10.1016/j.jmii.2012.07.011,52242198,,,Laboratory diagnostics of dengue fever: an emphasis on the role of commercial dengue virus nonstructural protein 1 antigen rapid test.,2013,J Microbiol Immunol Infect
embase|pubmed,22981010,10.1016/j.bios.2012.08.005,366409761,,,Immunospot assay based on fluorescent nanoparticles for Dengue fever detection.,2013,Biosens Bioelectron
embase|pubmed,22826488,10.4269/ajtmh.2012.12-0043,365598002,,,Comparison of performance of serum and plasma in panbio dengue and Japanese encephalitis virus enzyme-linked immunosorbent assays.,2012,Am J Trop Med Hyg
embase|pubmed,22546090,10.1186/1756-0500-5-208,366386933,,,"Epitope reactions can be gauged by relative antibody discriminating specificity (RADS) values supported by deletion, substitution and cysteine bridge formation analyses: potential uses in pathogenesis studies.",2012,BMC Res Notes
embase|pubmed,22441389,10.1128/cvi.05717-11,364702005,,,Comparison of seven commercial antigen and antibody enzyme-linked immunosorbent assays for detection of acute dengue infection.,2012,Clin Vaccine Immunol
embase|pubmed,22419801,10.1128/jvi.07081-11,364858107,,,The magnitude of dengue virus NS1 protein secretion is strain dependent and does not correlate with severe pathologies in the mouse infection model.,2012,J Virol
embase|pubmed,33065885,10.1684/vir.2012.0433,364382240,,,Diagnostic biologique de la dengue.,2012,Virologie (Montrouge)
embase|pubmed,22183454,10.1590/s0036-46652011000600003,363132686,,,"Evaluation of dengue NS1 antigen detection for diagnosis in public health laboratories, São Paulo State, 2009.",2011,Rev Inst Med Trop Sao Paulo
embase|pubmed,22084954,10.1111/j.1469-0691.2011.03694.x,51721607,,,Evaluation and use of NS1 IgM antibody detection for acute dengue virus diagnosis: report from an outbreak investigation.,2012,Clin Microbiol Infect
embase|pubmed,22040846,10.1016/j.jviromet.2011.10.006,51719949,,,Monoclonal antibodies against dengue NS2B and NS3 proteins for the study of protein interactions in the flaviviral replication complex.,2012,J Virol Methods
embase|pubmed,22012979,10.1128/cvi.05285-11,363085033,,,Evaluation of six commercial point-of-care tests for diagnosis of acute dengue infections: the need for combining NS1 antigen and IgM/IgG antibody detection to achieve acceptable levels of accuracy.,2011,Clin Vaccine Immunol
embase|pubmed,21996098,10.1016/j.diagmicrobio.2011.08.020,51660957,,,Dengue nonstructural protein 1 antigen in the urine as a rapid and convenient diagnostic test during the febrile stage in patients with dengue infection.,2011,Diagn Microbiol Infect Dis
embase|pubmed,21887054,10.4103/0974-777x.83528,362379546,,,Development of ASSURE Dengue IgA Rapid Test for the Detection of Anti-dengue IgA from Dengue Infected Patients.,2011,J Glob Infect Dis
embase|pubmed,21874746,,362172890,,,A comparative evaluation of dengue diagnostic tests based on single-acute serum samples for laboratory confirmation of acute dengue.,2011,Malays J Pathol
embase|pubmed,21824813,10.1016/j.jcv.2011.07.009,51561549,,,Dengue virus isolation relying on antibody-dependent enhancement mechanism using FcγR-expressing BHK cells and a monoclonal antibody with infection-enhancing capacity.,2011,J Clin Virol
embase|pubmed,21811645,10.1371/journal.pntd.0001244,362246865,,,Clinical and virological factors influencing the performance of a NS1 antigen-capture assay and potential use as a marker of dengue disease severity.,2011,PLoS Negl Trop Dis
embase|pubmed,21798288,10.1016/j.jviromet.2011.07.003,51557924,,,Detection of the dengue non-structural 1 antigen in cerebral spinal fluid samples using a commercially available enzyme-linked immunosorbent assay.,2011,J Virol Methods
embase|pubmed,21788702,10.7883/yoken.64.284,362255214,,,Nonstructural protein 1 antibody-based epitope-blocking enzyme-linked immunosorbent assay to differentiate Japanese encephalitis virus from dengue virus infections in humans.,2011,Jpn J Infect Dis
embase|pubmed,21722533,,362914235,,,[Production and characterization of the monoclonal antibodies against nonstructural 1 protein of DENV-4].,2011,Xi Bao Yu Fen Zi Mian Yi Xue Za Zhi
embase|pubmed,21713023,10.1371/journal.pntd.0001199,362058195,,,The diagnostic sensitivity of dengue rapid test assays is significantly enhanced by using a combined antigen and antibody testing approach.,2011,PLoS Negl Trop Dis
embase|pubmed,21710849,,362316290,,,Detection of dengue infection by combining the use of an NS1 antigen based assay with antibody detection.,2011,Southeast Asian J Trop Med Public Health
embase|pubmed,21706935,,362260687,,,"Evaluation of rapid immunochromatographic NS1 test, anti-dengue IgM test, semi-nested PCR and IgM ELISA for detection of dengue virus.",2011,Southeast Asian J Trop Med Public Health
embase|pubmed,21706934,,362260686,,,Use of dengue NS1 antigen for early diagnosis of dengue virus infection.,2011,Southeast Asian J Trop Med Public Health
embase|pubmed,21572520,10.1371/journal.pntd.0001147,361887740,,,A new approach to dengue fatal cases diagnosis: NS1 antigen capture in tissues.,2011,PLoS Negl Trop Dis
pubmed,21569796,10.1016/j.jviromet.2011.04.029,,,,Polyclonal antibodies against properly folded Dengue virus NS1 protein expressed in E. coli enable sensitive and early dengue diagnosis.,2011,J Virol Methods
embase|pubmed,21525305,10.1128/cvi.00024-11,361885676,,,Comparison of two generations of the Panbio dengue NS1 capture enzyme-linked immunosorbent assay.,2011,Clin Vaccine Immunol
embase|pubmed,21508167,10.1128/cvi.00040-11,361885674,,,Serological evaluation of suspected West Nile virus human cases following its introduction during a dengue outbreak in Puerto Rico in 2007.,2011,Clin Vaccine Immunol
embase|pubmed,21304196,10.4103/0255-0857.76525,361324349,,,Evaluation of a commercial Dengue NS1 enzyme-linked immunosorbent assay for early diagnosis of dengue infection.,2011,Indian J Med Microbiol
embase|pubmed,21284891,10.1186/1743-422x-8-47,51262806,,,"Kinetics of non-structural protein 1, IgM and IgG antibodies in dengue type 1 primary infection.",2011,Virol J
embase|pubmed,21277249,10.1016/j.jcv.2011.01.001,51251221,,,The development of a novel serotyping-NS1-ELISA to identify serotypes of dengue virus.,2011,J Clin Virol
embase|pubmed,21251561,10.1016/j.diagmicrobio.2010.09.021,361114322,,,Prospective evaluation of nonstructural 1 enzyme-linked immunosorbent assay and rapid immunochromatographic tests to detect dengue virus in patients with acute febrile illness.,2011,Diagn Microbiol Infect Dis
embase|pubmed,21228146,10.1128/cvi.00462-10,361426229,,,Full serotype- and group-specific NS1 capture enzyme-linked immunosorbent assay for rapid differential diagnosis of dengue virus infection.,2011,Clin Vaccine Immunol
embase|pubmed,21134275,10.1186/1743-422x-7-361,51184585,,,Comparison of the diagnostic accuracy of commercial NS1-based diagnostic tests for early dengue infection.,2010,Virol J
embase|pubmed,21063991,,359487294,,,"[Investigation of dengue virus and yellow fever virus seropositivities in blood donors from Central/Northern Anatolia, Turkey].",2010,Mikrobiyol Bul
pubmed,21035827,10.1016/j.trstmh.2010.09.007,,,,A prospective evaluation of diagnostic methodologies for the acute diagnosis of dengue virus infection on the Thailand-Myanmar border.,2011,Trans R Soc Trop Med Hyg
embase|pubmed,20958892,10.1111/j.1365-3156.2010.02641.x,360167410,,,Predictive diagnostic value of the tourniquet test for the diagnosis of dengue infection in adults.,2011,Trop Med Int Health
embase|pubmed,20884152,10.1016/j.diagmicrobio.2010.07.007,360018958,,,Evaluation of ASSURE® Dengue IgA Rapid Test using dengue-positive and dengue-negative samples.,2010,Diagn Microbiol Infect Dis
embase|pubmed,20824173,10.1371/journal.pntd.0000811,359899858,,,Multi-country evaluation of the sensitivity and specificity of two commercially-available NS1 ELISA assays for dengue diagnosis.,2010,PLoS Negl Trop Dis
embase|pubmed,20810840,10.4269/ajtmh.2010.10-0117,362140178,,,"Early diagnosis of Dengue infection using a commercial Dengue Duo rapid test kit for the detection of NS1, IGM, and IGG.",2010,Am J Trop Med Hyg
embase|pubmed,20727470,10.1016/j.diagmicrobio.2010.04.004,359380079,,,NS1 antigen as an early diagnostic marker in dengue: report from India.,2010,Diagn Microbiol Infect Dis
embase|pubmed,20625558,10.1371/journal.pntd.0000738,359899923,,,Comparison of three commercially available dengue NS1 antigen capture assays for acute diagnosis of dengue in Brazil.,2010,PLoS Negl Trop Dis
embase|pubmed,20578057,10.1002/jmv.21814,359519026,,,Clinical evaluation of the NS1 antigen-capture ELISA for early diagnosis of dengue virus infection in Brazil.,2010,J Med Virol
embase|pubmed,20573879,10.1128/jcm.02142-09,359327601,,,Evaluation of a commercial SD dengue virus NS1 antigen capture enzyme-linked immunosorbent assay kit for early diagnosis of dengue virus infection.,2010,J Clin Microbiol
embase|pubmed,20496327,,359454288,,,Dengue antibodies in Polish travellers returning from the tropics. Evaluation of serological tests.,2010,Int Marit Health
embase|pubmed,20426686,10.1089/vbz.2008.0176,360131027,,,Evaluation of nonstructural 1 antigen assays for the diagnosis and surveillance of dengue in Singapore.,2010,Vector Borne Zoonotic Dis
embase|pubmed,20410325,10.1128/cvi.00041-10,358950972,,,Utility of a commercial nonstructural protein 1 antigen capture kit as a dengue virus diagnostic tool.,2010,Clin Vaccine Immunol
embase|pubmed,20404453,10.4103/0255-0857.62484,358741224,,,Dengue NS1 antigen detection: a useful tool in early diagnosis of dengue virus infection.,2010,Indian J Med Microbiol
pubmed,20156198,10.1042/bj20100074,,,,Isolation and characterization of selective and potent human Fab inhibitors directed to the active-site region of the two-component NS2B-NS3 proteinase of West Nile virus.,2010,Biochem J
embase|pubmed,20021846,,355896836,,,[To evaluate the neutralizing abilities of anti-dengue virus antibodies with nonstructural protein 1 antigen capture enzyme-linked immunosorbent assay].,2009,Zhonghua Yu Fang Yi Xue Za Zhi
embase|pubmed,19963435,10.1016/j.jcv.2009.11.001,50726182,,,"Early diagnosis of dengue in travelers: comparison of a novel real-time RT-PCR, NS1 antigen detection and serology.",2010,J Clin Virol
embase|pubmed,19733994,10.1016/j.diagmicrobio.2009.07.022,50632458,,,Evaluation of dengue NS1 antigen detection tests with acute sera from patients infected with dengue virus in Venezuela.,2009,Diagn Microbiol Infect Dis
embase|pubmed,19232866,10.1016/j.diagmicrobio.2008.12.009,50427584,,,Detection of dengue nonstructural 1 (NS1) protein in Vietnamese patients with fever.,2009,Diagn Microbiol Infect Dis
embase|pubmed,19232865,10.1016/j.diagmicrobio.2009.01.002,50427589,,,Evaluation of dengue NS1 test kits for the diagnosis of dengue fever.,2009,Diagn Microbiol Infect Dis
embase|pubmed,19232857,10.1016/j.diagmicrobio.2009.01.004,50427588,,,Evaluation of dengue nonstructural protein 1 antigen strip for the rapid diagnosis of patients with dengue infection.,2009,Diagn Microbiol Infect Dis
embase|pubmed,19156192,10.1371/journal.pntd.0000360,354579380,,,"Diagnostic accuracy of NS1 ELISA and lateral flow rapid tests for dengue sensitivity, specificity and relationship to viraemia and antibody responses.",2009,PLoS Negl Trop Dis
embase|pubmed,19022293,10.1016/j.jviromet.2008.10.016,50348703,,,Performance of a commercial rapid dengue NS1 antigen immunochromatography test with reference to dengue NS1 antigen-capture ELISA.,2009,J Virol Methods
embase|pubmed,19020106,10.1128/cvi.00212-08,354056646,,,Development of an antigen capture immunoassay based on monoclonal antibodies specific for dengue virus serotype 2 nonstructural protein 1 for early and rapid identification of dengue virus serotype 2 infections.,2009,Clin Vaccine Immunol
embase|pubmed,18714359,10.1371/journal.pntd.0000280,352678418,,,Evaluation of two new commercial tests for the diagnosis of acute dengue virus infection using NS1 antigen detection in human serum.,2008,PLoS Negl Trop Dis
embase|pubmed,18685015,10.1128/cvi.00140-08,352620054,,,Comparison of two commercially available dengue virus (DENV) NS1 capture enzyme-linked immunosorbent assays using a single clinical sample for diagnosis of acute DENV infection.,2008,Clin Vaccine Immunol
pubmed,18316978,10.1097/inf.0b013e3181670fd3,,,,Use of dengue nonstructural protein 1 antigen for the early diagnosis of dengue infection.,2008,Pediatr Infect Dis J
pubmed,18279077,10.1089/vbz.2007.0117,,,,Analysis of antibody response in human dengue patients from the Mexican coast using recombinant antigens.,2008,Vector Borne Zoonotic Dis
embase|pubmed,18191361,10.1016/j.diagmicrobio.2007.11.010,351380783,,,Evaluation of an NS1 antigen detection for diagnosis of acute dengue infection in patients with acute febrile illness.,2008,Diagn Microbiol Infect Dis
embase|pubmed,18052531,10.1371/journal.ppat.0030183,350291614,,,Secreted NS1 of dengue virus attaches to the surface of cells via interactions with heparan sulfate and chondroitin sulfate E.,2007,PLoS Pathog
embase|pubmed,17889487,10.1016/j.diagmicrobio.2007.07.011,350245435,,,Evaluation of the Panbio dengue virus nonstructural 1 antigen detection and immunoglobulin M antibody enzyme-linked immunosorbent assays for the diagnosis of acute dengue infections in Laos.,2008,Diagn Microbiol Infect Dis
embase|pubmed,17683980,10.1016/j.jcv.2007.06.008,47302867,,,Evaluation of immunoglobulin M and G capture enzyme-linked immunosorbent assay Panbio kits for diagnostic dengue infections.,2007,J Clin Virol
pubmed,17620648,,,,,Flavivirus serology by Western blot analysis.,2007,Am J Trop Med Hyg
embase|pubmed,17609831,,351396799,,,Evaluating the sensitivity of a commercial dengue NS1 antigen-capture ELISA for early diagnosis of acute dengue virus infection.,2007,Singapore Med J
embase|pubmed,17140671,10.1016/j.jviromet.2006.11.001,46201707,,,Evaluation of a commercial dengue NS1 antigen-capture ELISA for laboratory diagnosis of acute dengue virus infection.,2007,J Virol Methods
embase|pubmed,16988003,10.1128/cvi.00229-06,46768874,,,Evaluation of an enzyme immunoassay for detection of dengue virus NS1 antigen in human serum.,2006,Clin Vaccine Immunol
embase|pubmed,16891505,10.1128/jcm.00777-06,44228583,,,Serotype 1-specific monoclonal antibody-based antigen capture immunoassay for detection of circulating nonstructural protein NS1: Implications for early diagnosis and serotyping of dengue virus infections.,2006,J Clin Microbiol
embase|pubmed,16859538,10.1186/1471-2334-6-120,44241597,,,Clinical features and pitfalls in the laboratory diagnosis of dengue in travellers.,2006,BMC Infect Dis
embase|pubmed,15184425,10.1128/jcm.42.6.2489-2494.2004,38747495,,,Dengue virus serotyping based on envelope and membrane and nonstructural protein NS1 serotype-specific capture immunoglobulin M enzyme-linked immunosorbent assays.,2004,J Clin Microbiol
embase|pubmed,13679612,10.1099/vir.0.19228-0,37220256,,,Identification of a dengue virus type 2 (DEN-2) serotype-specific B-cell epitope and detection of DEN-2-immunized animal serum samples using an epitope-based peptide antigen.,2003,J Gen Virol
embase|pubmed,12922127,10.1016/s0264-410x(03)00310-4,37338219,,,Evaluation of protective efficacy and immune mechanisms of using a non-structural protein NS1 in DNA vaccine against dengue 2 virus in mice.,2003,Vaccine
embase|pubmed,12886411,10.1590/s0074-02762003000300007,36983519,,,"Comparative immunological recognition of proteins from New Guinea ""C"" dengue virus type 2 prototype and from a dengue virus type 2 strain isolated in the State of Rio de Janeiro, Brazil.",2003,Mem Inst Oswaldo Cruz
embase|pubmed,12853395,10.1128/cdli.10.4.622-630.2003,36890447,,,Comparison of capture immunoglobulin M (IgM) and IgG enzyme-linked immunosorbent assay (ELISA) and nonstructural protein NS1 serotype-specific IgG ELISA for differentiation of primary and secondary dengue virus infections.,2003,Clin Diagn Lab Immunol
embase|pubmed,12668268,10.1016/s0166-0934(03)00045-4,36355886,,,Production of anti-dengue NS1 monoclonal antibodies by DNA immunization.,2003,J Virol Methods
pubmed,11980973,10.1128/jcm.40.5.1840-1844.2002,,,,Potential application of nonstructural protein NS1 serotype-specific immunoglobulin G enzyme-linked immunosorbent assay in the seroepidemiologic study of dengue virus infection: correlation of results with those of the plaque reduction neutralization test.,2002,J Clin Microbiol
embase|pubmed,11825945,10.1128/jcm.40.02.376-381.2002,34130856,,,Enzyme-linked immunosorbent assay specific to Dengue virus type 1 nonstructural protein NS1 reveals circulation of the antigen in the blood during the acute phase of disease in patients experiencing primary or secondary infections.,2002,J Clin Microbiol
embase|pubmed,11166901,10.1016/s0264-410x(00)00391-1,32175738,,,Antibody to the nonstructural protein NS1 of Japanese encephalitis virus: potential application of mAb-based indirect ELISA to differentiate infection from vaccination.,2001,Vaccine
embase|pubmed,11002252,10.1002/1096-9071(200010)62:2<224::aid-jmv14>3.0.co;2-c,30688689,,,Dengue NS1-specific antibody responses: isotype distribution and serotyping in patients with Dengue fever and Dengue hemorrhagic fever.,2000,J Med Virol
embase|pubmed,10698995,10.1128/jcm.38.3.1053-1057.2000,30140558,,,An antigen capture enzyme-linked immunosorbent assay reveals high levels of the dengue virus protein NS1 in the sera of infected patients.,2000,J Clin Microbiol
embase|pubmed,9890415,10.1002/(sici)1096-9071(199901)57:1<1::aid-jmv1>3.0.co;2-t,28553373,,,Antibody responses to an immunodominant nonstructural 1 synthetic peptide in patients with dengue fever and dengue hemorrhagic fever.,1999,J Med Virol
pubmed,9215155,10.1136/jcp.50.4.346,,,,Automated type specific ELISA probe detection of amplified NS3 gene products of dengue viruses.,1997,J Clin Pathol
pubmed,8530570,10.1016/0166-0934(95)00026-q,,,,Detection of dengue viral RNA by microplate hybridization.,1995,J Virol Methods
embase|pubmed,9805082,,128326371,,,[An immunoenzyme assay for the detection of monoclonal antibodies against the E and NS1 proteins of the dengue virus].,1995,Rev Cubana Med Trop
pubmed,7512096,10.1128/jcm.32.2.477-483.1994,,,,"An integrated target sequence and signal amplification assay, reverse transcriptase-PCR-enzyme-linked immunosorbent assay, to detect and characterize flaviviruses.",1994,J Clin Microbiol
embase,,10.1038/s41541-025-01356-x,2042914298,,,Multi-antigen DNA vaccine targeting non-structural proteins confers robust T Cell-mediated protection against Zika virus,2026,npj Vaccines
embase,41652392,10.1186/s12879-026-12791-z,2044039755,,,"The emergence of autochthonous dengue fever in Iran: a comprehensive analysis of the first major outbreak in Sistan and Baluchestan Province, 2024",2026,BMC Infectious Diseases
embase,42104518,10.1186/s40249-026-01450-9,2045354598,,,"A rapid multiplex platform for simultaneous detection of chikungunya virus, dengue virus, and dengue serotyping based on isothermal amplification and lateral flow dipsticks",2026,Infectious Diseases of Poverty
embase,,10.1186/s12982-026-02269-3,2046383183,,,Assessing the readiness of rapid diagnostic tests for integration into the national dengue control strategy of India,2026,Discover public health
embase,42061084,10.1016/j.phymed.2026.158184,2045115984,,,Deciphering the core antiviral mechanism of Yinqiao powder: Inhibition of dengue virus adsorption mediated by wogonin via host receptor HSP90AA1 blockade,2026,Phytomedicine
embase,,10.1093/ofid/ofag422,2047615343,,,"Accuracy and Usability of a New Rapid Diagnostic Test for the Diagnosis of Dengue in Vientiane, Laos",2026,Open Forum Infectious Diseases
embase,,10.64898/2026.06.13.731912,2047768335,,,Serotype-Specific Detection of Non-Structural Protein 1 from Dengue Viruses by Surface-Enhanced Raman Spectroscopy: An Enhanced Precision Diagnosis,2026,bioRxiv
embase,42013869,10.1055/a-2828-3673,2045265279,,,Characterization of imported dengue fever cases in Germany Results of a pilot project,2026,Deutsche Medizinische Wochenschrift
embase,42060779,10.1128/jcm.00013-26,2046471221,,,Identification of multiple arbovirus infections/exposure in Northeastern Brazil using a multiplex microsphere immunoassay,2026,Journal of Clinical Microbiology
embase,,10.1111/vox.70275,651631466,,,Cost-effectiveness analysis on implementation of routine blood donor screening of dengue virus among blood donors in Kerala: A economic modelling study,2026,Vox Sanguinis
embase,,10.21276/ssr-iijls.2026.12.3.6,2038090721,,,Clinico-Demographic Profile and Economic Impact of Diagnostic Stewardship in Acute Febrile Illness: A Cross-Sectional Analysis,2026,SSR Institute of International Journal of Life Sciences
embase,,10.1186/s12919-026-00375-3,651418761,,,"Dengue outbreak in a rural hill district of Senapati, Manipur, India, July-December 2023",2026,BMC Proceedings
embase,,10.70034/ijmedph.2026.2.156,2038101912,,,A CROSS SECTIONAL STUDY ON THE ASSOCIATION BETWEEN SERUM IONIZED CALCIUM LEVEL AND SEVERITY OF DENGUE FEVER,2026,International Journal of Medicine and Public Health
embase,,10.70034/ijmedph.2026.2.351,2038235532,,,"STUDY OF THE EPIDEMIOLOGY OF DENGUE VIRAL INFECTION AND COMPARISON OF THE EFFICACY OF RAPID TEST VERSUS ENZYME LINKED IMMUNOSORBENT ASSAY METHOD FOR DETECTION OF NS1, IGM AND IGG ANTIBODIES",2026,International Journal of Medicine and Public Health
embase,42030262,10.1371/journal.pone.0344532,2045234665,,,Profiles of stress hormones in relation to DENV serotypes among dengue-positive patients,2026,PLOS ONE
embase,,10.1016/j.btre.2026.e00951,2043324035,,,Development of anti-dengue virus D8 neutralizing monoclonal antibody production in Nicotiana benthamiana,2026,Biotechnology Reports
embase,41720296,10.1016/j.jim.2026.114041,2043393668,,,"Two technologies, one goal: Developing and evaluating anti-Zika virus NS1 antibodies using phage display and hybridoma technologies for diagnostic applications",2026,Journal of Immunological Methods
embase,,10.69605/ijlbpr_15.3.2026.81,2044202853,,,A Comparative Study of Hematological Parameters in Dengue NS1 Antigen and IgM Positive Cases,2026,International Journal of Life Sciences Biotechnology and Pharma Research
embase,,10.1016/j.eimc.2025.503074,2042592162,,,Dengue serotypes and their severity correlation: A hospital-based observational study,2026,Enfermedades Infecciosas y Microbiologia Clinica
embase,,10.4103/jpbs.jpbs_1653_25,2043667270,,,Clinical and Epidemiological Profile of Liver Dysfunction in Dengue Fever-A Cross-Sectional Study,2026,Journal of Pharmacy and Bioallied Sciences
embase,,10.2139/ssrn.6073293,2042963894,,,Low-cost automation of sequential reagent delivery in gravity-driven microfluidic siphons,2026,SSRN
embase,,10.32598/jpr.14.1.369.7,2037739919,,,"An Outline of Dengue Fever in Iran, Focusing on Pediatric Manifestations and Case Management: A Narrative Review",2026,Journal of Pediatrics Review
embase,,10.5455/rmj.20251022040439,2037755857,,,Diagnostic performance of dengue rapid diagnostic tests in Indonesia: A comparative study,2026,Rawal Medical Journal
embase,,10.5281/zenodo.20696076,2038266380,,,Study of High Fluorescent Lymphocyte Count (HFLC) in the Sysmex XN-350 Hematology Analyzer in Dengue Infection,2026,International journal of advanced biotechnology and research
embase,40495084,10.1007/82_2025_307,2042298804,,,Diagnostic Techniques for Dengue Virus,2026,Current Topics in Microbiology and Immunology
embase,41583452,10.3389/fimmu.2025.1696179,2042637231,,,Pilot proteomic analysis of immune dysregulation in dengue with prior SARS-CoV-2 infection,2026,Frontiers in Immunology
embase,41624861,10.3389/fimmu.2025.1731011,2042907535,,,Aberrant systemic acute-phase complement responses in conjunction with soluble CR1 attribute to varying grades of dengue disease severity,2026,Frontiers in Immunology
embase,,10.18231/j.ijmmtd.14789.1769853200,2043995798,,,Alteration of hematological and biochemical parameters in dengue: Implication for patient management,2026,IP International Journal of Medical Microbiology and Tropical Diseases
embase,,10.18231/j.ijmmtd.13488.1767776891,2043996067,,,Comparison of ELFA and ELISA in diagnosis of early dengue infection among suspected cases of acute febrile illness attending a tertiary care hospital,2026,IP International Journal of Medical Microbiology and Tropical Diseases
embase,,10.25258/ijcpr.18.2.98,2045337717,,,Original Research article: Study of Evaluation of a Novel Commercial Rapid Test for Early Detection of Acute Dengue Infection,2026,International Journal of Current Pharmaceutical Review and Research
embase,,10.18231/j.ijmmtd.15541.1775291899,2045879524,,,"Early diagnosis of dengue fever in a tertiary care hospital, India-A cross-sectional study",2026,IP International Journal of Medical Microbiology and Tropical Diseases
embase,,10.21276/amit.2026.v13.i1.596,2047871450,,,"Assessment of Molecular Prevalence of Dengue Serotypes Among the Viremia Cases of YSR Kadapa District of Andhra Pradesh, India by TaqMan Assay",2026,Acta Medica International
embase,,10.25258/ijpqa.17.7.18,2047954521,,,Study of Correlation of Platelet Indices for Prognostication In Viral Hemorrhagic Fever In Pediatric Age Group,2026,International Journal of Pharmaceutical Quality Assurance
embase,,10.25258/ijddt.16.73s.34,2047960754,,,Association of Severity of Dengue Fever with Gallbladder Wall Thickness: A Cross-Sectional Observational Study at a Tertiary Care Hospital,2026,International Journal of Drug Delivery Technology
embase,41241478,10.1016/j.aca.2025.344756,2040935313,,,Biowaste-derived gold nanoparticles on reduced graphene oxide: An innovative nanoplatform for the label-free immunosensing of dengue NS1,2025,Analytica Chimica Acta
embase,39674822,10.1007/s00430-024-00810-2,2032604345,,,Significance of diagnostic and therapeutic potential of serum endothelial and inflammatory biomarkers in defining disease severity of dengue infected patients,2025,Medical Microbiology and Immunology
embase,39747846,10.1038/s41467-024-53916-9,2032809916,,,Dengue virus IgG and neutralizing antibody titers measured with standard and mature viruses are protective,2025,Nature Communications 
embase,39891046,10.1186/s12879-025-10544-y,2033131771,,,Risk factors for dengue mortality: a 7-year retrospective cohort in Honduras,2025,BMC Infectious Diseases
embase,39972499,10.1186/s12929-025-01122-0,2033370512,,,The zinc finger protein ZFP36L2 inhibits flavivirus infection via the 5′-3′ XRN1-mediated RNA decay pathway in the replication complexes,2025,Journal of Biomedical Science
embase,41023869,10.1186/s12879-025-11617-8,2036394584,,,Detection of probable hantavirus infections in clinically suspected dengue patients in a tertiary care hospital in Sri Lanka,2025,BMC Infectious Diseases
embase,41440283,10.3390/bios15120802,2042113991,,,An Improved Dengue Virus Serotype-Specific Non-Structural Protein 1 Capture Immunochromatography Method with Reduced Sample Volume,2025,Biosensors
embase,,10.24171/j.phrp.2025.0254,2042576459,,,Early detection of dengue through rapid diagnostic testing at airport quarantine: a case study from the Republic of Korea (2022–2024),2025,Osong Public Health and Research Perspectives
embase,40803240,10.1016/j.jiph.2025.102919,2039987775,,,Performance comparison of two dengue NS1 rapid diagnostic tests against RT-PCR: Sensitivity and specificity across infections and timeframes,2025,Journal of Infection and Public Health
embase,,10.3390/vaccines13111103,2041492799,,,CD4@sup_begin+@sup_end T Cells Are Key to Shaping a Protective Humoral Immunity in Primary Dengue 2 Virus Infection: Implications for Rational Vaccine Design,2025,Vaccines
embase,,10.70034/ijmedph.2025.4.34,2037264035,,,"EVALUATING CLINICAL, LABORATORY, AND IMAGING MARKERS IN DENGUE: ASSOCIATIONS WITH DISEASE SEVERITY AND NS1 ANTIGEN LEVELS",2025,International Journal of Medicine and Public Health
embase,,10.70034/ijmedph.2025.4.254,2037449994,,,A PROSPECTIVE STUDY ON CLINICAL AND LABORATORY PREDICTIVE MARKERS OF DENGUE FEVER IN CHILDREN IN TERTIARY CARE HOSPITAL,2025,International Journal of Medicine and Public Health
embase,,10.70034/ijmedph.2025.4.249,2037450022,,,MEAN PLATELET VOLUME AS A PREDICTOR OF CLINICAL OUTCOMES IN DENGUE FEVER: A PROGNOSTIC STUDY,2025,International Journal of Medicine and Public Health
embase,,10.70034/ijmedph.2025.4.217,2037450069,,,EARLY PREDICTION OF SEVERE DENGUE IN PATIENTS WITH MILD TO MODERATE ILLNESS WITH SPECIFIC AND NON-SPECIFIC LABORATORY MARKERS,2025,International Journal of Medicine and Public Health
embase,,10.70034/ijmedph.2025.4.445,2037728612,,,"A COMPARATIVE STUDY OF RAPID IMMUNOCHROMATOGRAPHY TEST WITH ELISA FOR DETECTION OF DENGUE NS1 ANTIGEN, IgM AND IgG ANTIBODY",2025,International Journal of Medicine and Public Health
embase,,10.1093/clinchem/hvaf086.275,648896075,,,Development and basic performance of a dengue virus NS1 detection reagent based on Chemiluminescent Enzyme Immunoassay,2025,Clinical Chemistry
embase,40344737,10.1016/j.ejmech.2025.117717,2038633594,,,"Design, synthesis and biological evaluation of dapsone derivatives with broad-spectrum antiviral activity",2025,European Journal of Medicinal Chemistry
embase,,10.1007/s13337-025-00930-0,2035241613,,,"Correlation of clinical, biochemical and molecular profile of dengue with disease severity",2025,VirusDisease
embase,40651102,10.1016/j.ejcb.2025.151505,2039571008,,,Vimentin intermediate filaments facilitate transportation of hepatitis C virus components,2025,European Journal of Cell Biology
embase,40838750,10.1128/jvi.00962-25,2040935811,,,Coatomer protein complex I is required for efficient secretion of dengue virus non-structural protein 1,2025,Journal of Virology
embase,,10.46347/jmsh.v11.i3.25.92,2043893655,,,Clinical and Laboratory Profile of Dengue Infection: A Study from a Tertiary Care Hospital in Coastal Karnataka,2025,Journal of medical Sciences and health
embase,40838976,10.1002/jmv.70569,2035824242,,,Dominance of DENV-1 and Flavivirus Serological Cross-Reactivity During the 2016 Dengue Outbreak in Vietnam,2025,Journal of Medical Virology
embase,,10.53555/7nhf5c62,2040188180,,,"A COMPARATIVE STUDY OF DENGUE RAPID IMMUNO CHROMATOGRAPHIC CARD TEST WITH DENGUE ELISA AT TERTIARY CARE CENTRE, SOUTHERN RAJASTHAN.",2025,Journal of Population Therapeutics and Clinical Pharmacology
embase,,10.1101/2025.07.23.25332048,2039913493,,,Diagnostic Performance and Regulatory Readiness of Dengue Rapid Diagnostic Tests Commercially Available in the United States,2025,medRxiv
embase,40587809,10.1073/pnas.2502793122,2039656837,,,Genetic ancestry shapes dengue virus infection in human skin explants,2025,Proceedings of the National Academy of Sciences of the United States of America
embase,40710103,10.3390/bios15070453,2035479307,,,Sensitivity and Cross-Reactivity Analysis of Serotype-Specific Anti-NS1 Serological Assays for Dengue Virus Using Optical Modulation Biosensing,2025,Biosensors
embase,,10.3390/vaccines13070748,2035486602,,,"A Prospective Cohort Study of Primary Dengue Virus Infection in Medellín, Colombia",2025,Vaccines
embase,,10.70034/ijmedph.2025.3.610,2037209895,,,EVALUATION OF DIAGNOSTIC STRATEGIES FOR DENGUE FEVER: A RETROSPECTIVE STUDY FROM A HOSPITAL IN SOUTH INDIA,2025,International Journal of Medicine and Public Health
embase,40216346,10.1016/j.tmaid.2025.102854,2038881360,,,"Viral shedding in saliva, axillary, rectal and vaginal swabs of an imported case of Dengue - Oropouche virus Co-infection",2025,Travel Medicine and Infectious Disease
embase,40166903,10.1093/infdis/jiaf166,2039596885,,,Transcriptome Analysis of Monocytes Treated With Dengue Virus Nonstructural Protein 1 Revealed a Shift in Transcripts Involved in Self-Propagated Proinflammation and Antiviral Responses,2025,Journal of Infectious Diseases
embase,40573451,10.3390/v17060859,2035052403,,,Dengue Infections Among Household Contacts of Symptomatic Index Cases: Implications for Community-Based Intervention Studies,2025,Viruses
embase,40587449,10.1371/journal.pntd.0013196,2036934423,,,Dengue diagnosis and impact on clinical management: A literature review,2025,PLOS Neglected Tropical Diseases
embase,,10.1016/j.jcvp.2025.100213,2038338595,,,Elevated levels of platelet-activating factor and syndecan-1 in severe dengue infections,2025,Journal of Clinical Virology Plus
embase,,10.22207/jpam.19.2.43,2039036753,,,Differentiating Secondary Dengue Cases using Capture IgG and IgM-based Approaches,2025,Journal of Pure and Applied Microbiology
embase,40447137,10.1016/j.virs.2025.05.009,2039157036,,,"Eltrombopag, an FDA-approved drug, inhibits dengue virus type 2 by targeting NS2B-NS3 protease",2025,Virologica Sinica
embase,,,647905177,,,COMPARATIVE ANALYSIS OF NS1/IGM RAPID DIAGNOSTIC TESTS WITH NS1 AND IGM ELISA FOR DENGUE CASES AND ITS POSSIBLE CORRELATION WITH UNDERREPORTING OF DENGUE CASES IN INDIA,2025,American Journal of Tropical Medicine and Hygiene
embase,,,647906040,,,"CHARACTERIZATION OF ANTIGEN-SPECIFIC HUMORAL IMMUNE RESPONSES IN ACUTE AND PAST DENGUE, ZIKA, AND WEST NILE VIRUS INFECTIONS",2025,American Journal of Tropical Medicine and Hygiene
embase,,10.1016/j.ijid.2024.107519,647906072,,,CHARACTERIZING DENGUE SEROPREVALENCE AND HETEROGENEITIES IN TRANSMISSION INTENSITY IN GHANA,2025,American Journal of Tropical Medicine and Hygiene
embase,,10.69605/ijlbpr_14.5.2025.254,2039456725,,,Clinical profile of acute undifferentiated febrile illness: A cross sectional study,2025,International Journal of Life Sciences Biotechnology and Pharma Research
embase,40101929,10.1136/bmj-2024-082639,2038642287,,,Assessment and management of dengue,2025,BMJ
embase,,10.1016/j.ijid.2024.107498,2037668421,,,Are Point-of-Care devices suitable for the management of Dengue Virus infections? A comparison with mainframe analysers using External Quality Assurance (EQA) data,2025,International Journal of Infectious Diseases
embase,,10.1016/j.ijid.2024.107423,2037668453,,,Innovative methodological approach to assess dengue transmission: findings from the SERODEN study in Africa,2025,International Journal of Infectious Diseases
embase,,10.5083/ejcm/25-03-24,2037781043,,,Utility of Complete Blood Count and Peripheral Blood Picture in Assessing Dengue Severity and Outcomes,2025,European Journal of Cardiovascular Medicine
embase,40131913,10.1371/journal.pone.0319207,2038045509,,,The interaction of Orthoflavivirus nonstructural proteins 3 and 5 with human fatty acid synthase,2025,PLoS ONE
embase,,10.3329/jom.v26i1.78995,2035766892,,,"Evaluation of Hematological Changes in Dengue Fever: Experience of 2023 outbreak from Jashore, Bangladesh",2025,Journal of Medicine (Bangladesh)
embase,39177883,10.1007/s15010-024-02370-2,2031068026,,,Development and validation of a novel enzyme-linked immunosorbent assay for the differentiation of tick-borne encephalitis infections caused by different virus subtypes,2025,Infection
embase,39591643,10.4269/ajtmh.24-0490,2037488104,,,"Malaria, Dengue Fever, and Leptospirosis in the Urabá Antioqueño Region, Colombia: Etiological and Molecular Characterization among Patients with Acute Undifferentiated Febrile Illness",2025,American Journal of Tropical Medicine and Hygiene
embase,39965014,10.1371/journal.pone.0317854,2037542068,,,"Investigation of severe dengue outbreak in Maumere, East Nusa Tenggara, Indonesia: Clinical, serological, and virological features",2025,PLoS ONE
embase,,,NCT06815835,,,"A Prospective, Randomized, Parallel, Three-arm, Open-label, Clinical Trial to Evaluate the Immunological Non-interference of Measles and Rubella Vaccine (Live) I.P. (Freeze Dried) of M/s. Zydus Lifesciences Ltd. With Yellow Fever Vaccine Administered to Bangladeshi Healthy Infants Aged 9-12 Months",2025,clinicaltrials.gov
embase,,10.1002/hsr2.70356,2032929730,,,Clinical and Hematological Manifestation of Dengue Patients in 2022 Outbreak: A Tertiary Care Hospital-Based Cross-Sectional Study,2025,Health Science Reports
embase,40619342,10.1080/21505594.2025.2530176,2035198569,,,Identification of compounds targeting porcine reproductive and respiratory syndrome virus nsp3 and evaluation of their antiviral efficacy,2025,Virulence
embase,39761322,10.1371/journal.pntd.0012193,2035699134,,,A low pre-existing anti-NS1 humoral immunity to DENV is associated with microcephaly development after gestational ZIKV exposure,2025,PLoS Neglected Tropical Diseases
embase,39612524,10.1016/j.bjid.2024.104484,2035954924,,,Presence of dengue virus RNA in urine and oral fluid of laboratory-confirmed dengue patients: Implications for wastewater surveillance,2025,Brazilian Journal of Infectious Diseases
embase,,10.52711/0974-360x.2025.00217,2036367013,,,The Combined Antigen and Antibody Testing Approach Improved the Sensitivity of Early Detection of Dengue Virus Infection,2025,Research Journal of Pharmacy and Technology
embase,39662875,10.3201/eid3101.240888,2036599682,,,"Cocirculation of 4 Dengue Virus Serotypes, Putumayo Amazon Basin, 2023–2024",2025,Emerging Infectious Diseases
embase,,10.1093/ofid/ofae720,2037097824,,,Dengue Virus Structural Proteins Are Expressed on the Surface of DENV-Infected Cells and Are a Target for Antibody-Dependent Cellular Phagocytosis,2025,Open Forum Infectious Diseases
embase,,10.18311/ti/2025/v32i1/43838,2038472617,,,"Anti-Viral Activity of Polyherbal Siddha Formulation ""Notchi kudineer"" Using Immuno-Fluorescence Assay and In-Silico Binding Studies of its Phytocompounds Against Various NSPs of SARS-CoV-2",2025,Toxicology International
embase,40668623,10.1099/jgv.0.002132,2039682447,,,Kinesin light chain 1 interacts with NS1 and is a susceptibility factor for dengue virus infection in mosquito cells,2025,Journal of General Virology
embase,,10.62347/mgye2505,2041333242,,,Early diagnostic value of dengue virus NS1 antigen and nucleic acid testing,2025,American Journal of Translational Research
embase,41319272,10.1080/21505594.2025.2597663,2041659806,,,Fluorescence-based biosensors for West Nile virus detection,2025,Virulence
embase,,,2042853066,,,"Sero-epidemiology of NS-1 Positive Dengue Cases in Ahmedabad, Gujarat & Evaluation of NS1 ELISA in Early Diagnosis of Dengue Fever by Comparing it with rRT PCR",2025,International Journal of Current Pharmaceutical Review and Research
embase,,,2042853069,,,A Study on Clinico-Pathological and Biochemical Correlation in the Children of Less than 15 years with Dengue Fever in a Tertiary Care Hospital,2025,International Journal of Current Pharmaceutical Review and Research
embase,,10.25258/ijpqa.16.9.34,2043640873,,,Neurological Manifestations of Dengue Fever in Pediatric Patients: An Observational Descriptive Study at a Tertiary Health Care Centre,2025,International Journal of Pharmaceutical Quality Assurance
embase,,,2045090692,,,"Serological Evaluation of Dengue Infection Using IgM ELISA in Febrile Patients Attending in Patna Medical College & Hospital, Patna",2025,International Journal of Pharmaceutical Quality Assurance
embase,,10.25258/ijpqa.16.11.80,2047629210,,,Comparative Evaluation of Rapid Diagnostic Tests and ELISA for Early Detection of Dengue in Febrile Patients,2025,International Journal of Pharmaceutical Quality Assurance
embase,,,NCT06751836,,,Advancing Pandemic Preparedness: Innovative Multidisciplinary Strategies for COMBATing Severe Dengue,2024,clinicaltrials.gov
embase,39061013,10.1186/s12879-024-09552-1,2030744501,,,"Retrospective study on the dengue fever outbreak in Puntland State, Somalia",2024,BMC Infectious Diseases
embase,39118006,10.1186/s12879-024-09527-2,2030890568,,,New biomarkers for liver involvement by dengue infection in adult Vietnamese patients: a case-control study,2024,BMC Infectious Diseases
embase,39660431,10.1002/jmv.70109,2032561896,,,Tick-Borne Encephalitis Virus Surveillance—Vaccination- and Infection-Induced Seroprevalences in Western Austria 2024,2024,Journal of Medical Virology
embase,,10.69605/ijlbpr_13.12.2024.20,2036196153,,,"Determination of NS1, IgG and IgM profile during an outbreak of Dengue at Tertiary Care Teaching Hospital, Doda, Jammu & Kashmir",2024,International Journal of Life Sciences Biotechnology and Pharma Research
embase,39513713,10.1128/jvi.01418-24,2036550413,,,"Dengue virus NS1 leads to downregulation of HNF4 alpha in liver cells resulting in a decrease in coagulation factors I, V, X, and XIII, contributing to coagulopathy",2024,Journal of Virology
embase,,10.69605/ijlbpr_13.12.2024.199,2040288867,,,A Clinico-microbiological study of dengue fever cases,2024,International Journal of Life Sciences Biotechnology and Pharma Research
embase,,,NCT06697041,,,Clinical and Laboratory Factors for the Progression of Severe Dengue Among Hospitalized Patients During an Upsurge,2024,clinicaltrials.gov
embase,39082780,10.1093/infdis/jiae384,2035726381,,,The Impact of Zika Emergence in Remote Communities in Northwestern Ecuador,2024,Journal of Infectious Diseases
embase,,10.53555/evwnvn98,2032004584,,,"DENGUE FEVER TRENDS AND CLINICAL VARIABILITY: A PROSPECTIVE OBSERVATIONAL STUDY FROM AYUB TEACHING HOSPITAL, ABBOTTABAD",2024,Journal of Population Therapeutics and Clinical Pharmacology
embase,39306188,10.1016/j.tmaid.2024.102762,2034684549,,,"Dengue fever as autochthonous infectious disease in Italy: Epidemiological, clinical and virological characteristics",2024,Travel Medicine and Infectious Disease
embase,39454515,10.1016/j.ebiom.2024.105409,2035222845,,,Yellow fever disease severity and endothelial dysfunction are associated with elevated serum levels of viral NS1 protein and syndecan-1,2024,eBioMedicine
embase,39461453,10.1016/j.tmaid.2024.102782,2035281505,,,A case report on symptomatic disease caused by serotype 4 vaccine virus following tetravalent anti-dengue vaccination,2024,Travel Medicine and Infectious Disease
embase,,10.1101/2024.09.10.24313257,2034988556,,,"Development of a cost-effective multiplex quantitative RT-PCR assay for early detection and surveillance of Dengue, Chikungunya, and co-infections from clinical samples in low-resource settings",2024,medRxiv
embase,,10.3390/pathogens13090818,2031565870,,,Performance of Fujifilm Dengue NS1 Antigen Rapid Diagnosis Kit Compared to Quantitative Real-Time Polymerase Chain Reaction,2024,Pathogens
embase,,10.22159/ijcpr.2024v16i5.5086,2035020134,,,"A STUDY OF DIAGNOSTIC APPLICABILITY OF NS1 AND IGM ELISA IN DENGUE FEVER IN A TERTIARY CARE HOSPITAL, VISAKHAPATNAM",2024,International Journal of Current Pharmaceutical Research
embase,39145933,10.1073/pnas.2403235121,2034178802,,,Zika virus NS5 protein inhibits type I interferon signaling via CRL3 E3 ubiquitin ligase-mediated degradation of STAT2,2024,Proceedings of the National Academy of Sciences of the United States of America
embase,,10.53555/jptcp.v31i8.7334,2030670578,,,A COMPARATIVE STUDY BETWEEN PRIMARY & SECONDARY DENGUE CASES IN A TERTIARY CARE HOSPITAL IN WEST BENGAL.,2024,Journal of Population Therapeutics and Clinical Pharmacology
embase,39205228,10.3390/v16081253,2031127037,,,Aedes aegypti Mosquito Probing Enhances Dengue Virus Infection of Resident Myeloid Cells in Human Skin,2024,Viruses
embase,38806045,10.4269/ajtmh.23-0549,2033350762,,,"IgG, IgM, and Nonstructural Protein 1 Response Profiles after Receipt of Tetravalent Dengue Vaccine TAK-003 in a Phase 2 Randomized Controlled Trial",2024,American Journal of Tropical Medicine and Hygiene
embase,,10.5530/pj.2024.16.149,2034296166,,,Positive NS1 Antigen in Non-Dengue Virus Infection Serum: Possible Reasons for the Discrepancy with DENV PCR Results,2024,Pharmacognosy Journal 
embase,38818789,10.1002/jmv.29689,2030048468,,,Dengue virus transmission risk in blood donation: Evidence from Thailand,2024,Journal of Medical Virology
embase,38591880,10.1128/jvi.00116-24,2032375574,,,Japanese encephalitis virus NS1 and NS1′ protein disrupts the blood-brain barrier through macrophage migration inhibitory factor-mediated autophagy,2024,Journal of Virology
embase,,10.1007/s13337-024-00867-w,649858520,,,Seroprevalence of dengue and chikungunya in tertiary care hospital in Maharashtra,2024,VirusDisease
embase,38573991,10.1371/journal.pone.0301644,2031419716,,,"Molecular identification and phylogenetic analysis of chikungunya virus among denguenegative patients in Kolkata, India",2024,PLoS ONE
embase,38483048,10.1002/jmv.29533,2028980449,,,UMP-CMP kinase 2 inhibits ZIKV replication through activation of type I IFN signaling pathway,2024,Journal of Medical Virology
embase,38411948,10.1128/jvi.01859-23,2031199094,,,Japanese encephalitis virus inhibits superinfection of Zika virus in cells by the NS2B protein,2024,Journal of Virology
embase,,10.7860/jcdr/2024/68904.19162,2031227161,,,Navigating the Haematological Maze: Unraveling the Role of NLR and PLR as Predictors of Dengue Severity- A Cross-sectional Study from Southern India,2024,Journal of Clinical and Diagnostic Research
embase,38272051,10.1016/s0140-6736(23)02803-9,2030001422,,,Dengue epidemic in Burkina Faso: how can the response improve?,2024,The Lancet
embase,38400061,10.3390/v16020286,2028663416,,,Multiplex Serology for Sensitive and Specific Flavivirus IgG Detection: Addition of Envelope Protein Domain III to NS1 Increases Sensitivity for Tick-Borne Encephalitis Virus IgG Detection,2024,Viruses
embase,37930223,10.1097/inf.0000000000004156,2029914073,,,"Frequency, Markers and Costs of Secondary Bacterial Infection in Pediatric Dengue",2024,Pediatric Infectious Disease Journal
embase,,,NCT06255509,,,"Dengue Virus Infection Amongst Patients With Acute Febrile Illness: Clinical Characteristics, Molecular and Serological Profiles for Vaccine Trial and Roll-out",2024,clinicaltrials.gov
embase,39492367,10.1016/j.ijmmb.2023.100487,2028017722,,,Rebuttal to correspondence for “Prospective study to compare results of FIA (fluorescent immunoassay) test with gold standard ELISA test in Dengue NS1 patients admitted in a tertiary care hospital”,2024,Indian Journal of Medical Microbiology
embase,,,2028261522,,,Advances in Diagnostic Technologies for Early Detection of Dengue Virus,2024,International Journal of Pharmaceutical and Clinical Research
embase,38381897,10.1590/s1678-9946202466012,2028282080,,,A spatial case-control study on symptomatic and inapparent primary dengue infections in an endemic city in Brazil,2024,Revista do Instituto de Medicina Tropical de Sao Paulo
embase,,10.5530/ijmedph.2024.1.56,2029395522,,,"SEROPREVALENCE OF DENGUE IN PATIENTS ATTENDING TERTIARY CARE HOSPITAL, NIZAMABAD, A CROSS-SECTIONAL STUDY",2024,International Journal of Medicine and Public Health
embase,,,2029435499,,,Diagnosis of Dengue by NS1 Antigen Detection and Reverse Transcriptase PCR Assay,2024,International Journal of Pharmaceutical and Clinical Research
embase,,10.2147/jmdh.s459929,2029494785,,,Aspartate Aminotransferase-to-Platelet Ratio Index (APRI) as a Novel Score in Early Detection of Complicated Dengue Fever,2024,Journal of Multidisciplinary Healthcare
embase,,10.1177/20503121241229847,2029718942,,,Neuroinvasion of emerging and re-emerging arboviruses: A scoping review,2024,SAGE Open Medicine
embase,37967518,10.3201/eid3001.231508,2030321521,,,"Autochthonous Dengue Fever in 2 Patients, Rome, Italy",2024,Emerging Infectious Diseases
embase,,,2030724646,,,Prevalence of Dengue Fever and its Seasonal Trend in Tertiary Care Hospital in Western Maharashtra,2024,International Journal of Pharmaceutical and Clinical Research
embase,,10.2147/ijgm.s475450,2030888086,,,TaqMan qPCR and IgM Detection in Samples of Patients with Tick-Borne Encephalitis Virus Infection in Northeast China,2024,International Journal of General Medicine
embase,38722305,10.1099/jmm.0.001833,2032177645,,,Dengue: A review of laboratory diagnostics in the vaccine age,2024,Journal of Medical Microbiology
embase,,,2032200104,,,Prognostic Significance of Aminotransferase Levels in Dengue: A Hospital-Based Study on AST and ALT as Markers of Disease Severity,2024,International Journal of Pharmaceutical and Clinical Research 
embase,,10.1016/j.idcr.2024.e02032,2033480375,,,"Understanding dengue outbreaks in Rajshahi district, Bangladesh: A comprehensive case study",2024,IDCases
embase,,10.48047/jcdr.2024.15.07.174,2034435586,,,Correlation of IgM seropositivity in dengue NS1Ag positive samples of patient from rural population,2024,Journal of Cardiovascular Disease Research
embase,,,2035436148,,,Dengue Virus Infection: Clinico-Epidemiological Characteristics and the Role of Serum Ferritin as a Biomarker,2024,International Journal of Toxicological and Pharmacological Research
embase,,10.36478/makrjms.2024.12.151.155,2035529671,,,Early Detection of Dengue Fever on Day One Using Clinical Criteria and NS1 Antigen Microelisa: A Comparative Study with Immunochromatography,2024,Research Journal of Medical Sciences
embase,37138273,10.1186/s12906-023-03971-4,2023065420,,,Investigation of the activity of baicalein towards Zika virus,2023,BMC Complementary Medicine and Therapies
embase,38113250,10.1371/journal.pntd.0011839,2027244171,,,Comparison of clinical and laboratory characteristics between severe and non-severe dengue in paediatrics,2023,PLoS Neglected Tropical Diseases
embase,,,643426023,,,A STUDY ON CLINICAL CHARACTERISTICS AND SHORT TERM DIVERSE OUTCOMES OF ACUTE KIDNEY INJURY DUE TO TROPICAL INFECTIOUS DISEASES IN A TERTIARY CARE CENTRE FROM SOUTH INDIA,2023,Indian Journal of Nephrology
embase,37506573,10.1016/j.phymed.2023.154977,2026017878,,,Liang-Ge-San inhibits dengue virus serotype 2 infection by reducing caveolin1-induced cytoplasmic heat shock protein 70 translocation into the plasma membrane,2023,Phytomedicine
embase,37702492,10.1128/mbio.01441-23,2028347458,,,Dengue virus NS1 secretion is regulated via importin-subunit β1 controlling expression of the chaperone GRp78 and targeted by the clinical drug ivermectin,2023,mBio
embase,,,2039491585,,,Comparison of Seroprevalence and Clinical Profile of Dengue Among Rural and Urban Populations: A Joint Study of Serology and Epidemiological Patterns,2023,International Journal of Life Sciences Biotechnology and Pharma Research
embase,,,2027216581,,,Sero-epidemiological evaluation of dengue-chikungunya coinfections: A study from capital city of Uttarakhand,2023,Journal of Pharmaceutical Sciences and Research
embase,,10.7860/jcdr/2023/63382.18343,2034905137,,,Pulmonary Manifestations of Dengue Fever at a Tertiary Care Centre in Northern India: A Cross-sectional Study,2023,Journal of Clinical and Diagnostic Research
embase,37515249,10.3390/v15071563,2024746411,,,"Antiviral Activity of an Indole-Type Compound Derived from Natural Products, Identified by Virtual Screening by Interaction on Dengue Virus NS5 Protein",2023,Viruses
embase,37515097,10.3390/v15071408,2024746418,,,"Genomic Surveillance of Recent Dengue Outbreaks in Colombo, Sri Lanka",2023,Viruses
embase,37515188,10.3390/v15071501,2024746587,,,Investigating the Mechanism of Action of Anti-Dengue Compounds as Potential Binders of Zika Virus RNA-Dependent RNA Polymerase,2023,Viruses
embase,,10.53555/jptcp.v30i17.2976,2026323106,,,STUDY OF CORRELATION OF SEROLOGICAL MARKERS OF DENGUE VIRUS INFECTION WITH PLATELET COUNT AT A TERTIARY CARE HOSPITAL OF CENTRAL INDIA,2023,Journal of Population Therapeutics and Clinical Pharmacology
embase,,10.1016/j.jcvp.2023.100144,2022777424,,,Performance evaluation of a rapid dengue NS1 antigen lateral flow immunoassay test with reference to dengue NS1 antigen-capture ELISA,2023,Journal of Clinical Virology Plus
embase,,,2024389397,,,Dengue vigilance in COVID-19 pandemic,2023,Kuwait Medical Journal
embase,,10.3390/tropicalmed8050284,2023391128,,,"Detection of Anti-ZIKV NS1 IgA, IgM, and Combined IgA/IgM and Identification of IL-4 and IL-10 as Potential Biomarkers for Early ZIKV and DENV Infections in Hyperendemic Regions, Thailand",2023,Tropical Medicine and Infectious Disease
embase,37243188,10.3390/v15051102,2023466957,,,Identification of Key Residues in Dengue Virus NS1 Protein That Are Essential for Its Secretion,2023,Viruses
embase,37230157,10.1016/j.tmaid.2023.102589,2024723098,,,Heart failure after dengue infection– a population-based self-controlled case-series study,2023,Travel Medicine and Infectious Disease
embase,,10.1101/2023.04.27.23289241,2024974534,,,Zika Virus looming epidemic in Pakistan: seroprevalence findings by plaque reduction neutralization test in the Sindh Region of Pakistan,2023,medRxiv
embase,37129496,10.1128/jvi.01770-22,2025204118,,,Intracellular Vimentin Regulates the Formation of Classical Swine Fever Virus Replication Complex through Interaction with NS5A Protein,2023,Journal of Virology
embase,37075076,10.1371/journal.ppat.1011286,2024699262,,,CMPK2 restricts Zika virus replication by inhibiting viral translation,2023,PLoS Pathogens
embase,,,646802935,,,MONITORING LEVELS OF DENGUE VIRUS 1-4 NS1 IN ACUTE PRIMARY AND SECONDARY SAMPLES USING A NEW QUANTITATIVE NS1 CAPTURE ELISA,2023,American Journal of Tropical Medicine and Hygiene
embase,,,646803118,,,LAB EVALUATION AND DEPLOYMENT OF DENGUE NS1 AND IGM/IGG RAPID DIAGNOSTIC TESTS IN AN EPIDEMIC CONTEXT IN SENEGAL,2023,American Journal of Tropical Medicine and Hygiene
embase,,,647428142,,,LONGITUDINAL ASSESSMENT OF DENGUE NS1-SPECIFIC HUMORAL IMMUNE MEMORY IN HUMAN COHORTS FOLLOWING PRIMARY DENGUE INFECTION,2023,American Journal of Tropical Medicine and Hygiene
embase,36930690,10.1371/journal.ppat.1011241,2023678990,,,Negative regulation of type I interferon signaling by integrin-linked kinase permits dengue virus replication,2023,PLoS Pathogens
embase,,10.1007/s13337-023-00811-4,641182317,,,"Spectrum of adverse maternal, fetal and neonatal outcomes following Dengue infection during pregnancy in a tertiary care hospital of north India: Evidence suggestive of Perinatal transmission",2023,VirusDisease
embase,36826051,10.3390/cimb45020106,2021753637,,,Stability of Dengue 2 Nonstructural Glycoprotein 1 (NS1) Is Affected by the Nature of Basic Residue at Position NS1-324,2023,Current Issues in Molecular Biology
embase,,10.3390/ph16020263,2021778731,,,N-Butanol Extract of Glycyrrhizae Radix et Rhizoma Inhibits Dengue Virus through Targeting Envelope Protein,2023,Pharmaceuticals
embase,36851721,10.3390/v15020507,2021861803,,,"Co-Circulation of Dengue Virus Serotypes 1, 2, and 3 during the 2022 Dengue Outbreak in Nepal: A Cross-Sectional Study",2023,Viruses
embase,36649670,10.1016/j.phymed.2023.154650,2022220729,,,Quassinoids from Eurycoma longifolia with antiviral activities by inhibiting dengue virus replication,2023,Phytomedicine
embase,,10.4103/1995-7645.368021,2023376269,,,Seroprevalence of dengue virus among adults presenting with acute febrile illness at a tertiary care hospital in South India,2023,Asian Pacific Journal of Tropical Medicine
embase,,10.3390/v15010234,2021190207,,,Association between Anti-DENV IgM Serum Prevalence and CD11b Expression by Classical Monocytes in Obesity,2023,Viruses
embase,36463933,10.1016/j.jim.2022.113396,2021909349,,,A peptide derived from the N-terminal of NS2A for the preparation of ZIKV NS2A recognition polyclonal antibody,2023,Journal of Immunological Methods
embase,36968111,10.3389/fcimb.2023.1130749,2022167123,,,Replication in the presence of dengue convalescent serum impacts Zika virus neutralization sensitivity and fitness,2023,Frontiers in Cellular and Infection Microbiology
embase,,10.3389/fmicb.2023.1107496,2022366484,,,Structural and immunological basis of cross-reactivity between dengue and Zika infections: Implications in serosurveillance in endemic regions,2023,Frontiers in Microbiology
embase,,10.1155/2023/2635383,2022438917,,,Differential Infectivity of Human Neural Cell Lines by a Dengue Virus Serotype-3 Genotype-III with a Distinct Nonstructural Protein 2A (NS2A) Amino Acid Substitution Isolated from the Cerebrospinal Fluid of a Dengue Encephalitis Patient,2023,Canadian Journal of Infectious Diseases and Medical Microbiology
embase,37180434,10.3389/fcimb.2023.1132538,2023135448,,,Drug repurposing approach against chikungunya virus: an in vitro and in silico study,2023,Frontiers in Cellular and Infection Microbiology
embase,,,2023822475,,,A Comparative Study on NS1 Antigen Detection in Acute Dengue Infection by Rapid Diagnostic Test and Elisa in a Tertiary Care Hospital,2023,International Journal of Pharmaceutical and Clinical Research
embase,,,2024163259,,,The Aspartate Aminotransferase Platelet Count Ratio Index (APRI) as an Ideal Predictor of Dengue Severity,2023,International Journal of Life Sciences Biotechnology and Pharma Research
embase,,,2025290451,,,Correlation of Liver Function Test and Severity in Dengue Patients,2023,International Journal of Pharmaceutical and Clinical Research
embase,,,2025916676,,,Comparison of Rapid Immuno- Chromatographic Card Test with Elisa in Diagnosis of Dengue Fever at Tertiary Care Centre,2023,International Journal of Pharmaceutical and Clinical Research
embase,,,2026375260,,,A Study on Seroprevalence of Dengue Virus in a Tertiary Care Hospital in North Karnataka,2023,International Journal of Pharmaceutical and Clinical Research
embase,,,2026459390,,,A Study of Hematological Parameters in Dengue Positive Cases in a Tertiary Care Hospital,2023,International Journal of Pharmaceutical and Clinical Research
embase,37927064,10.1080/21505594.2023.2279355,2026731245,,,Lambda-free light chain: A serum marker of dengue disease via NS3 protease-mediated antibody cleavage,2023,Virulence
embase,,10.59218/makijtm.2023.3.69.71,2026932386,,,Co‐Infection of Dengue and Scrub Typhus with Concurrent Lower Urinary Tract Infection: A Complex Clinical Presentation,2023,International Journal of Tropical Medicine
embase,,10.48047/jcdr.2023.14.08.39,2027288688,,,Early detection of dengue by ELISA,2023,Journal of Cardiovascular Disease Research
embase,,10.48047/jcdr.2023.14.12.62,2029029107,,,EVALUATION OF LIVER ENZYMES IN CHILDREN WITH DENGUE INFECTIONS,2023,Journal of Cardiovascular Disease Research
embase,,10.48047/jcdr.2023.14.12.192,2029350881,,,CLINICO-SEROLOGICAL ASSESSMENT OF CASES OF DENGUE INFECTION,2023,Journal of Cardiovascular Disease Research
embase,,,2033183581,,,Comparitive Analysis of Ns1 Antigen and Igm Antibody by Elisa in Clinically Suspected Dengue Fever Cases in Tertiary Care Hospital,2023,European Journal of Cardiovascular Medicine
embase,,,2033550281,,,Laboratory profile in serologically proven dengue in children,2023,European Journal of Cardiovascular Medicine
embase,,,640064863,,,DEVELOPMENT of HIGHLY SPECIFIC CAPTURE IMMUNOASSAYS for the EARLY DETECTION of ZIKA VIRUS INFECTION,2023,Biocell
embase,,10.1186/s40794-022-00169-3,2016816781,,,Dynamics of dengue and SARS-COV-2 co-infection in an endemic area of Colombia,2022,"Tropical Diseases, Travel Medicine and Vaccines"
embase,,,2016942442,,,Acute undifferentiated fever in children: Clinical and Etiological profile,2022,European Journal of Molecular and Clinical Medicine
embase,,10.22207/jpam.16.4.70,2021634197,,,Recent Advances in Methods Detecting the Dengue virus,2022,Journal of Pure and Applied Microbiology
embase,,10.1186/s12919-022-00237-8,640005028,,,Production of recombinant shark V@sub_beginNAR@sub_end single domain antibody specific against DENV Type 2 NS1,2022,BMC Proceedings
embase,,10.1093/ofid/ofac492.1004,640020759,,,Changing spectrum of aetiology of Acute Fever with Jaundice (Tropical Jaundice) in Adults presenting to Emergency Care--- A study from a Tertiary Care Hospital in North India,2022,Open Forum Infectious Diseases
embase,,10.3390/tropicalmed7110378,2021353787,,,"Arbovirus Seroprevalence Study in Bangphae District, Ratchaburi Province, Thailand: Comparison between ELISA and a Multiplex Rapid Diagnostic Test (Chembio DPP@sup_begin®@sup_end ZCD IgG)",2022,Tropical Medicine and Infectious Disease
embase,,10.3390/pharmaceutics14112439,2021950124,,,The Influence of Preforming Protein Coronas on the Performance of Dengue NS1 Immunoassays,2022,Pharmaceutics
embase,,,NCT05580731,,,Evaluation Study of Commercially Available Rapid Diagnostic Tests (RDTs) Detecting Antigen and Antibodies Against Dengue Virus,2022,clinicaltrials.gov
embase,,10.22442/jlumhs.2022.00953,2019055206,,,Acalculous Cholecystitis in Dengue,2022,Journal of the Liaquat University of Medical and Health Sciences
embase,,10.3390/pathogens11101095,2019780163,,,A Promising Tool in Serological Diagnosis: Current Research Progress of Antigenic Epitopes in Infectious Diseases,2022,Pathogens
embase,36074783,10.1371/journal.pone.0273414,2020156260,,,The characteristics of bacteremia among patients with acute febrile illness requiring hospitalization in Indonesia,2022,PLoS ONE
embase,,,639680350,,,Association between serotypes of dengue virus and viremia level with clinical presentations among dengue patients admitted to Hospital Canselor Tuanku Mukhriz (HCTM): A pilot study,2022,Medical Journal of Malaysia
embase,,,NCT05568953,,,An Experimental Medicine Decipher of a Minimum Correlate of Cellular Immunity,2022,clinicaltrials.gov
embase,36045680,10.3389/fimmu.2022.941923,2018813022,,,Antibodies against the SARS-CoV-2 S1-RBD cross-react with dengue virus and hinder dengue pathogenesis,2022,Frontiers in Immunology
embase,,10.3390/pathogens11070741,2017382959,,,Serological Evidence of Zika Virus Circulation in Burkina Faso,2022,Pathogens
embase,,10.3390/tropicalmed7060091,2017066862,,,"Continuous Circulation of Chikungunya Virus during COVID-19 Pandemic in Jambi, Sumatra, Indonesia",2022,Tropical Medicine and Infectious Disease
embase,35771876,10.1371/journal.pntd.0010537,2017534036,,,The polymorphic landscape analysis of GATA1 exons uncovered the genetic variants associated with higher thrombocytopenia in dengue patients,2022,PLoS Neglected Tropical Diseases
embase,,,2020110073,,,Elisa vs Rapid card: Comparitive evaluation for dengue diagnosis,2022,European Journal of Molecular and Clinical Medicine
embase,,,2020488965,,,Evaluation of Serum Ferritin and CRP Level in Dengue Fever & its Correlation with Thrombocytipenia in Southren Odisha,2022,European Journal of Molecular and Clinical Medicine
embase,,,2021293460,,,Comparative Analysis of Ns1 Antigen and IGM Antibody by ELISA of Clinically Suspected Dengue Fever Cases in a Tertiary Care Centre,2022,European Journal of Molecular and Clinical Medicine
embase,,10.3390/tropicalmed7050068,2016792388,,,Dengue and COVID-19: Managing Undifferentiated Febrile Illness during a “Twindemic”,2022,Tropical Medicine and Infectious Disease
embase,35507541,10.1371/journal.pntd.0010281,2016959907,,,"Simple clinical and laboratory predictors to improve empirical treatment strategies in areas of high scrub typhus and dengue endemicity, central Vietnam",2022,PLoS Neglected Tropical Diseases
embase,,10.1016/j.cca.2022.04.093,2018699401,,,"Evaluation and comparison of Dengue NS1, Chikungunya and HCV: Fluorescence immunoassay with rapid immunochromatographic test",2022,Clinica Chimica Acta
embase,,10.1111/aji.13545,638370984,,,(Gusdon Award Finalist) Discovery and characterization of a small molecule inhibitor that targets the NS2B-NS3 protease of zika virus and inhibits viral replication,2022,American Journal of Reproductive Immunology
embase,,10.1016/j.mjafi.2020.06.009,2007243996,,,Dengue infection with warning signs: The 2019 epidemic,2022,Medical Journal Armed Forces India
embase,,10.52711/0974-360x.2022.00248,2016891982,,,Comparison of Diagnostic Tests for Detection of Nonstructural-1(NS1) Antigen Dengue virus using Immunochromatography and Fluorescence Immunoassay Methods,2022,Research Journal of Pharmacy and Technology
embase,,10.7860/jcdr/2022/55640.16257,2018101428,,,"Comparison of NS1 Antigen Detection by RDT and ELISA and its Concordance with RT-PCR for the Early Diagnosis of Dengue in Ananthapuramu District, Andhra Pradesh, India",2022,Journal of Clinical and Diagnostic Research
embase,,10.1101/2022.03.16.22272491,2017611538,,,"Performance of VIDAS@sup_begin®@sup_end Diagnostic Tests for the Automated Detection of Dengue Virus NS1 Antigen and of Anti-Dengue Virus IgM and IgG Antibodies: a Multicentre, International Study",2022,medRxiv
embase,35309328,10.3389/fimmu.2022.852452,2015339789,,,Development of Novel Dengue NS1 Multiplex Lateral Flow Immunoassay to Differentiate Serotypes in Serum of Acute Phase Patients and Infected Mosquitoes,2022,Frontiers in Immunology
embase,,10.1016/j.ijid.2021.12.287,2017056165,,,Development of highly sensitive DENV NS1 antigen detection Immunoassay,2022,International Journal of Infectious Diseases
embase,,10.1016/j.ijid.2021.12.282,2017056304,,,"Detection of Dengue Virus Serotype 3 in Cajamarca, Peru: Molecular Diagnosis and Clinical Characteristics",2022,International Journal of Infectious Diseases
embase,,10.22207/jpam.16.1.42,2017144609,,,Diagnostic Efficacy of Rapid Immunochromatographic Test in Diagnosis of Dengue Infection,2022,Journal of Pure and Applied Microbiology
embase,35215929,10.3390/v14020339,2015668577,,,In Vitro Inhibition of Replication of Dengue Virus Serotypes 1–4 by siRNAs Bound to Non-Toxic Liposomes,2022,Viruses
embase,34772535,10.1016/j.ijmmb.2021.10.002,2015526231,,,"A study on viral haemorrhagic fever due to dengue, chikungunya and Crimean Congo haemorrhagic fever virus among patients attending tertiary care hospital in North East India",2022,Indian Journal of Medical Microbiology
embase,34053951,10.7883/yoken.jjid.2020.1071,2015645361,,,Characterization of Human Anti-Dengue NS1 Monoclonal Antibodies Derived from Patients Infected with DENV-2,2022,Japanese Journal of Infectious Diseases
embase,35061864,10.1371/journal.ppat.1010271,2016750880,,,"A yellow fever virus NS4B inhibitor not only suppresses viral replication, but also enhances the virus activation of RIG-I-like receptor-mediated innate immune response",2022,PLoS Pathogens
embase,36032477,10.4314/ahs.v22i1.61,2016771190,,,"Incidence of Dengue fever, serotypes, clinical features, and laboratory markers: a case study of 2019 outbreak at district Shangla, KP, Pakistan",2022,African Health Sciences
embase,,10.31838/jcdr.2022.13.01.128,2017573975,,,Study of the Clinical Profile with Special Reference to Ophthalmic Manifestations in Dengue Patients in Tertiary Care Centre of Central India,2022,Journal of Cardiovascular Disease Research
embase,,,2018971192,,,A Study to Access the Role of Serum Ferretin Levels as an Early Prognostic Marker to Predict the Severity of Dengue Viral Fever,2022,International Journal of Pharmaceutical and Clinical Research
embase,,10.1016/j.hpb.2022.05.1264,2020588228,,,Dengue Fever in Liver Transplant Recipients,2022,HPB
embase,,10.47009/jamp.2022.4.4.17,2020755541,,,"A STUDY OF NON-SPECIFIC 1 ANTIGEN AND IGM/IGG ANTIBODY IMMUNOCHROMATOGRAPHY TEST WITH ELISA FOR THE EARLY DETECTION OF DENGUE IN THE SUBURBS OF INDORE, MADHYA PRADESH",2022,International Journal of Academic Medicine and Pharmacy
embase,,10.47009/jamp.2022.4.5.43,2021623651,,,CLINICO-HAEMATOLOGICAL PROFILE AND OUTCOME OF DENGUE FEVER IN PAEDIATRIC AGE GROUP OF ORISSA - RETROSPECTIVE STUDY,2022,International Journal of Academic Medicine and Pharmacy
embase,,10.31838/jcdr.2022.13.04.130,2026638697,,,DENGUE FEVER: A PROSPECTIVE STUDY OF ITS CLINICAL AND LABORATORY FINDINGS,2022,Journal of Cardiovascular Disease Research
embase,34738789,10.1021/acsbiomaterials.1c01001,2015578267,,,Generation of Nanoyeast Single-Chain Variable Fragments as High-Avidity Biomaterials for Dengue Virus Detection,2021,ACS Biomaterials Science and Engineering
embase,33706767,10.1186/s12985-021-01522-2,2010746731,,,Assessment of dengue and COVID-19 antibody rapid diagnostic tests cross-reactivity in Indonesia,2021,Virology Journal
embase,34507547,10.1186/s12879-021-06639-x,2013668301,,,Cardiac evaluation in adults with dengue virus infection by serial echocardiography,2021,BMC Infectious Diseases
embase,31175718,10.12932/ap-031218-0452,2016735427,,,A simple approach to identify functional antibody variable genes in murine hybridoma cells that coexpress aberrant kappa light transcripts by restriction enzyme digestion,2021,Asian Pacific Journal of Allergy and Immunology
embase,34169309,10.1093/nar/gkab515,2015964877,,,High-affinity five/six-letter DNA aptamers with superior specificity enabling the detection of dengue NS1 protein variants beyond the serotype identification,2021,Nucleic Acids Research
embase,34411743,10.1016/j.meegid.2021.105036,2014169288,,,"Molecular epidemiology of dengue in North Kalimantan, a province with the highest incidence rates in Indonesia in 2019",2021,"Infection, Genetics and Evolution"
embase,34302327,10.1007/s13312-021-2329-9,2014043456,,,Comparison of Clinical Features and Outcome of Dengue Fever and Multisystem Inflammatory Syndrome in Children Associated With COVID-19 (MIS-C),2021,Indian Pediatrics
embase,34696464,10.3390/v13102034,2014096622,,,The autophagosomes containing dengue virus proteins and full-length genomic RNA are infectious,2021,Viruses
embase,34696522,10.3390/v13102092,2014301366,,,The biogenesis of dengue virus replication organelles requires the ATPase activity of valosin-containing protein,2021,Viruses
embase,,10.3390/pathogens10101324,2014346899,,,"Epidemiology and laboratory diagnostics of dengue, yellow fever, zika, and chikungunya virus infections in africa",2021,Pathogens
embase,,10.2478/abm-2021-0027,2015707085,,,"Assessing the burden of dengue among household members in Alaminos, Laguna, the Philippines: A prospective cohort study",2021,Asian Biomedicine
embase,34578370,10.3390/v13091789,2013748899,,,"Different profiles of cytokines, chemokines and coagulation mediators associated with severity in brazilian patients infected with dengue virus",2021,Viruses
embase,34555034,10.1371/journal.pntd.0009802,2014030786,,,Dengue and chikungunya virus co-infection in major metropolitan cities of provinces of punjab and khyber pakhtunkhwa: A multi-center study,2021,PLoS Neglected Tropical Diseases
embase,,10.1016/j.ijmmb.2021.08.427,2015603835,,,Association Of Levels Of Vitamin D With Severity Of Dengue Fever At A Tertiary Care Hospital In Western Uttar Pra- desh,2021,Indian Journal of Medical Microbiology
embase,,10.1016/j.ijmmb.2021.08.423,2015603848,,,Challenges in Etiology and Diagnosis of Acute Febrile Illness of Viral Etiology,2021,Indian Journal of Medical Microbiology
embase,,10.1016/j.ijmmb.2021.08.431,2015603898,,,Comparative Evalution of dengue NS1 antigen and Dengue IgM antibody by ELISA of dengue fever,2021,Indian Journal of Medical Microbiology
embase,,10.1016/j.ijmmb.2021.08.442,2015603964,,,Comparative evaluation of commercially available Dengue NS1 Antigen ELISA & Rapid diagnostic test kits to detect early Dengue viral infection.,2021,Indian Journal of Medical Microbiology
embase,,10.1016/j.ijmmb.2021.08.437,2015604032,,,Study of Dengue infection- Comparative analysis of rapid dengue testing and ELISA for NS1 Antigen and IgM antibody,2021,Indian Journal of Medical Microbiology
embase,,10.1016/j.ijmmb.2021.08.422,2015605204,,,Evaluation and retrospective study of rapid diagnostic test and ELISA for diagnosis of dengue.,2021,Indian Journal of Medical Microbiology
embase,,10.1111/tmi.13632,636199177,,,"Clinical performance evaluation of VIDAS® dengue NS1 Ag, VIDAS® Anti-DENGUE IgM and VIDAS® Anti- DENGUE IgG assays in endemic population",2021,Tropical Medicine and International Health
embase,34489923,10.3389/fimmu.2021.635701,635887554,,,"Serological Testing for COVID-19, Immunological Surveillance, and Exploration of Protective Antibodies",2021,Frontiers in Immunology
embase,33491304,10.1111/ijlh.13478,2010256728,,,High fluorescent lymphocyte cell count and scattergram patterns on the Sysmex XN series cell counters—Novel parameters in early and reliable diagnosis of dengue on a background of acute febrile illness,2021,International Journal of Laboratory Hematology
embase,,10.1186/s12919-021-00223-6,635914966,,,"Dengue outbreak investigation in East Delhi, India, 2015",2021,BMC Proceedings
embase,34324505,10.1371/journal.pntd.0009557,2013289282,,,Target product profile for a dengue prevaccination screening test,2021,PLoS Neglected Tropical Diseases
embase,,10.7860/jcdr/2021/49909.15085,2013564554,,,Co-existence of malaria and dengue: An incidental observation,2021,Journal of Clinical and Diagnostic Research
embase,33987662,10.1093/jtm/taab074,2021716535,,,Atypical imported severe primary dengue presenting with neutrophilic leukocytosis and cardiac tamponade in a young female traveler,2021,Journal of Travel Medicine
embase,34168651,10.3389/fimmu.2021.681950,635335724,,,Immunological and Pathological Landscape of Dengue Serotypes 1-4 Infections in Immune-Competent Mice,2021,Frontiers in Immunology
embase,,10.7860/jcdr/2021/49300.15065,2013375024,,,"Co-circulation of all the four serotype of dengue virus in endemic region of Saurashtra, Gujarat during 2019-2020 season",2021,Journal of Clinical and Diagnostic Research
embase,,10.22038/ijn.2020.45886.1766,2014623457,,,Acute dengue fever in a neonate secondary to perinatal transmission,2021,Iranian Journal of Neonatology
embase,33862538,10.1016/j.jcv.2021.104758,2011660482,,,"Clinical features and outcomes of neonatal dengue at the Children's Hospital 1, Ho Chi Minh, Vietnam",2021,Journal of Clinical Virology
embase,33774189,10.1016/j.ijid.2021.03.065,2011661202,,,"Outbreak of severe dengue associated with DENV-3 in the city of Manado, North Sulawesi, Indonesia",2021,International Journal of Infectious Diseases
embase,33886567,10.1371/journal.pntd.0009218,2007135149,,,The application of spectroscopy techniques for diagnosis of malaria parasites and arboviruses and surveillance of mosquito vectors: A systematic review and critical appraisal of evidence,2021,PLoS Neglected Tropical Diseases
embase,33793562,10.1371/journal.pntd.0009312,2007135164,,,Use of seroprevalence to guide dengue vaccination plans for older adults in a dengue non-endemic country,2021,PLoS Neglected Tropical Diseases
embase,34037787,10.1093/tropej/fmab006,2013608261,,,Does Malaria Co-Infection Alter the Clinical Course in Children Infected with Dengue? Analysis from 623 Indian Children Admitted with Dengue Infection,2021,Journal of Tropical Pediatrics
embase,,10.5005/jp-journals-10071-23778,634736000,,,Severe thrombocytopenia in covid-19: A conundrum in dengue-endemic areas,2021,Indian Journal of Critical Care Medicine
embase,,10.3389/fmicb.2021.654494,634683199,,,The Dual Regulation of Apoptosis by Flavivirus,2021,Frontiers in Microbiology
embase,,10.22207/jpam.15.1.04,2011340351,,,"Clinico-serological profile and geographical distribution of dengue fever from a Tertiary Care Hospital, South India",2021,Journal of Pure and Applied Microbiology
embase,33632964,10.1007/s13312-021-2147-0,2010696332,,,Prehospital Management of Children with Dengue Fever Admitted in a Tertiary-Care Center,2021,Indian Pediatrics
embase,33690206,10.3855/jidc.13370,2011340394,,,"The performance of point-of-care antibody test for COVID-19 diagnosis in a tertiary hospital in Bandung, Indonesia",2021,Journal of Infection in Developing Countries
embase,33476338,10.1371/journal.pntd.0009028,2005927856,,,"Multiplex detection of antibodies to chikungunya, o’nyong-nyong, zika, dengue, west nile and usutu viruses in diverse nonhuman primate species from cameroon and the Democratic Republic of Congo",2021,PLoS Neglected Tropical Diseases
embase,,10.3126/jnps.v41i1.29595,2007166026,,,Etiological trends and epidemiological profile of tropical fever in children presenting with acute undifferentiated fever at a tertiary care centre in north india,2021,Journal of Nepal Paediatric Society
embase,,10.3390/pathogens10060637,2007395361,,,Detection of anti-nucleocapsid antibody in covid-19 patients in bangladesh is not correlated with previous dengue infection,2021,Pathogens
embase,33075526,10.1016/j.ijid.2020.10.022,2008591845,,,"Dengue-chikungunya coinfection outbreak in children from Cali, Colombia, in 2018–2019",2021,International Journal of Infectious Diseases
embase,33642435,10.7883/yoken.jjid.2020.854,2013928244,,,Emergence of genotype i of dengue virus serotype 3 during a severe dengue epidemic in Sri Lanka in 2017,2021,Japanese Journal of Infectious Diseases
embase,,10.3126/jnps.v41i3.35384,2016390250,,,Gallbladder Wall Thickness to Predict Severe Dengue in Children,2021,Journal of Nepal Paediatric Society
embase,,10.4269/ajtmh.abstract2021,646618663,,,PEPTIDE-BASED SEROLOGIC PLATFORMS CAPABLE TO DIFFERENTIALLY IDENTIFY DENGUE AND ZIKA INFECTIONS IN AN ENDEMIC REGION,2021,American Journal of Tropical Medicine and Hygiene
embase,33317184,10.3390/biom10121652,2005574889,,,Highly sensitive detection of zika virus nonstructural protein 1 in serum samples by a two-site nanobody elisa,2020,Biomolecules
embase,33362244,10.1371/journal.pntd.0008960,2005928168,,,Assessing the risk of dengue severity using demographic information and laboratory test results with machine learning,2020,PLoS Neglected Tropical Diseases
embase,,10.7860/jcdr/2020/46354.14377,2010383126,,,Evaluation of cardiac biomarkers in dengue myocarditis in a tertiary care hospital in eastern India,2020,Journal of Clinical and Diagnostic Research
embase,,10.1016/j.ijid.2020.09.1254,2010739551,,,"Accuracy, efficacy and safety of dengue CYD-TDV pre-vaccination screening with 5 existing IgG serotests: Retrospective analysis of phase III trials",2020,International Journal of Infectious Diseases
embase,,10.1007/s12664-020-01133-9,634618168,,,Dengue fever in liver transplant recipients: Report of 2 cases,2020,Indian Journal of Gastroenterology
embase,32889395,10.1016/j.bios.2020.112513,2007653369,,,Quartz crystal microbalance-based biosensors as rapid diagnostic devices for infectious diseases,2020,Biosensors and Bioelectronics
embase,33167379,10.3390/ijms21218281,2005417281,,,A novel multiplex RT-PCR assay for simultaneous detection of dengue and chikungunya viruses,2020,International Journal of Molecular Sciences
embase,,10.1364/boe.403803,2008406583,,,Bead-based multiplex detection of dengue biomarkers in a portable imaging device,2020,Biomedical Optics Express
embase,33079056,10.3201/eid2611.201824,2008423902,,,"Chikungunya virus infection in blood donors and patients during outbreak, Mandalay, Myanmar, 2019",2020,Emerging Infectious Diseases
embase,,10.1007/s12288-020-01384-8,634127695,,,Mixed type Evan's syndrome: A case report,2020,Indian Journal of Hematology and Blood Transfusion
embase,33096849,10.3390/v12101201,2008368093,,,"Six cases of Zika/dengue coinfection in a Brazilian cohort, 2015-2019",2020,Viruses
embase,,10.31838/ijpr/2020.12.04.241,2004950715,,,"Comparative diagnostic value of anti-dengue IgG, anti-dengue IgM of two rapid tests in dengue virus infection",2020,International Journal of Pharmaceutical Research
embase,,10.31838/ijpr/2020.12.04.290,2005017461,,,"Assessment of ns1, igg and igm antibodies in suspected dengue patients",2020,International Journal of Pharmaceutical Research
embase,33001972,10.1371/journal.pntd.0008703,2005384877,,,"Complex relationships between aedes vectors, socio-economics and dengue transmission— lessons learned from a case-control study in Northeastern Thailand",2020,PLoS Neglected Tropical Diseases
embase,32720219,10.1007/s00430-020-00690-2,2005686950,,,Association of serum C-reactive protein level and polymorphisms with susceptibility to dengue infection and severe clinical outcome among eastern Indian patients,2020,Medical Microbiology and Immunology
embase,33003584,10.3390/v12101105,2008030173,,,Releasing intracellular NS1 from mosquito cells for the detection of dengue virus-infected mosquitoes,2020,Viruses
embase,,10.2217/fvl-2019-0130,633417832,,,Dengue outbreak 2018 in district Shangla KPK; Clinical features and laboratory markers of dengue virus infection,2020,Future Virology
embase,33102253,10.3389/fcimb.2020.561366,633081883,,,Role of Platelet Cytokines in Dengue Virus Infection,2020,Frontiers in Cellular and Infection Microbiology
embase,,,2023917113,,,"Seroprevalence of Dengue virus Infection in a Tertiary Care Hospital in Dahod, Gujarat",2020,European Journal of Molecular and Clinical Medicine
embase,31939058,10.1007/s12250-019-00183-4,2004058486,,,The Limitation of Rapid Tests for DENV2 Infection in Host with Unique Immune Status: Low NS1 Antigenemia and Deficient Antibody Responses,2020,Virologica Sinica
embase,32482672,10.1128/aac.00289-20,2007234123,,,Identification of Estrogen Receptor Modulators as Inhibitors of Flavivirus Infection,2020,Antimicrobial Agents and Chemotherapy
embase,32751561,10.3390/v12080829,2007310921,,,Dengue: A minireview,2020,Viruses
embase,32265161,10.1016/j.jiph.2020.03.009,2005485708,,,The aspartate aminotransferase/platelet count ratio index as a marker of dengue virus infection: Course of illness,2020,Journal of Infection and Public Health
embase,33154237,10.4103/ijmm.ijmm_20_249,633430931,,,Utility of a multiplex real-Time polymerase chain reaction for combined detection and serotyping of dengue virus in paediatric patients hospitalised with severe dengue: A report from Chennai,2020,Indian Journal of Medical Microbiology
embase,,10.1007/s42399-020-00266-4,2004850838,,,Evaluation of NS1-Detection-Based Cell Culture Method for Isolation of Dengue Viruses from Clinical Samples,2020,SN Comprehensive Clinical Medicine
embase,32357182,10.1371/journal.ppat.1008484,2006098689,,,A conformation-based intra-molecular initiation factor identified in the flavivirus RNA-dependent RNA polymerase,2020,PLoS Pathogens
embase,,,633107605,,,Nanobody LAMPoles: Novel tools for dengue virus and Zika virus diagnosis,2020,Journal of Immunology
embase,,,2004043228,,,Polyaniline based electrochemical sensor for the detection of dengue virus infection,2020,Avicenna Journal of Medical Biotechnology
embase,32272626,10.3390/cells9040899,2004158874,,,Flavivirus nonstructural protein NS5 dysregulates HSP90 to broadly inhibit JAK/STAT signaling,2020,Cells
embase,32081740,10.1016/j.antiviral.2020.104749,2005046481,,,Antiviral activity of the natural alkaloid anisomycin against dengue and Zika viruses,2020,Antiviral Research
embase,,10.1136/jim-2020-erm.56,632062718,,,A traveler's tale: Dengue fever in a traveler (3372975),2020,Journal of Investigative Medicine
embase,32126086,10.1371/journal.pntd.0008099,2004180704,,,Detection of dengue virus type 2 of Indian origin in acute febrile patients in rural Kenya,2020,PLoS Neglected Tropical Diseases
embase,32150556,10.1371/journal.pntd.0008083,2004180716,,,C19orf66 interrupts Zika virus replication by inducing lysosomal degradation of viral NS3,2020,PLoS Neglected Tropical Diseases
embase,31794781,10.1016/j.jviromet.2019.113793,2004093545,,,"The establishment and clinical evaluation of a novel, rapid, no-wash one-step immunoassay for the detection of dengue virus non-structural protein 1",2020,Journal of Virological Methods
embase,31250000,10.1093/infdis/jiz331,2017409155,,,Zika Virus Nonstructural Protein 1 Disrupts Glycosaminoglycans and Causes Permeability in Developing Human Placentas,2020,Journal of Infectious Diseases
embase,,,2004640003,,,"Clinico-laboratory profile of dengue patients at sir t. Hospital, Bhavnagar, India",2020,Acta Medica Iranica
embase,,10.3390/diagnostics10010011,630743389,,,Flavivirus cross-reactivity to dengue nonstructural protein 1 antigen detection assays,2020,Diagnostics
embase,,,637503368,,,"Molecular mechanisms that regulate flavivirus NS1 disruption of intercellular junction proteins, leading to endothelial barrier dysfunction and vascular leakage",2020,American Journal of Tropical Medicine and Hygiene
embase,,,637503648,,,Interrogating the primary dengue-specific memory B cell founder population in humans following dengue infection,2020,American Journal of Tropical Medicine and Hygiene
embase,,,637504401,,,Comparison between SD bioline dengue duo test and inbios' prototype dengue immunochromatographic tests,2020,American Journal of Tropical Medicine and Hygiene
embase,31678478,10.1016/j.antiviral.2019.104643,2003665338,,,Identification of inhibitors of dengue viral replication using replicon cells expressing secretory luciferase,2019,Antiviral Research
embase,31722678,10.1186/s12879-019-4589-8,629863575,,,Diagnostic tools used in the evaluation of acute febrile illness in South India: A scoping review,2019,BMC Infectious Diseases
embase,31365115,10.1093/trstmh/trz068,630189382,,,A review of dengue diagnostics and implications for surveillance and control,2019,Transactions of the Royal Society of Tropical Medicine and Hygiene
embase,,10.4269/ajtmh.abstract2019,630644609,,,Scrub typhus-an emerging etiology of acute fever with jaundice in adults presenting to a tertiary care hospital in North India,2019,American Journal of Tropical Medicine and Hygiene
embase,31526718,10.1016/j.ebiom.2019.09.014,2002878765,,,High levels of serum hyaluronan is an early predictor of dengue warning signs and perturbs vascular integrity,2019,EBioMedicine
embase,31445770,10.1016/j.vaccine.2019.07.083,2002653901,,,Feasibility of case-control and test-negative designs to evaluate dengue vaccine effectiveness in Malaysia,2019,Vaccine
embase,,10.1111/trf.15462,629361116,,,Dynamics of zikv seroreactivity in viremic blood donors,2019,Transfusion
embase,,10.1093/trstmh/trz090,630553343,,,"Dengue and chikungunya among febrile outpatients in Kinshasa, democratic republic of Congo: A crosssectional study",2019,Transactions of the Royal Society of Tropical Medicine and Hygiene
embase,31374094,10.1371/journal.pone.0215708,2002499096,,,Modulated Zika virus NS1 conjugate offers advantages for accurate detection of Zika virus specific antibody in double antigen binding and Ig capture enzyme immunoassays,2019,PLoS ONE
embase,31356638,10.1371/journal.ppat.1007938,2002427324,,,Endocytosis of flavivirus NS1 is required for NS1-mediated endothelial hyperpermeability and is abolished by a single N-glycosylation site mutation,2019,PLoS Pathogens
embase,,10.3390/vaccines7020055,2002384967,,,A Chimeric zika virus between viral strains MR766 and BeH819015 highlights a role for E-glycan loop in antibody-mediated virus neutralization,2019,Vaccines
embase,31335898,10.1371/journal.pone.0219474,2002411681,,,Immunoassay for serodiagnosis of Zika virus infection based on time-resolved Förster resonance energy transfer,2019,PLoS ONE
embase,,10.13181/mji.v28i2.1951,2002640117,,,Horseradish peroxidase-labeled rabbit anti-non-structural protein 1 of dengue virus-2 for the diagnosis of dengue virus infections,2019,Medical Journal of Indonesia
embase,,10.1111/vox.12792,628679887,,,Application of a zika virus serological assay to evaluate infection rates in donors following the 2016 epidemic in Puerto Rico,2019,Vox Sanguinis
embase,31043165,10.1186/s13256-019-2066-z,627416720,,,Miller Fisher syndrome developing as a parainfectious manifestation of dengue fever: A case report and review of the literature,2019,Journal of Medical Case Reports
embase,30660797,10.1016/j.ijid.2019.01.022,2001603209,,,"Dengue diagnosis in an endemic area of Peru: Clinical characteristics and positive frequencies by RT-PCR and serology for NS1, IgM, and IgG",2019,International Journal of Infectious Diseases
embase,30411369,10.1002/jmv.25356,625545104,,,"Dynamics of nonstructural glycoprotein-1 in dengue patients presenting with different clinical manifestations from 1986 to 2012 in Rio de Janeiro, Brazil",2019,Journal of Medical Virology
embase,,10.1136/bmjgh-2019-edc.153,638509719,,,"ZOONOTIC VIRAL ANTIGENS SURVEILLANCE IN HEALTHY POPULATIONS LIVING IN LAMBARÉNÉ, GABON",2019,BMJ Global Health
embase,30466902,10.1016/j.jiph.2018.10.138,2001294304,,,Dengue Outbreak in Peshawar: Clinical Features and Laboratory Markers of Dengue Virus Infection,2019,Journal of Infection and Public Health
embase,30738366,10.1016/j.jcv.2019.01.011,2001539805,,,Evaluation of a new rapid fluorescence immunoassay for the diagnosis of dengue and Zika virus infection,2019,Journal of Clinical Virology
embase,,10.1007/s13337-019-00523-8,628191366,,,Sero-prevalence of dengue fever in patients with acute febrile illness in a tertiary care hospital,2019,VirusDisease
embase,,10.1016/j.ijid.2018.11.357,2001450814,,,"Enhanced surveillance and integrated approach reduced dengue incidence, Namakkal, Tamilnadu, India, 2017",2019,International Journal of Infectious Diseases
embase,,10.1016/j.ijid.2018.11.361,2001451108,,,"Epidemiology of dengue and related entomological and environmental factors - Surat City, Gujarat, India 2011-2016",2019,International Journal of Infectious Diseases
embase,,10.7860/jcdr/2019/41343.12999,2002222935,,,Outbreak of dengue fever in bundelkhand region: A tertiary care hospital study report,2019,Journal of Clinical and Diagnostic Research
embase,31539394,10.1371/journal.pntd.0007747,2003458922,,,High specificity and sensitivity of Zika EDIIIbased ELISA diagnosis highlighted by a large human reference panel,2019,PLoS Neglected Tropical Diseases
embase,31809504,10.1371/journal.pntd.0007882,2004661610,,,"Clinical and epidemiologic characteristics associated with dengue during and outside the 2016 outbreak identified in health facility-based surveillance in Ouagadougou, Burkina Faso",2019,PLoS Neglected Tropical Diseases
embase,,10.1093/ofid/ofy352,626501653,,,"Clinical, Virologic, and Immunologic Characteristics of Zika Virus Infection in a Cohort of US Patients: Prolonged RNA Detection in Whole Blood",2019,Open Forum Infectious Diseases
embase,,10.22354/in.v23i3.790,627528302,,,Contribution of NS1 and IgM based-rapid tests to dengue diagnosis in Colombia before zika emergence,2019,Infectio
embase,,10.1016/j.bjid.2018.10.007,2001261238,,,A CONFIABILIDADE DO DIAGNÓSTICO CLÍNICO DA DENGUE EM UMA REGIÃO DE ALTA ENDEMICIDADE,2018,Brazilian Journal of Infectious Diseases
embase,,,2001739654,,,"Clinical and laboratory profile of dengue fever in khyber teaching hospital, peshawar",2018,Journal of Medical Sciences (Peshawar)
embase,30377067,10.1016/j.vaccine.2018.10.072,2001224482,,,Dengue-2 virus-like particle (VLP) based vaccine elicits the highest titers of neutralizing antibodies when produced at reduced temperature,2018,Vaccine
embase,,10.1093/ofid/ofy209.173,629389815,,,A novel prognostic gene set for the prediction of severe dengue,2018,Open Forum Infectious Diseases
embase,,10.1093/ofid/ofy210.1739,629443694,,,Rapid diagnosis and differentiation of dengue during peri-monsoon season in tropical resource limited facilities,2018,Open Forum Infectious Diseases
embase,,,NCT04048837,,,Prospective Study for the Evaluation of Dengue Prognostic Biomarkers in Singapore,2018,clinicaltrials.gov
embase,,10.7860/jcdr/2018/37333.12182,623819726,,,Production of monoclonal antibody anti-NS1 induced by Indonesian clinical isolate to detect native NS1 antigen of all DENV serotypes,2018,Journal of Clinical and Diagnostic Research
embase,,,627539511,,,"Flavivirus NS1 induces endocytosis and phosphorylation of tight and adherens junction proteins, leading to endothelial barrier dysfunction",2018,American Journal of Tropical Medicine and Hygiene
embase,,,627539982,,,Chagas disease serology and co-infections with arboviruses in southern coastal ecuador,2018,American Journal of Tropical Medicine and Hygiene
embase,,,627540405,,,Dengue virus serotype-1 circulation in nepal during 2016 outbreak,2018,American Journal of Tropical Medicine and Hygiene
embase,,,627540491,,,"Clinical features and outcome of neonatal dengue at the Children's Hospital 1, Ho Chi Minh, Vietnam",2018,American Journal of Tropical Medicine and Hygiene
embase,,,627541596,,,Validation of clinical algorithms for the diagnosis of dengue in endemic areas of Colombia,2018,American Journal of Tropical Medicine and Hygiene
embase,30150394,10.1073/pnas.1804672115,623818586,,,"Seroprevalence, risk factor, and spatial analyses of Zika virus infection after the 2016 epidemic in Managua, Nicaragua",2018,Proceedings of the National Academy of Sciences of the United States of America
embase,30246621,10.1080/20477724.2018.1516417,624005536,,,The predictive and diagnostic accuracy of vascular endothelial growth factor and pentraxin-3 in severe dengue,2018,Pathogens and Global Health
embase,30125275,10.1371/journal.pntd.0006715,624297845,,,The antiparasitic drug niclosamide inhibits dengue virus infection by interfering with endosomal acidification independent of mTOR,2018,PLoS Neglected Tropical Diseases
embase,,10.1016/j.hgmx.2016.09.011,2000939841,,,"Clinical and differential diagnosis: Dengue, chikungunya and Zika",2018,Revista Medica del Hospital General de Mexico
embase,30016319,10.1371/journal.pmed.1002613,623399859,,,Nonlinear and delayed impacts of climate on dengue risk in Barbados: A modelling study,2018,PLoS Medicine
embase,,10.7860/jcdr/2018/36112.11570,622392197,,,Co-infection of dengue and leptospirosis in patients presenting to a tertiary care hospital with acute febrile illness: A cross-sectional study,2018,Journal of Clinical and Diagnostic Research
embase,,10.1111/jvh.95_12923,622934582,,,Does hepatic involvement affect outcome in dengue Infection?,2018,Journal of Viral Hepatitis
embase,,10.3969/j.issn.1001-1978.2018.06.011,623366238,,,"Z1, a novel DENV2 NS5 RDRP small molecular inhibitor, inhibits DENV2 replication and infection",2018,Chinese Pharmacological Bulletin
embase,29514934,10.1128/jcm.00203-18,621966687,,,Potential point-of-care testing for dengue virus in the field,2018,Journal of Clinical Microbiology
embase,,,623263663,,,Validation of a fluorescent microsphere multiplex serology assay for differential diagnosis of exposure to Zika virus and other closely related arboviruses,2018,Journal of Immunology
embase,30856223,10.1371/journal.pntd.0007246,2001985534,,,Perinatal analyses of Zika- and dengue virus-specific neutralizing antibodies: A microcephaly case-control study in an area of high dengue endemicity in Brazil,2018,PLoS Neglected Tropical Diseases
embase,,10.1111/1471-0528.15132,621569909,,,Challenges in serological screening for recent Zika infections in pregnancy: Results of a hospital-based cohort in dengue-endemic Singapore,2018,BJOG: An International Journal of Obstetrics and Gynaecology
embase,29197806,10.1016/j.jpba.2017.11.064,619461761,,,Immunofluorescence–based biosensor for the determination of dengue virus NS1 in clinical samples,2018,Journal of Pharmaceutical and Biomedical Analysis
embase,,,2042922129,,,EVALUATION OF THE EARLY DIAGNOSIS OF DENGUE WITH SEROLOGICAL MARKERS AND CLINICAL FEATURES IN AN INDIAN HEALTHCARE CENTER,2018,Journal of Cardiovascular Disease Research
embase,,,2042943159,,,A study on early diagnosis of dengue by clinical features and serological markers in a tertiary care hospital,2018,Journal of Cardiovascular Disease Research
embase,,10.1097/mrm.0000000000000122,620021856,,,The role of serologic testing for Zika virus infection,2018,Reviews and Research in Medical Microbiology
embase,29329287,10.1371/journal.pntd.0006198,620499710,,,Isolation and complete genome analysis of neurotropic dengue virus serotype 3 from the cerebrospinal fluid of an encephalitis patient,2018,PLoS Neglected Tropical Diseases
embase,29845523,10.1007/978-981-10-8727-1_3,622459112,,,Reliable serological testing for the diagnosis of emerging infectious diseases,2018,Advances in Experimental Medicine and Biology
embase,,10.1039/c8nj02244e,623190546,,,Sensitive detection of dengue virus NS1 by highly stable affibody-functionalized gold nanoparticles,2018,New Journal of Chemistry
embase,,,624175519,,,Testing anti-zika virus NS1 IgA additionally to IgM increases sensitivity in acutely infected patients from regions endemic for flaviviruses,2018,Clinical Chemistry
embase,,10.26452/ijrps.v9i4.1664,624679682,,,"A study on prevalence, an association of platelet count and seasonal distribution of dengue from a tertiary care centre",2018,International Journal of Research in Pharmaceutical Sciences
embase,30068888,10.7883/yoken.jjid.2018.107,625128513,,,Single amino acid mutation in dengue virus ns4b protein has opposing effects on viral proliferation in Mammalian and mosquito cells,2018,Japanese Journal of Infectious Diseases
embase,30350764,10.4269/ajtmh.18-0441,625420134,,,Chagas disease in Southern Coastal Ecuador: Coinfections with arboviruses and a comparison of serological assays for chagas disease diagnosis,2018,American Journal of Tropical Medicine and Hygiene
embase,,,626477363,,,Zika virus laboratory diagnosis during the 2016 Jamaican epidemic,2018,West Indian Medical Journal
embase,29021087,10.1016/j.diagmicrobio.2017.08.019,618681495,,,Evaluation of OneStep Dengue NS1 RapiDip™ InstaTest and OneStep Dengue Fever IgG/IgM RapiCard™ InstaTest during the course of a dengue type 1 epidemic,2017,Diagnostic Microbiology and Infectious Disease
embase,,10.3390/antib6040014,618986988,,,Epitope sequences in dengue virus NS1 protein identified by monoclonal antibodies,2017,Antibodies
embase,,10.12659/pjr.902861,619463759,,,Ultrasound is not useful as a screening tool for dengue fever,2017,Polish Journal of Radiology
embase,,10.7860/jcdr/2017/29655.10861,619393456,,,"Role of a surveillance system in the management of an outbreak of dengue in the mid hills of Himachal Pradesh, India",2017,Journal of Clinical and Diagnostic Research
embase,,,620729898,,,A comparison of rapid and standard diagnostic assay efficacy for the detection of dengue virus,2017,American Journal of Tropical Medicine and Hygiene
embase,,,620730489,,,Distinguishing secondary dengue virus infection from zika virus infection with previous dengue by a combination of three serological tests,2017,American Journal of Tropical Medicine and Hygiene
embase,,,620730495,,,"Burden of dengue in ouagadougou, Burkina Faso",2017,American Journal of Tropical Medicine and Hygiene
embase,,,620730523,,,Development of novel serological assays to discriminate between dengue virus and zika virus antibody responses,2017,American Journal of Tropical Medicine and Hygiene
embase,,,620730635,,,The 2009 world health organization dengue classification over-estimates dengue disease severity in Sri Lanka,2017,American Journal of Tropical Medicine and Hygiene
embase,,,620730694,,,A comparison of four serological methods and two RT-PCR assays for diagnosis and surveillance of Zika,2017,American Journal of Tropical Medicine and Hygiene
embase,,,620730728,,,A novel antibody-based assay discriminates zika virus infection from other flaviviruses,2017,American Journal of Tropical Medicine and Hygiene
embase,,,620730952,,,Screening of recombinant Zika virus proteins as antigens to develop an elisa for the serodiagnosis of Zika virus infection,2017,American Journal of Tropical Medicine and Hygiene
embase,,,620731377,,,Incidence of zika virus infection and effect of pre-existing dengue virus exposure on zika virus infection and disease in a pediatric cohort in Nicaragua,2017,American Journal of Tropical Medicine and Hygiene
embase,,,620731428,,,"Estimating the underreporting of dengue cases, Araraquara, Brazil, 2015",2017,American Journal of Tropical Medicine and Hygiene
embase,28875696,10.1021/acsinfecdis.7b00110,618733798,,,Surface-Enhanced Raman Spectroscopy-Based Sandwich Immunoassays for Multiplexed Detection of Zika and Dengue Viral Biomarkers,2017,ACS Infectious Diseases
embase,28934991,10.1186/s40249-017-0352-9,618349420,,,"The dengue preface to endemic in mainland China: The historical largest outbreak by Aedes albopictus in Guangzhou, 2014",2017,Infectious Diseases of Poverty
embase,28880878,10.1371/journal.pntd.0005719,618542598,,,Rapid and accurate interpretation of dengue diagnostics in the context of dengue vaccination implementation: Viewpoints and guidelines issued from an experts group consultation,2017,PLoS Neglected Tropical Diseases
embase,28295400,10.1002/jmv.24806,615143441,,,Paper-based point-of-care testing for cost-effective diagnosis of acute flavivirus infections,2017,Journal of Medical Virology
embase,,10.1093/ofid/ofx163.698,628004110,,,Zika virus serologic diagnosis by ns1 elisa in curacao,2017,Open Forum Infectious Diseases
embase,28758625,10.1099/jgv.0.000881,618463247,,,The dengue virus non-structural protein 1 (NS1) is secreted from infected mosquito cells via a non-classical caveolin-1- dependent pathway,2017,Journal of General Virology
embase,,,NCT03206541,,,"Neurovirus Emerging in the Americas Study (NEAS): Neurologic Manifestations of the Arbovirus Dengue, Chikungunya and Zika Infections in Colombia",2017,clinicaltrials.gov
embase,28396347,10.1074/jbc.m117.775643,616721675,,,Serotype-specific interactions among functional domains of dengue virus 2 nonstructural proteins (NS) 5 and NS3 are crucial for viral RNA replication,2017,Journal of Biological Chemistry
embase,28400226,10.1016/j.peptides.2017.04.002,615375552,,,In-vitro effect of human cathelicidin antimicrobial peptide LL-37 on dengue virus type 2,2017,Peptides
embase,28518476,10.1111/vcp.12497,616338983,,,"Adult-onset, chronic, cyclic thrombocytopenia in a Rhesus macaque (Macaca mulatta) after dengue virus vaccination and viral challenge",2017,Veterinary Clinical Pathology
embase,28542603,10.1371/journal.ppat.1006411,616626120,,,A conformational switch high-throughput screening assay and allosteric inhibition of the flavivirus NS2B-NS3 protease,2017,PLoS Pathogens
embase,,,617353588,,,High specificity of human antibody response to nonstructural protein NS1 elicited by Zika virus infection,2017,Journal of Immunology
embase,,10.1111/ijlh.2017.39.issue-s2,617687200,,,High fluorescent lymphocytes (HFLC) on sysmex Xn-A useful marker for diagnosis and immunopathology of dengue,2017,International Journal of Laboratory Hematology
embase,28384260,10.1371/journal.ppat.1006257,615827212,,,DENV up-regulates the HMG-CoA reductase activity through the impairment of AMPK phosphorylation: A potential antiviral target,2017,PLoS Pathogens
embase,,,616552357,,,Indirect Immunoflourescence assay for the screening of Zika antibodies in serum and cerebrospinal fluid,2017,Neurology
embase,,,636024950,,,Neuroimaging in dengue encephalitis,2017,Annals of Indian Academy of Neurology
embase,28080958,10.2807/1560-7917.es.2017.22.1.30430,619823232,,,"Erratum: Serodiagnosis of Zika virus (ZIKV) infections by a novel NS1-based ELISA devoid of cross-reactivity with dengue virus antibodies: A multicohort study of assay performance, 2015 to 2016, (Euro Surveill,(2016) 21, 50 (30426),10.2807/1560-7917.ES.2016.21.50.30426)",2017,Eurosurveillance
embase,,,614127157,,,Utility of NS1 antigen for diagnosis of dengue virus infection,2017,Journal of Krishna Institute of Medical Sciences University
embase,,10.4269/ajtmh.16-0335,615138366,,,Imported dengue infection in a Spanish hospital with a high proportion of travelers from Africa: A 9-year retrospective study,2017,American Journal of Tropical Medicine and Hygiene
embase,,10.7727/wimj.2016.095,619228469,,,Rapid diagnosis of dengue outbreaks in resource limited facilities,2017,West Indian Medical Journal
embase,27809813,10.1186/s12879-016-1947-7,614038574,,,"Low sensitivity of the tourniquet test for differential diagnosis of dengue: An analysis of 28,000 trials in patients",2016,BMC Infectious Diseases
embase,,10.4269/ajtmh.abstract2016,619250302,,,Enhanced dengue sentinel surveillance in metropolitan Sri Lanka: 2012 to 2015,2016,American Journal of Tropical Medicine and Hygiene
embase,27737634,10.1186/s12879-016-1886-3,612833856,,,"A prospective study of the importance of enteric fever as a cause of non-malarial febrile illness in patients admitted to Chittagong Medical College Hospital, Bangladesh",2016,BMC Infectious Diseases
embase,27004990,10.1002/jmv.24533,611516083,,,"High prevalence of clinically unsuspected dengue disease among children in Ribeirao Preto city, Brazil",2016,Journal of Medical Virology
embase,26984145,10.1093/infdis/jiw107,612012356,,,Reimagining the Future of the Diagnosis of Viral Infections,2016,Journal of Infectious Diseases
embase,27622521,10.1371/journal.ppat.1005886,612522156,,,The C-terminal 18 Amino Acid Region of Dengue Virus NS5 Regulates its Subcellular Localization and Contains a Conserved Arginine Residue Essential for Infectious Virus Production,2016,PLoS Pathogens
embase,,10.1093/ofid/ofw172.485,627784469,,,"Etiology of acute febrile illness among hospitalized adults and children at a public tertiary-care center in Pune, India",2016,Open Forum Infectious Diseases
embase,27575636,10.1371/journal.ppat.1005841,611987828,,,The Dengue Virus NS5 Protein Intrudes in the Cellular Spliceosome and Modulates Splicing,2016,PLoS Pathogens
embase,27409803,10.1371/journal.pntd.0004828,611501706,,,Dengue Virus Nonstructural Protein 1 Induces Vascular Leakage through Macrophage Migration Inhibitory Factor and Autophagy,2016,PLoS Neglected Tropical Diseases
embase,,10.5958/0976-5506.2016.00159.5,611119164,,,"Seroprevalence and evaluation of rapid immunochromatographic test and ELISA for the detection of NS1 antigen, IgM and IgG antibodies for early diagnosis of dengue infection in a Tertiary care hospital, south India",2016,Indian Journal of Public Health Research and Development
embase,27384823,10.1590/0037-8682-0444-2015,611080119,,,Evaluation and optimization of SYBR green real-time reverse transcription polymerase chain reaction as a tool for diagnosis of the flavivirus genus in Brazil,2016,Revista da Sociedade Brasileira de Medicina Tropical
embase,,10.1111/jth.13325,72307902,,,Thrombocytopenia and altered coagulation as independent predictors of the etiology of acute undifferentiated febrile illness (AUFI) in adults presenting to emergency in a tertiary care hospital in North India,2016,Journal of Thrombosis and Haemostasis
embase,,10.1016/j.ijid.2016.02.393,72245346,,,Concurrent dengue and malaria coinfection: Observations from a central Mumbai hospital,2016,International Journal of Infectious Diseases
embase,,10.1016/j.ijid.2016.02.476,72245429,,,Combination of NS1 antigen ans anti-NS1 lgA assays in the diagnosis of dengue infection in Asia,2016,International Journal of Infectious Diseases
embase,26252251,10.1002/jmv.24343,605682492,,,Serum levels of IFN-β are associated with days of evolution but not with severity of dengue,2016,Journal of Medical Virology
embase,26739653,10.1016/j.actatropica.2015.12.012,607439006,,,Seroprevalence of antibodies against dengue virus among pregnant women in the Democratic Republic of Sao Tome and Principe,2016,Acta Tropica
embase,26812472,10.3201/eid2202.150495,607873463,,,"Accuracy of dengue reporting by national surveillance system, Brazil",2016,Emerging Infectious Diseases
embase,26895240,10.1371/journal.ppat.1005451,608823164,,,Dengue Virus Nonstructural Protein 5 (NS5) Assembles into a Dimer with a Unique Methyltransferase and Polymerase Interface,2016,PLoS Pathogens
embase,,,608455291,,,Concurrent infection of typhoid and dengue: A Vice-versa study at Lakhimpur,2016,International Journal of Current Pharmaceutical Review and Research
embase,,10.13040/ijpsr.0975-8232.7(4).1780-84,609614262,,,Evaluation of NS1 antigen-capture ELISA and IgM antibody capture ELISA in acute cases of dengue in rural population in a tertiary care teaching hospital in Western Uttar Pradesh India,2016,International Journal of Pharmaceutical Sciences and Research
embase,,,611301176,,,A rare manifestation of congenital dengue infection,2016,Hong Kong Journal of Paediatrics
embase,,10.1186/s40557-016-0104-5,613244005,,,"Laboratory-acquired dengue virus infection by needlestick injury: A case report, South Korea, 2014",2016,Annals of Occupational and Environmental Medicine
embase,26719940,10.3855/jidc.6422,607523014,,,Protein-protein interactions between A. aegypti midgut and dengue virus 2: Two-hybrid screens using the midgut cDNA library,2015,Journal of Infection in Developing Countries
embase,,10.7860/jcdr/2015/14285.6710,606754920,,,"Association of mean platelet volume with severity, serology & treatment outcome in dengue fever: Prognostic utility",2015,Journal of Clinical and Diagnostic Research
embase,27049702,10.1590/s0036-46652015000600005,607690588,,,"Dengue outbreak in Mato Grosso state, midwestern Brazil",2015,Revista do Instituto de Medicina Tropical de Sao Paulo
embase,,,613369065,,,NS1 capture ELISA with a serum heat denaturation step to improve test sensitivity in persons with secondary dengue virus infection,2015,American Journal of Tropical Medicine and Hygiene
embase,,,613369614,,,"Dengue vaccine initiative: Passive fever surveillance and serological survey for dengue in Ouagadougou, Burkina Faso",2015,American Journal of Tropical Medicine and Hygiene
embase,,,613369698,,,"Dengue vaccine initiative project: The seroprevalence survey and the passive surveillance for dengue in bang phae, Ratchaburi, Thailand",2015,American Journal of Tropical Medicine and Hygiene
embase,,,613370609,,,"Dengue vaccine initiative project: Burden of dengue fever in children and adults of Piedecuesta-Santander, Colombia",2015,American Journal of Tropical Medicine and Hygiene
embase,26086983,10.1016/j.jviromet.2015.06.006,604957392,,,Development and characterization of polyclonal peptide antibodies for the detection of Yellow fever virus proteins,2015,Journal of Virological Methods
embase,26327586,10.1371/journal.pntd.0004044,606211389,,,Analysis of Dengue Virus Genetic Diversity during Human and Mosquito Infection Reveals Genetic Constraints,2015,PLoS Neglected Tropical Diseases
embase,,10.1111/tmi.12575,72054527,,,Enhanced dengue sentinel surveillance in Sri Lanka,2015,Tropical Medicine and International Health
embase,,10.1111/tmi.12574,72055180,,,Laboratory-acquired Dengue virus infection by needle stick injury - South Korea 2014,2015,Tropical Medicine and International Health
embase,25869657,10.1016/j.jviromet.2015.04.004,603788428,,,Production and characterization of monospecific and bispecific antibodies against dengue virus NS1 protein,2015,Journal of Virological Methods
embase,,10.1515/cclm-2015-5033,71911626,,,"Novel anti-dengue NS1 synthetic FAB fragments, tools for dengue diagnostic tests",2015,Clinical Chemistry and Laboratory Medicine
embase,,,71962927,,,Dengue virus non-structural protein 1 induces vascular leakage through macrophage migration inhibitory factor secretion and glycocalyx degradation,2015,Haematologica
embase,,,NCT02435615,,,Diagnosing Dengue: Evaluating the Utility of Oral Fluid for Dengue Diagnosis,2015,clinicaltrials.gov
embase,,10.1016/j.trac.2015.01.005,602490775,,,An introduction to dengue-disease diagnostics,2015,TrAC - Trends in Analytical Chemistry
embase,,10.1016/j.ijt.2015.09.011,646424848,,,Severe dengue in a living related donor renal allograft recipient,2015,Indian Journal of Transplantation
embase,25614455,10.1016/j.antiviral.2015.01.002,601974007,,,Characterization of the activity of 2′-C-methylcytidine against dengue virus replication,2015,Antiviral Research
embase,25815877,10.4103/0972-9062.154182,603503497,,,Rapid diagnosis of dengue infection in acute phase,2015,Journal of Vector Borne Diseases
embase,25775415,10.1371/journal.ppat.1004682,603612695,,,A Crystal Structure of the Dengue Virus NS5 Protein Reveals a Novel Inter-domain Interface Essential for Protein Flexibility and Virus Replication,2015,PLoS Pathogens
embase,26226614,10.1371/journal.ppat.1005053,605567890,,,Activation of TLR2 and TLR6 by Dengue NS1 Protein and Its Implications in the Immunopathogenesis of Dengue Virus Infection,2015,PLoS Pathogens
embase,26295474,10.1371/journal.pntd.0004010,605833650,,,"Epidemiological and molecular characterization of dengue virus circulating in Bhutan, 2013-2014",2015,PLoS Neglected Tropical Diseases
embase,26720415,10.1371/journal.ppat.1005345,607577469,,,Live Cell Analysis and Mathematical Modeling Identify Determinants of Attenuation of Dengue Virus 2’-O-Methylation Mutant,2015,PLoS Pathogens
embase,,10.1371/journal.pntd.0003416,603940771,,,Universal Single-Probe RT-PCR Assay for Diagnosis of Dengue Virus Infections,2014,PLoS Neglected Tropical Diseases
embase,,,71692055,,,Virological test algorithm for dengue cases-observations from a phase 2 Latin American dengue vaccine trial,2014,American Journal of Tropical Medicine and Hygiene
embase,,,71692058,,,Multicenter clinical evaluation of two Elisa and two rapid format assays for diagnosing dengue,2014,American Journal of Tropical Medicine and Hygiene
embase,,,71692606,,,"Use of a household sero survey to estimate the magnitude of a dengue outbreak in Mombasa, Kenya, 2013",2014,American Journal of Tropical Medicine and Hygiene
embase,,,71692607,,,Development of a NS1AG-elisa for the detection of all dengue 1 to 4 types,2014,American Journal of Tropical Medicine and Hygiene
embase,,,71692634,,,Evaluation of two parameters for dengue diagnosis in Honduran patients,2014,American Journal of Tropical Medicine and Hygiene
embase,,,71644542,,,Serological profile among patients with malaria in secondary community hospitals in India - A multicenter cross sectional study,2014,Malaria Journal
embase,24904061,10.1074/jbc.m114.584466,373743567,,,Substitution of NS5 N-terminal domain of dengue virus type 2 RNA with type 4 domain caused impaired replication and emergence of adaptive mutants with enhanced fitness,2014,Journal of Biological Chemistry
embase,,10.1002/14651858.cd011155,622516382,,,NS1 antigen detecting assays for diagnosing acute dengue infection in people living in or returning from endemic countries,2014,Cochrane Database of Systematic Reviews
embase,,10.1111/vox.12155,71501282,,,Amotosalen and ultraviolet a illumination inactivation of dengue virus in plasma,2014,Vox Sanguinis
embase,,,NCT02107677,,,Determination of Estimated Specificity of DENV Detect NS1 ELISAs,2014,clinicaltrials.gov
embase,,10.1016/j.ijid.2014.03.1348,71634682,,,Performance and cost-effectiveness of immunochromatography based rapid diagnostic test (RDT) kits in diagnosis of dengue infection in resource limited set up,2014,International Journal of Infectious Diseases
embase,24643062,10.1371/journal.pone.0090704,372836602,,,Caveolin-1 in lipid rafts interacts with dengue virus NS3 during polyprotein processing and replication in HMEC-1 cells,2014,PLoS ONE
embase,,,372479430,,,Association DENV1 and DENV2 infection with high serum levels of soluble thrombomodulin and VEGF in patients with dengue fever and dengue hemorrhagic fever,2014,International Journal of Clinical and Experimental Medicine
embase,,,NCT02059122,,,Determination of Estimated Sensitivity for Dengue NS1 ELISAs,2014,clinicaltrials.gov
embase,,10.1016/s2222-1808(14)60588-0,372977459,,,"The 2011 outbreak of dengue virus infection in Malwa region of Punjab, India-an evaluation of various diagnostic tests",2014,Asian Pacific Journal of Tropical Disease
embase,,10.1016/j.trivac.2014.07.002,373715943,,,Virological confirmation of suspected dengue in a Phase 2 Latin American vaccine trial: Implications for vaccine efficacy evaluation,2014,Trials in Vaccinology
embase,24696345,10.1007/978-1-4939-0348-1_19,603614037,,,Investigating dengue virus nonstructural protein 5 (NS5) nuclear import,2014,Methods in Molecular Biology
embase,23828316,10.1007/s10544-013-9787-3,52666115,,,Micro-spot with integrated pillars (MSIP) for detection of dengue virus NS1,2013,Biomedical Microdevices
embase,,,71311947,,,Significant increased NS1 elisa sensitivity due to immune-complex dissociation in dengue virus type 4 cases in Brazil,2013,American Journal of Tropical Medicine and Hygiene
embase,,,71311952,,,"Evaluation of a dengue rapid diagnostic test used during a dengue outbreak-republic of the Marshall Islands, 2011-2012",2013,American Journal of Tropical Medicine and Hygiene
embase,,,71312422,,,"The dengue vaccine initiative project: Passive facility-based fever surveillance in children and adults of santa cruz comuna of medellin, Colombia, and bang phae district of ratchaburi province, Thailand",2013,American Journal of Tropical Medicine and Hygiene
embase,,,71312430,,,Detection of ns1 protein in acute phase serum samples is not enough to make the diagnosis of dengue-4 infections in Brazil,2013,American Journal of Tropical Medicine and Hygiene
embase,,,71312445,,,Evaluation of the clinical and laboratory diagnosis in patients with suspected dengue,2013,American Journal of Tropical Medicine and Hygiene
embase,,10.2147/imcrj.s50708,370198766,,,Dengue fever triggering systemic lupus erythematosus and lupus nephritis: A case report,2013,International Medical Case Reports Journal
embase,,10.1186/1423-0127-20-65,52770063,,,Dengue virus infection induces autophagy: An in vivo study,2013,Journal of Biomedical Science
embase,23740481,10.1099/vir.0.054395-0,369588534,,,An interaction between the methyltransferase and RNA dependent RNA polymerase domains of the West Nile virus NS5 protein,2013,Journal of General Virology
embase,,10.1016/j.mjafi.2012.07.017,52330885,,,Reverse transcription loop-mediated isothermal amplification (RT-LAMP) for diagnosis of dengue,2013,Medical Journal Armed Forces India
embase,23853584,10.1371/journal.ppat.1003440,369919418,,,The Interactomes of Influenza Virus NS1 and NS2 Proteins Identify New Host Factors and Provide Insights for ADAR1 Playing a Supportive Role in Virus Replication,2013,PLoS Pathogens
embase,,10.1007/s13337-013-0132-5,71064496,,,Early diagnosis of dengue by combining the use of NS-1 antigen and IGM antibody elisa,2013,Indian Journal of Virology
embase,,10.1136/archdischild-2013-304107.128,71211235,,,Profile of dengue viral infection among children treated in a community hospital over one year and comparison of efficacy of ns1 antigen assay with mac-elisa for diagnosis of dengue,2013,Archives of Disease in Childhood: Education and Practice Edition
embase,23555265,10.1371/journal.ppat.1003265,368694510,,,Dengue Virus Co-opts UBR4 to Degrade STAT2 and Antagonize Type I Interferon Signaling,2013,PLoS Pathogens
embase,23516407,10.1371/journal.pone.0057514,368535156,,,Mapping the Interactions of Dengue Virus NS1 Protein with Human Liver Proteins Using a Yeast Two-Hybrid System: Identification of C1q as an Interacting Partner,2013,PLoS ONE
embase,,10.1016/j.jopr.2013.05.013,369642685,,,Development of an ultrasensitive hetero-sandwich ELISA assay based on bispecific monoclonal antibody for the detection of dengue NS1 protein,2013,Journal of Pharmacy Research
embase,23880886,10.4161/hv.25673,370248736,,,DENV-2 subunit proteins fused to CR2 receptor-binding domain (P28)-induces specific and neutralizing antibodies to the Dengue virus in mice,2013,Human Vaccines and Immunotherapeutics
embase,23036176,10.1016/j.tvjl.2012.08.019,52236869,,,Review of diagnostic plaque reduction neutralization tests for flavivirus infection,2013,Veterinary Journal
embase,,10.4081/ni.2012.e15,366164906,,,Dengue: A new challenge,2012,Neurology International
embase,23100478,10.1128/cvi.00535-12,366179139,,,"Low sensitivity of NS1 protein tests evidenced during a dengue type 2 virus outbreak in Santos, Brazil, in 2010",2012,Clinical and Vaccine Immunology
embase,23301110,10.1371/journal.pntd.0001993,368067391,,,"Field Evaluation and Impact on Clinical Management of a Rapid Diagnostic Kit That Detects Dengue NS1, IgM and IgG",2012,PLoS Neglected Tropical Diseases
embase,22940425,10.1016/j.antiviral.2012.08.006,52262961,,,"Fluorescent primuline derivatives inhibit hepatitis C virus NS3-catalyzed RNA unwinding, peptide hydrolysis and viral replicase formation",2012,Antiviral Research
embase,,,71041265,,,"Use of commercial elisa kits in determining the presence of dengue virus nonstructural protein (NS1), anti-dengue IGG and anti-dengue IGM in human serum samples supporting dengue vaccine development",2012,American Journal of Tropical Medicine and Hygiene
embase,,,71041712,,,Challenges to dengue reporting and surveillance in trinidad and tobago: Laboratory diagnostics in the absence of sufficient clinical data,2012,American Journal of Tropical Medicine and Hygiene
embase,,10.1111/imm.12002,70946325,,,CD4@sup_begin+@sup_end T and B cell antigenic determinants are aligned in secondary dengue infections,2012,Immunology
embase,,10.1111/j.1423-0410.2012.01615-2.x,71016235,,,Comparing the yield of dengue viremic blood donations using NS1 antigen (AG) and nucleic acid testing (NAT),2012,Vox Sanguinis
embase,,10.1111/j.1751-553x.2012.01436.x,70868267,,,Pseudobasophilia on the sysmex-xe 2100: A useful screening tool for primary dengue infection in endemic areas.,2012,International Journal of Laboratory Hematology
embase,,10.1016/j.ijid.2012.05.984,70869173,,,Antibody persistence and safety 3 years after CYD tetravalent dengue vaccination: Follow-up results from a phase I trial in the Philippines,2012,International Journal of Infectious Diseases
embase,,10.1016/j.ijid.2012.05.522,70869375,,,Diagnosis of dengue virus infection with IgA anti Dengue rapid tests,2012,International Journal of Infectious Diseases
embase,,10.1016/j.ijid.2012.05.534,70869387,,,Generation of anti-dengue nonstructural protein 1monoclonal antibodies for early and rapid detection of dengue virus infection,2012,International Journal of Infectious Diseases
embase,,10.1016/j.ijid.2012.05.544,70869397,,,Comparative evaluation of dengue NS1 antigen detection assay and Indirect Fluorescent-Antibody (IFA) test for detection of dengue virus in C6/36 cell line,2012,International Journal of Infectious Diseases
embase,22570528,10.1155/2012/379738,364815133,,,Approaches for the development of rapid serological assays for surveillance and diagnosis of infections caused by zoonotic flaviviruses of the japanese encephalitis virus serocomplex,2012,Journal of Biomedicine and Biotechnology
embase,22499428,10.1590/s0036-46652012000200012,364626290,,,"Apropos ""Evaluation of dengue NS1 antigen detection for diagnosis in public health laboratories, São Paulo State, 2009""",2012,Revista do Instituto de Medicina Tropical de Sao Paulo
embase,,,70678341,,,Clinico-serological co-relation in clinically suspected cases of dengue fever,2012,Australasian Medical Journal
embase,,10.2217/fvl.11.129,364001281,,,The importance of accurate diagnosis of dengue fever,2012,Future Virology
embase,,10.4103/0976-3147.91928,364166410,,,Acute neuromuscular weakness associated with dengue infection,2012,Journal of Neurosciences in Rural Practice
embase,,10.1111/j.1423-0410.2011.01546.x,70591687,,,Dengue fever viral exposure rates among australian blood donors during local outbreaks,2011,Vox Sanguinis
embase,,,71043147,,,Permissiveness of bone marrow progenitor cells for dengue virus infection,2011,American Journal of Tropical Medicine and Hygiene
embase,,,71043490,,,Rapid diagnosis of dengue in a hospital-based cohort,2011,American Journal of Tropical Medicine and Hygiene
embase,,,71043503,,,Evaluation of commercially available dengue diagnostic tests: NS1 and IGM rapid tests and NS1 ELISAs,2011,American Journal of Tropical Medicine and Hygiene
embase,,,70771644,,,"Discriminant value of volume, conductivity and scatter properties of leucocytes (VCS technology) for rapid and reliable diagnosis of malaria and dengue fever",2011,Blood
embase,,,70589602,,,Dengue fever imported to the Czech Republic: Characterization of cases and evaluation of diagnostic methods,2011,Tropical Medicine and International Health
embase,21575706,10.1016/j.micpath.2011.04.011,51440800,,,Subcellular localizations and time-course expression of dengue envelope and non-structural 1 proteins in human endothelial cells,2011,Microbial Pathogenesis
embase,21700306,10.1016/j.virol.2011.06.002,51488130,,,Use of a tandem affinity purification assay to detect interactions between West Nile and dengue viral proteins and proteins of the mosquito vector,2011,Virology
embase,21519138,,361702311,,,"Evaluation of nonstructural 1 protein rapid test for dengue virus at the Narita Airport Quarantine Station, Japan",2011,Japanese Journal of Infectious Diseases
embase,,,361961820,,,Dengue duo rapid test: A valuable screening test for dengue outbreak,2011,Journal of Pure and Applied Microbiology
embase,21241843,10.1016/j.aca.2010.12.011,51209711,,,Biosensors and rapid diagnostic tests on the frontier between analytical and clinical chemistry for biomolecular diagnosis of dengue disease: A review,2011,Analytica Chimica Acta
embase,,,71500372,,,Variation of dengue NS1 antigen measured by commercial ELISA kit in various forms of dengue infections and assessment of the association between NS1 antigen level and disease severity,2011,BMC Proceedings
embase,,,71500440,,,The viral agents of Acute Encephalitis Sydrome in Ben Tre province 2008-2010,2011,BMC Proceedings
embase,21788719,10.7883/yoken.jjid.2011.4243,362255231,,,"Apropos ""Evaluation of Nonstructural 1 Protein Rapid Test for Dengue Virus at the Narita Airport Quarantine Station, Japan """,2011,Japanese Journal of Infectious Diseases
embase,21115848,10.1128/jcm.01668-10,360139929,,,Nonstructural protein NS1: Giving a new structure to dengue diagnosis,2010,Journal of Clinical Microbiology
embase,,,70442100,,,Evaluation of a rapid assay for detection of dengue early marker nonstructural protein 1 (NS1),2010,American Journal of Tropical Medicine and Hygiene
embase,,10.1186/1742-4690-7-s1-p185,70261899,,,"Comparison of a novel real-time RT-PCR, NS1 antigen detection and serology in early diagnosis of dengue in travelers",2010,Retrovirology
embase,,10.1111/j.1537-2995.2010.02833-1.x,70287960,,,Investigational dengue virus blood donor screening in Puerto Rico with an NSI antigen test,2010,Transfusion
embase,,10.1016/j.ijid.2010.02.1588,70125167,,,Utility of dengue antigen-capture ELISA in the diagnosis of dengue Fever in the real world,2010,International Journal of Infectious Diseases
embase,,10.1016/j.ijid.2010.02.422,70125869,,,Detection and differentiation of Dengue infections with highly sensitive real-time PCRs,2010,International Journal of Infectious Diseases
embase,20184855,,358843995,,,"A case of dengue type 3 virus infection imported from Africa to Italy, October 2009",2010,Eurosurveillance
embase,20929654,,359815639,,,"Dengue virus infection in travellers returning from Benin to France, july - august, 2010",2010,Eurosurveillance
embase,,,70336576,,,Evaluation of an Improved ELISA for Detection of Dengue NS1,2009,American Journal of Tropical Medicine and Hygiene
embase,,10.1111/j.1365-3156.2009.02353.x,70252693,,,Comparison of a NS1 capture enzyme-linked immunosorbent assay with Conventional and Real time PCR for diagnosis of primary and secundary acute dengue virus infection,2009,Tropical Medicine and International Health
embase,,10.1111/j.1365-3156.2009.02354-3.x,70253139,,,Microbiological analysis of travellers with febrile illness returning to the Netherlands,2009,Tropical Medicine and International Health
embase,,,NCT00946218,,,Diagnosis and Characterization of Dengue Fever in Children,2009,clinicaltrials.gov
embase,18796718,10.1099/vir.0.83620-0,352693812,,,Association of dengue virus NS1 protein with lipid rafts,2008,Journal of General Virology
embase,,,355310789,,,Appropriate laboratory tests for the diagnosis of dengue infection at a general hospital in Southern Thailand,2008,Asian Biomedicine
embase,18582213,10.1089/hyb.2008.0001,354034450,,,Production and characterization of monoclonal antibody specific to recombinant dengue multi-epitope protein,2008,Hybridoma
embase,18205232,10.1002/jmv.21091,351206907,,,Defining the levels of secreted non-structural protein NS1 after West Nile virus infection in cell culture and mice,2008,Journal of Medical Virology
embase,17676230,,352525115,,,Laboratory diagnosis in suspected cases of dengue,2007,Saudi Medical Journal
embase,17356302,10.1159/000100567,46597287,,,Susceptibility of mouse macrophage J774 to dengue virus infection,2007,Intervirology
embase,17065431,10.2353/jmoldx.2006.060019,44774161,,,A prospective clinical study on the use of reverse transcription-polymerase chain reaction for the early diagnosis of dengue fever,2006,Journal of Molecular Diagnostics
embase,,,46035066,,,Antigen capture enzyme-linked immunosorbent assay for specific detection of dengue virus serotype 1 non-structural protein,2006,Chinese Journal of Microbiology and Immunology
embase,,,40711256,,,"Current status of dengue diagnosis at the center for disease control, Taiwan",2004,@hit_startDengue@hit_end Bulletin
embase,,10.1016/s0003-2670(02)01529-5,36173917,,,Development of immunochips for the detection of dengue viral antigens,2003,Analytica Chimica Acta
embase,11574589,10.1128/jcm.39.10.3672-3677.2001,32954518,,,Flow cytometry compared with indirect immunofluorescence for rapid detection of dengue virus type 1 after amplification in tissue culture,2001,Journal of Clinical Microbiology
embase,8389081,10.1006/viro.1993.1318,23192874,,,The effects of site-directed mutagenesis on the dimerization and secretion of the NS1 protein specified by dengue virus,1993,Virology
embase,2143542,10.1128/jvi.64.9.4356-4363.1990,20279846,,,Immunization of mice with recombinant vaccinia virus expressing authentic dengue virus nonstructural protein NS1 protects against lethal dengue virus encephalitis,1990,Journal of Virology
